crash_date,crash_time,on_street_name,off_street_name,number_of_persons_injured,number_of_persons_killed,number_of_pedestrians_injured,number_of_pedestrians_killed,number_of_cyclist_injured,number_of_cyclist_killed,number_of_motorist_injured,number_of_motorist_killed,contributing_factor_vehicle_1,contributing_factor_vehicle_2,collision_id,vehicle_type_code1,vehicle_type_code2,borough,zip_code,latitude,longitude,location,contributing_factor_vehicle_3,vehicle_type_code_3,cross_street_name,contributing_factor_vehicle_4,vehicle_type_code_4,contributing_factor_vehicle_5,vehicle_type_code_5,unique_id,crash_date_veh,crash_time_veh,vehicle_id,state_registration,vehicle_type,contributing_factor_1,vehicle_make,vehicle_year,travel_direction,vehicle_occupants,driver_sex,driver_license_status,driver_license_jurisdiction,pre_crash,point_of_impact,vehicle_damage,public_property_damage,contributing_factor_2,vehicle_damage_1,vehicle_damage_2,vehicle_damage_3,vehicle_model,public_property_damage_type,unique_id_pers,crash_date_pers,crash_time_pers,person_id,person_type,person_injury,vehicle_id_pers,ped_role,person_sex,person_age,ejection,emotional_status,bodily_injury,position_in_vehicle,safety_equipment,complaint,ped_location,ped_action,contributing_factor_1_pers,contributing_factor_2_pers,injury_occurred,crash_hour,day_of_week,month,rush_hour,is_weekend
2021-09-11,1900-01-01 02:39:00,WHITESTONE EXPRESSWAY,20 AVENUE,2,0,0,0,0,0,2,0,Aggressive Driving/Road Rage,Unspecified,4455765,Sedan,Sedan,Unknown,0.0,0.0,0.0,Unknown,Unknown,Unknown,Unknown,Unknown,Unknown,Unknown,Unknown,0.0,0.0,0.0,0.0,0.0,0.0,0.0,0.0,0.0,0.0,0.0,0.0,0.0,0.0,0.0,0.0,0.0,0.0,0.0,0.0,0.0,0.0,0.0,0.0,0.0,0.0,0.0,0.0,0.0,0.0,0.0,0.0,0.0,0.0,0.0,0.0,0.0,0.0,0.0,0.0,0.0,0.0,0.0,0.0,1,2,Saturday,9,0,1
2022-03-26,1900-01-01 11:45:00,QUEENSBORO BRIDGE UPPER,Unknown,1,0,0,0,0,0,1,0,Pavement Slippery,Unknown,4513547,Sedan,Unknown,Unknown,0.0,0.0,0.0,Unknown,Unknown,Unknown,Unknown,Unknown,Unknown,Unknown,Unknown,0.0,0.0,0.0,0.0,0.0,0.0,0.0,0.0,0.0,0.0,0.0,0.0,0.0,0.0,0.0,0.0,0.0,0.0,0.0,0.0,0.0,0.0,0.0,0.0,0.0,0.0,0.0,0.0,0.0,0.0,0.0,0.0,0.0,0.0,0.0,0.0,0.0,0.0,0.0,0.0,0.0,0.0,0.0,0.0,1,11,Saturday,3,0,1
2023-11-01,1900-01-01 01:29:00,OCEAN PARKWAY,AVENUE K,1,0,0,0,0,0,1,0,Unspecified,Unspecified,4675373,Moped,Sedan,BROOKLYN,11230.0,40.62179,-73.970024,"{'latitude': '40.62179', 'longitude': '-73.970024', 'human_address': '{""address"": """", ""city"": """", ""state"": """", ""zip"": """"}'}",Unspecified,Sedan,Unknown,Unknown,Unknown,Unknown,Unknown,0.0,0.0,0.0,0.0,0.0,0.0,0.0,0.0,0.0,0.0,0.0,0.0,0.0,0.0,0.0,0.0,0.0,0.0,0.0,0.0,0.0,0.0,0.0,0.0,0.0,0.0,0.0,0.0,0.0,0.0,0.0,0.0,0.0,0.0,0.0,0.0,0.0,0.0,0.0,0.0,0.0,0.0,0.0,0.0,1,1,Wednesday,11,0,0
2022-06-29,1900-01-01 06:55:00,THROGS NECK BRIDGE,Unknown,0,0,0,0,0,0,0,0,Following Too Closely,Unspecified,4541903,Sedan,Pick-up Truck,Unknown,0.0,0.0,0.0,Unknown,Unknown,Unknown,Unknown,Unknown,Unknown,Unknown,Unknown,0.0,0.0,0.0,0.0,0.0,0.0,0.0,0.0,0.0,0.0,0.0,0.0,0.0,0.0,0.0,0.0,0.0,0.0,0.0,0.0,0.0,0.0,0.0,0.0,0.0,0.0,0.0,0.0,0.0,0.0,0.0,0.0,0.0,0.0,0.0,0.0,0.0,0.0,0.0,0.0,0.0,0.0,0.0,0.0,0,6,Wednesday,6,0,0
2022-09-21,1900-01-01 13:21:00,BROOKLYN BRIDGE,Unknown,0,0,0,0,0,0,0,0,Passing Too Closely,Unspecified,4566131,Station Wagon/Sport Utility Vehicle,Unknown,Unknown,0.0,0.0,0.0,Unknown,Unknown,Unknown,Unknown,Unknown,Unknown,Unknown,Unknown,0.0,0.0,0.0,0.0,0.0,0.0,0.0,0.0,0.0,0.0,0.0,0.0,0.0,0.0,0.0,0.0,0.0,0.0,0.0,0.0,0.0,0.0,0.0,0.0,0.0,0.0,0.0,0.0,0.0,0.0,0.0,0.0,0.0,0.0,0.0,0.0,0.0,0.0,0.0,0.0,0.0,0.0,0.0,0.0,0,13,Wednesday,9,0,0
2023-04-26,1900-01-01 13:30:00,WEST 54 STREET,Unknown,0,0,0,0,0,0,0,0,Unspecified,Unspecified,4623759,Sedan,Box Truck,Unknown,0.0,0.0,0.0,Unknown,Unknown,Unknown,Unknown,Unknown,Unknown,Unknown,Unknown,0.0,0.0,0.0,0.0,0.0,0.0,0.0,0.0,0.0,0.0,0.0,0.0,0.0,0.0,0.0,0.0,0.0,0.0,0.0,0.0,0.0,0.0,0.0,0.0,0.0,0.0,0.0,0.0,0.0,0.0,0.0,0.0,0.0,0.0,0.0,0.0,0.0,0.0,0.0,0.0,0.0,0.0,0.0,0.0,0,13,Wednesday,4,0,0
2023-11-01,1900-01-01 07:12:00,HUTCHINSON RIVER PARKWAY,Unknown,0,0,0,0,0,0,0,0,Following Too Closely,Driver Inattention/Distraction,4675709,Sedan,Station Wagon/Sport Utility Vehicle,Unknown,0.0,0.0,0.0,Unknown,Unknown,Unknown,Unknown,Unknown,Unknown,Unknown,Unknown,0.0,0.0,0.0,0.0,0.0,0.0,0.0,0.0,0.0,0.0,0.0,0.0,0.0,0.0,0.0,0.0,0.0,0.0,0.0,0.0,0.0,0.0,0.0,0.0,0.0,0.0,0.0,0.0,0.0,0.0,0.0,0.0,0.0,0.0,0.0,0.0,0.0,0.0,0.0,0.0,0.0,0.0,0.0,0.0,0,7,Wednesday,11,1,0
2023-11-01,1900-01-01 08:01:00,WEST 35 STREET,HENRY HUDSON RIVER,0,0,0,0,0,0,0,0,Failure to Yield Right-of-Way,Unknown,4675769,Sedan,Unknown,Unknown,0.0,0.0,0.0,Unknown,Unknown,Unknown,Unknown,Unknown,Unknown,Unknown,Unknown,0.0,0.0,0.0,0.0,0.0,0.0,0.0,0.0,0.0,0.0,0.0,0.0,0.0,0.0,0.0,0.0,0.0,0.0,0.0,0.0,0.0,0.0,0.0,0.0,0.0,0.0,0.0,0.0,0.0,0.0,0.0,0.0,0.0,0.0,0.0,0.0,0.0,0.0,0.0,0.0,0.0,0.0,0.0,0.0,0,8,Wednesday,11,1,0
2023-04-26,1900-01-01 22:20:00,Unknown,Unknown,0,0,0,0,0,0,0,0,Unspecified,Unknown,4623865,Sedan,Pick-up Truck,Unknown,0.0,0.0,0.0,Unknown,Unknown,Unknown,61        Ed Koch queensborough bridge,Unknown,Unknown,Unknown,Unknown,0.0,0.0,0.0,0.0,0.0,0.0,0.0,0.0,0.0,0.0,0.0,0.0,0.0,0.0,0.0,0.0,0.0,0.0,0.0,0.0,0.0,0.0,0.0,0.0,0.0,0.0,0.0,0.0,0.0,0.0,0.0,0.0,0.0,0.0,0.0,0.0,0.0,0.0,0.0,0.0,0.0,0.0,0.0,0.0,0,22,Wednesday,4,0,0
2021-09-11,1900-01-01 09:35:00,Unknown,Unknown,0,0,0,0,0,0,0,0,Unspecified,Unknown,4456314,Sedan,Unknown,BROOKLYN,11208.0,40.667202,-73.8665,"{'latitude': '40.667202', 'longitude': '-73.8665', 'human_address': '{""address"": """", ""city"": """", ""state"": """", ""zip"": """"}'}",Unknown,Unknown,1211      LORING AVENUE,Unknown,Unknown,Unknown,Unknown,0.0,0.0,0.0,0.0,0.0,0.0,0.0,0.0,0.0,0.0,0.0,0.0,0.0,0.0,0.0,0.0,0.0,0.0,0.0,0.0,0.0,0.0,0.0,0.0,0.0,0.0,0.0,0.0,0.0,0.0,0.0,0.0,0.0,0.0,0.0,0.0,0.0,0.0,0.0,0.0,0.0,0.0,0.0,0.0,0,9,Saturday,9,1,1
2021-12-14,1900-01-01 08:13:00,SARATOGA AVENUE,DECATUR STREET,0,0,0,0,0,0,0,0,Unknown,Unknown,4486609,Unknown,Unknown,BROOKLYN,11233.0,40.683304,-73.917274,"{'latitude': '40.683304', 'longitude': '-73.917274', 'human_address': '{""address"": """", ""city"": """", ""state"": """", ""zip"": """"}'}",Unknown,Unknown,Unknown,Unknown,Unknown,Unknown,Unknown,0.0,0.0,0.0,0.0,0.0,0.0,0.0,0.0,0.0,0.0,0.0,0.0,0.0,0.0,0.0,0.0,0.0,0.0,0.0,0.0,0.0,0.0,0.0,0.0,0.0,0.0,0.0,0.0,0.0,0.0,0.0,0.0,0.0,0.0,0.0,0.0,0.0,0.0,0.0,0.0,0.0,0.0,0.0,0.0,0,8,Tuesday,12,1,0
2021-04-14,1900-01-01 12:47:00,MAJOR DEEGAN EXPRESSWAY RAMP,Unknown,0,0,0,0,0,0,0,0,Unspecified,Unspecified,4407458,Dump,Sedan,Unknown,0.0,0.0,0.0,Unknown,Unknown,Unknown,Unknown,Unknown,Unknown,Unknown,Unknown,0.0,0.0,0.0,0.0,0.0,0.0,0.0,0.0,0.0,0.0,0.0,0.0,0.0,0.0,0.0,0.0,0.0,0.0,0.0,0.0,0.0,0.0,0.0,0.0,0.0,0.0,0.0,0.0,0.0,0.0,0.0,0.0,0.0,0.0,0.0,0.0,0.0,0.0,0.0,0.0,0.0,0.0,0.0,0.0,0,12,Wednesday,4,0,0
2021-12-14,1900-01-01 17:05:00,BROOKLYN QUEENS EXPRESSWAY,Unknown,0,0,0,0,0,0,0,0,Passing Too Closely,Unspecified,4486555,Sedan,Tractor Truck Diesel,Unknown,0.0,40.709183,-73.956825,"{'latitude': '40.709183', 'longitude': '-73.956825', 'human_address': '{""address"": """", ""city"": """", ""state"": """", ""zip"": """"}'}",Unknown,Unknown,Unknown,Unknown,Unknown,Unknown,Unknown,0.0,0.0,0.0,0.0,0.0,0.0,0.0,0.0,0.0,0.0,0.0,0.0,0.0,0.0,0.0,0.0,0.0,0.0,0.0,0.0,0.0,0.0,0.0,0.0,0.0,0.0,0.0,0.0,0.0,0.0,0.0,0.0,0.0,0.0,0.0,0.0,0.0,0.0,0.0,0.0,0.0,0.0,0.0,0.0,0,17,Tuesday,12,1,0
2021-12-14,1900-01-01 08:17:00,Unknown,Unknown,2,0,0,0,0,0,2,0,Unspecified,Unspecified,4486660,Sedan,Sedan,BRONX,10475.0,40.86816,-73.83148,"{'latitude': '40.86816', 'longitude': '-73.83148', 'human_address': '{""address"": """", ""city"": """", ""state"": """", ""zip"": """"}'}",Unknown,Unknown,344       BAYCHESTER AVENUE,Unknown,Unknown,Unknown,Unknown,0.0,0.0,0.0,0.0,0.0,0.0,0.0,0.0,0.0,0.0,0.0,0.0,0.0,0.0,0.0,0.0,0.0,0.0,0.0,0.0,0.0,0.0,0.0,0.0,0.0,0.0,0.0,0.0,0.0,0.0,0.0,0.0,0.0,0.0,0.0,0.0,0.0,0.0,0.0,0.0,0.0,0.0,0.0,0.0,1,8,Tuesday,12,1,0
2021-12-14,1900-01-01 21:10:00,Unknown,Unknown,0,0,0,0,0,0,0,0,Driver Inexperience,Unspecified,4487074,Sedan,Unknown,BROOKLYN,11207.0,40.67172,-73.8971,"{'latitude': '40.67172', 'longitude': '-73.8971', 'human_address': '{""address"": """", ""city"": """", ""state"": """", ""zip"": """"}'}",Unknown,Unknown,2047      PITKIN AVENUE,Unknown,Unknown,Unknown,Unknown,0.0,0.0,0.0,0.0,0.0,0.0,0.0,0.0,0.0,0.0,0.0,0.0,0.0,0.0,0.0,0.0,0.0,0.0,0.0,0.0,0.0,0.0,0.0,0.0,0.0,0.0,0.0,0.0,0.0,0.0,0.0,0.0,0.0,0.0,0.0,0.0,0.0,0.0,0.0,0.0,0.0,0.0,0.0,0.0,0,21,Tuesday,12,0,0
2021-12-14,1900-01-01 14:58:00,3 AVENUE,EAST 43 STREET,0,0,0,0,0,0,0,0,Passing Too Closely,Unspecified,4486519,Sedan,Station Wagon/Sport Utility Vehicle,MANHATTAN,10017.0,40.75144,-73.97397,"{'latitude': '40.75144', 'longitude': '-73.97397', 'human_address': '{""address"": """", ""city"": """", ""state"": """", ""zip"": """"}'}",Unknown,Unknown,Unknown,Unknown,Unknown,Unknown,Unknown,0.0,0.0,0.0,0.0,0.0,0.0,0.0,0.0,0.0,0.0,0.0,0.0,0.0,0.0,0.0,0.0,0.0,0.0,0.0,0.0,0.0,0.0,0.0,0.0,0.0,0.0,0.0,0.0,0.0,0.0,0.0,0.0,0.0,0.0,0.0,0.0,0.0,0.0,0.0,0.0,0.0,0.0,0.0,0.0,0,14,Tuesday,12,0,0
2021-12-13,1900-01-01 00:34:00,MYRTLE AVENUE,Unknown,0,0,0,0,0,0,0,0,Passing or Lane Usage Improper,Unspecified,4486934,Station Wagon/Sport Utility Vehicle,Unknown,Unknown,0.0,40.701275,-73.88887,"{'latitude': '40.701275', 'longitude': '-73.88887', 'human_address': '{""address"": """", ""city"": """", ""state"": """", ""zip"": """"}'}",Unknown,Unknown,Unknown,Unknown,Unknown,Unknown,Unknown,0.0,0.0,0.0,0.0,0.0,0.0,0.0,0.0,0.0,0.0,0.0,0.0,0.0,0.0,0.0,0.0,0.0,0.0,0.0,0.0,0.0,0.0,0.0,0.0,0.0,0.0,0.0,0.0,0.0,0.0,0.0,0.0,0.0,0.0,0.0,0.0,0.0,0.0,0.0,0.0,0.0,0.0,0.0,0.0,0,0,Monday,12,0,0
2021-12-14,1900-01-01 16:50:00,SPRINGFIELD BOULEVARD,EAST GATE PLAZA,0,0,0,0,0,0,0,0,Turning Improperly,Unspecified,4487127,Sedan,Station Wagon/Sport Utility Vehicle,QUEENS,11413.0,40.675884,-73.75577,"{'latitude': '40.675884', 'longitude': '-73.75577', 'human_address': '{""address"": """", ""city"": """", ""state"": """", ""zip"": """"}'}",Unknown,Unknown,Unknown,Unknown,Unknown,Unknown,Unknown,0.0,0.0,0.0,0.0,0.0,0.0,0.0,0.0,0.0,0.0,0.0,0.0,0.0,0.0,0.0,0.0,0.0,0.0,0.0,0.0,0.0,0.0,0.0,0.0,0.0,0.0,0.0,0.0,0.0,0.0,0.0,0.0,0.0,0.0,0.0,0.0,0.0,0.0,0.0,0.0,0.0,0.0,0.0,0.0,0,16,Tuesday,12,1,0
2021-12-14,1900-01-01 08:30:00,broadway,west 80 street -west 81 street,0,0,0,0,0,0,0,0,Unsafe Lane Changing,Unspecified,4486634,Station Wagon/Sport Utility Vehicle,Sedan,Unknown,0.0,0.0,0.0,Unknown,Unknown,Unknown,Unknown,Unknown,Unknown,Unknown,Unknown,0.0,0.0,0.0,0.0,0.0,0.0,0.0,0.0,0.0,0.0,0.0,0.0,0.0,0.0,0.0,0.0,0.0,0.0,0.0,0.0,0.0,0.0,0.0,0.0,0.0,0.0,0.0,0.0,0.0,0.0,0.0,0.0,0.0,0.0,0.0,0.0,0.0,0.0,0.0,0.0,0.0,0.0,0.0,0.0,0,8,Tuesday,12,1,0
2021-12-14,1900-01-01 00:59:00,BELT PARKWAY,Unknown,0,0,0,0,0,0,0,0,Unsafe Speed,Unknown,4486564,Sedan,Unknown,Unknown,0.0,40.59662,-74.00231,"{'latitude': '40.59662', 'longitude': '-74.00231', 'human_address': '{""address"": """", ""city"": """", ""state"": """", ""zip"": """"}'}",Unknown,Unknown,Unknown,Unknown,Unknown,Unknown,Unknown,0.0,0.0,0.0,0.0,0.0,0.0,0.0,0.0,0.0,0.0,0.0,0.0,0.0,0.0,0.0,0.0,0.0,0.0,0.0,0.0,0.0,0.0,0.0,0.0,0.0,0.0,0.0,0.0,0.0,0.0,0.0,0.0,0.0,0.0,0.0,0.0,0.0,0.0,0.0,0.0,0.0,0.0,0.0,0.0,0,0,Tuesday,12,0,0
2021-12-14,1900-01-01 23:10:00,NORTH CONDUIT AVENUE,150 STREET,2,0,0,0,0,0,2,0,Reaction to Uninvolved Vehicle,Unspecified,4486635,Sedan,Sedan,QUEENS,11434.0,40.66684,-73.78941,"{'latitude': '40.66684', 'longitude': '-73.78941', 'human_address': '{""address"": """", ""city"": """", ""state"": """", ""zip"": """"}'}",Unknown,Unknown,Unknown,Unknown,Unknown,Unknown,Unknown,0.0,0.0,0.0,0.0,0.0,0.0,0.0,0.0,0.0,0.0,0.0,0.0,0.0,0.0,0.0,0.0,0.0,0.0,0.0,0.0,0.0,0.0,0.0,0.0,0.0,0.0,0.0,0.0,0.0,0.0,0.0,0.0,0.0,0.0,0.0,0.0,0.0,0.0,0.0,0.0,0.0,0.0,0.0,0.0,1,23,Tuesday,12,0,0
2021-12-14,1900-01-01 17:58:00,Unknown,Unknown,0,0,0,0,0,0,0,0,Passing Too Closely,Unspecified,4486604,Tanker,Station Wagon/Sport Utility Vehicle,BROOKLYN,11217.0,40.68158,-73.97463,"{'latitude': '40.68158', 'longitude': '-73.97463', 'human_address': '{""address"": """", ""city"": """", ""state"": """", ""zip"": """"}'}",Unknown,Unknown,480       DEAN STREET,Unknown,Unknown,Unknown,Unknown,0.0,0.0,0.0,0.0,0.0,0.0,0.0,0.0,0.0,0.0,0.0,0.0,0.0,0.0,0.0,0.0,0.0,0.0,0.0,0.0,0.0,0.0,0.0,0.0,0.0,0.0,0.0,0.0,0.0,0.0,0.0,0.0,0.0,0.0,0.0,0.0,0.0,0.0,0.0,0.0,0.0,0.0,0.0,0.0,0,17,Tuesday,12,1,0
2021-12-14,1900-01-01 20:03:00,Unknown,Unknown,4,0,0,0,0,0,4,0,Steering Failure,Unknown,4486991,Sedan,Unknown,BROOKLYN,11226.0,40.65068,-73.95881,"{'latitude': '40.65068', 'longitude': '-73.95881', 'human_address': '{""address"": """", ""city"": """", ""state"": """", ""zip"": """"}'}",Unknown,Unknown,878       FLATBUSH AVENUE,Unknown,Unknown,Unknown,Unknown,0.0,0.0,0.0,0.0,0.0,0.0,0.0,0.0,0.0,0.0,0.0,0.0,0.0,0.0,0.0,0.0,0.0,0.0,0.0,0.0,0.0,0.0,0.0,0.0,0.0,0.0,0.0,0.0,0.0,0.0,0.0,0.0,0.0,0.0,0.0,0.0,0.0,0.0,0.0,0.0,0.0,0.0,0.0,0.0,1,20,Tuesday,12,0,0
2021-12-14,1900-01-01 01:28:00,MEEKER AVENUE,LORIMER STREET,3,0,0,0,0,0,3,0,Traffic Control Disregarded,Unspecified,4486284,Station Wagon/Sport Utility Vehicle,Station Wagon/Sport Utility Vehicle,Unknown,0.0,0.0,0.0,Unknown,Unknown,Unknown,Unknown,Unknown,Unknown,Unknown,Unknown,0.0,0.0,0.0,0.0,0.0,0.0,0.0,0.0,0.0,0.0,0.0,0.0,0.0,0.0,0.0,0.0,0.0,0.0,0.0,0.0,0.0,0.0,0.0,0.0,0.0,0.0,0.0,0.0,0.0,0.0,0.0,0.0,0.0,0.0,0.0,0.0,0.0,0.0,0.0,0.0,0.0,0.0,0.0,0.0,1,1,Tuesday,12,0,0
2021-12-11,1900-01-01 19:43:00,WEST KINGSBRIDGE ROAD,HEATH AVENUE,1,0,0,0,0,0,1,0,Unspecified,Unspecified,4487040,Station Wagon/Sport Utility Vehicle,Sedan,BRONX,10463.0,40.87262,-73.904686,"{'latitude': '40.87262', 'longitude': '-73.904686', 'human_address': '{""address"": """", ""city"": """", ""state"": """", ""zip"": """"}'}",Unknown,Unknown,Unknown,Unknown,Unknown,Unknown,Unknown,0.0,0.0,0.0,0.0,0.0,0.0,0.0,0.0,0.0,0.0,0.0,0.0,0.0,0.0,0.0,0.0,0.0,0.0,0.0,0.0,0.0,0.0,0.0,0.0,0.0,0.0,0.0,0.0,0.0,0.0,0.0,0.0,0.0,0.0,0.0,0.0,0.0,0.0,0.0,0.0,0.0,0.0,0.0,0.0,1,19,Saturday,12,0,1
2021-12-14,1900-01-01 14:30:00,WHITESTONE EXPRESSWAY,Unknown,0,0,0,0,0,0,0,0,Following Too Closely,Unspecified,4486537,Station Wagon/Sport Utility Vehicle,Sedan,Unknown,0.0,40.783268,-73.82485,"{'latitude': '40.783268', 'longitude': '-73.82485', 'human_address': '{""address"": """", ""city"": """", ""state"": """", ""zip"": """"}'}",Unspecified,Sedan,Unknown,Unknown,Unknown,Unknown,Unknown,0.0,0.0,0.0,0.0,0.0,0.0,0.0,0.0,0.0,0.0,0.0,0.0,0.0,0.0,0.0,0.0,0.0,0.0,0.0,0.0,0.0,0.0,0.0,0.0,0.0,0.0,0.0,0.0,0.0,0.0,0.0,0.0,0.0,0.0,0.0,0.0,0.0,0.0,0.0,0.0,0.0,0.0,0.0,0.0,0,14,Tuesday,12,0,0
2021-12-11,1900-01-01 04:45:00,Unknown,Unknown,0,0,0,0,0,0,0,0,Following Too Closely,Unspecified,4486905,Station Wagon/Sport Utility Vehicle,Unknown,MANHATTAN,10001.0,40.748917,-73.993546,"{'latitude': '40.748917', 'longitude': '-73.993546', 'human_address': '{""address"": """", ""city"": """", ""state"": """", ""zip"": """"}'}",Unknown,Unknown,232       WEST 30 STREET,Unknown,Unknown,Unknown,Unknown,0.0,0.0,0.0,0.0,0.0,0.0,0.0,0.0,0.0,0.0,0.0,0.0,0.0,0.0,0.0,0.0,0.0,0.0,0.0,0.0,0.0,0.0,0.0,0.0,0.0,0.0,0.0,0.0,0.0,0.0,0.0,0.0,0.0,0.0,0.0,0.0,0.0,0.0,0.0,0.0,0.0,0.0,0.0,0.0,0,4,Saturday,12,0,1
2021-12-14,1900-01-01 05:46:00,LONG ISLAND EXPRESSWAY,Unknown,1,0,0,0,0,0,1,0,Other Vehicular,Other Vehicular,4487122,Station Wagon/Sport Utility Vehicle,Station Wagon/Sport Utility Vehicle,Unknown,0.0,40.744644,-73.77041,"{'latitude': '40.744644', 'longitude': '-73.77041', 'human_address': '{""address"": """", ""city"": """", ""state"": """", ""zip"": """"}'}",Unknown,Unknown,Unknown,Unknown,Unknown,Unknown,Unknown,0.0,0.0,0.0,0.0,0.0,0.0,0.0,0.0,0.0,0.0,0.0,0.0,0.0,0.0,0.0,0.0,0.0,0.0,0.0,0.0,0.0,0.0,0.0,0.0,0.0,0.0,0.0,0.0,0.0,0.0,0.0,0.0,0.0,0.0,0.0,0.0,0.0,0.0,0.0,0.0,0.0,0.0,0.0,0.0,1,5,Tuesday,12,0,0
2021-12-13,1900-01-01 06:30:00,82 STREET,34 AVENUE,0,0,0,0,0,0,0,0,Unspecified,Unknown,4486967,Sedan,Unknown,QUEENS,11372.0,40.75373,-73.88505,"{'latitude': '40.75373', 'longitude': '-73.88505', 'human_address': '{""address"": """", ""city"": """", ""state"": """", ""zip"": """"}'}",Unknown,Unknown,Unknown,Unknown,Unknown,Unknown,Unknown,0.0,0.0,0.0,0.0,0.0,0.0,0.0,0.0,0.0,0.0,0.0,0.0,0.0,0.0,0.0,0.0,0.0,0.0,0.0,0.0,0.0,0.0,0.0,0.0,0.0,0.0,0.0,0.0,0.0,0.0,0.0,0.0,0.0,0.0,0.0,0.0,0.0,0.0,0.0,0.0,0.0,0.0,0.0,0.0,0,6,Monday,12,0,0
2021-12-14,1900-01-01 03:43:00,LEXINGTON AVENUE,Unknown,1,0,1,0,0,0,0,0,Unspecified,Unknown,4486304,Station Wagon/Sport Utility Vehicle,Unknown,Unknown,0.0,40.804375,-73.93742,"{'latitude': '40.804375', 'longitude': '-73.93742', 'human_address': '{""address"": """", ""city"": """", ""state"": """", ""zip"": """"}'}",Unknown,Unknown,Unknown,Unknown,Unknown,Unknown,Unknown,0.0,0.0,0.0,0.0,0.0,0.0,0.0,0.0,0.0,0.0,0.0,0.0,0.0,0.0,0.0,0.0,0.0,0.0,0.0,0.0,0.0,0.0,0.0,0.0,0.0,0.0,0.0,0.0,0.0,0.0,0.0,0.0,0.0,0.0,0.0,0.0,0.0,0.0,0.0,0.0,0.0,0.0,0.0,0.0,1,3,Tuesday,12,0,0
2021-12-13,1900-01-01 17:40:00,VICTORY BOULEVARD,WOODSTOCK AVENUE,1,0,0,0,0,0,1,0,Unspecified,Unspecified,4487001,Sedan,Sedan,STATEN ISLAND,10301.0,40.63165,-74.08762,"{'latitude': '40.63165', 'longitude': '-74.08762', 'human_address': '{""address"": """", ""city"": """", ""state"": """", ""zip"": """"}'}",Unknown,Unknown,Unknown,Unknown,Unknown,Unknown,Unknown,0.0,0.0,0.0,0.0,0.0,0.0,0.0,0.0,0.0,0.0,0.0,0.0,0.0,0.0,0.0,0.0,0.0,0.0,0.0,0.0,0.0,0.0,0.0,0.0,0.0,0.0,0.0,0.0,0.0,0.0,0.0,0.0,0.0,0.0,0.0,0.0,0.0,0.0,0.0,0.0,0.0,0.0,0.0,0.0,1,17,Monday,12,1,0
2021-12-14,1900-01-01 17:31:00,EAST 18 STREET,AVENUE K,1,0,1,0,0,0,0,0,Unspecified,Unknown,4486516,Sedan,Unknown,BROOKLYN,11230.0,40.623104,-73.95809,"{'latitude': '40.623104', 'longitude': '-73.95809', 'human_address': '{""address"": """", ""city"": """", ""state"": """", ""zip"": """"}'}",Unknown,Unknown,Unknown,Unknown,Unknown,Unknown,Unknown,0.0,0.0,0.0,0.0,0.0,0.0,0.0,0.0,0.0,0.0,0.0,0.0,0.0,0.0,0.0,0.0,0.0,0.0,0.0,0.0,0.0,0.0,0.0,0.0,0.0,0.0,0.0,0.0,0.0,0.0,0.0,0.0,0.0,0.0,0.0,0.0,0.0,0.0,0.0,0.0,0.0,0.0,0.0,0.0,1,17,Tuesday,12,1,0
2021-12-14,1900-01-01 20:13:00,Unknown,Unknown,0,0,0,0,0,0,0,0,Passing Too Closely,Unspecified,4486605,Sedan,Unknown,BROOKLYN,11215.0,40.66576,-73.9845,"{'latitude': '40.66576', 'longitude': '-73.9845', 'human_address': '{""address"": """", ""city"": """", ""state"": """", ""zip"": """"}'}",Unknown,Unknown,366       12 STREET,Unknown,Unknown,Unknown,Unknown,0.0,0.0,0.0,0.0,0.0,0.0,0.0,0.0,0.0,0.0,0.0,0.0,0.0,0.0,0.0,0.0,0.0,0.0,0.0,0.0,0.0,0.0,0.0,0.0,0.0,0.0,0.0,0.0,0.0,0.0,0.0,0.0,0.0,0.0,0.0,0.0,0.0,0.0,0.0,0.0,0.0,0.0,0.0,0.0,0,20,Tuesday,12,0,0
2021-12-14,1900-01-01 12:54:00,FULTON STREET,SAINT FELIX STREET,1,0,0,0,1,0,0,0,Unspecified,Unspecified,4487052,Sedan,Bike,BROOKLYN,11217.0,40.687534,-73.9775,"{'latitude': '40.687534', 'longitude': '-73.9775', 'human_address': '{""address"": """", ""city"": """", ""state"": """", ""zip"": """"}'}",Unknown,Unknown,Unknown,Unknown,Unknown,Unknown,Unknown,0.0,0.0,0.0,0.0,0.0,0.0,0.0,0.0,0.0,0.0,0.0,0.0,0.0,0.0,0.0,0.0,0.0,0.0,0.0,0.0,0.0,0.0,0.0,0.0,0.0,0.0,0.0,0.0,0.0,0.0,0.0,0.0,0.0,0.0,0.0,0.0,0.0,0.0,0.0,0.0,0.0,0.0,0.0,0.0,1,12,Tuesday,12,0,0
2021-12-14,1900-01-01 17:15:00,GRAND STREET,UNION AVENUE,1,0,0,0,0,0,1,0,Passing or Lane Usage Improper,Unspecified,4486556,Bus,Station Wagon/Sport Utility Vehicle,BROOKLYN,11211.0,40.710957,-73.951126,"{'latitude': '40.710957', 'longitude': '-73.951126', 'human_address': '{""address"": """", ""city"": """", ""state"": """", ""zip"": """"}'}",Unknown,Unknown,Unknown,Unknown,Unknown,Unknown,Unknown,0.0,0.0,0.0,0.0,0.0,0.0,0.0,0.0,0.0,0.0,0.0,0.0,0.0,0.0,0.0,0.0,0.0,0.0,0.0,0.0,0.0,0.0,0.0,0.0,0.0,0.0,0.0,0.0,0.0,0.0,0.0,0.0,0.0,0.0,0.0,0.0,0.0,0.0,0.0,0.0,0.0,0.0,0.0,0.0,1,17,Tuesday,12,1,0