crash_date,crash_time,on_street_name,off_street_name,number_of_persons_injured,number_of_persons_killed,number_of_pedestrians_injured,number_of_pedestrians_killed,number_of_cyclist_injured,number_of_cyclist_killed,number_of_motorist_injured,number_of_motorist_killed,contributing_factor_vehicle_1,contributing_factor_vehicle_2,collision_id,vehicle_type_code1,vehicle_type_code2,borough,zip_code,latitude,longitude,location,contributing_factor_vehicle_3,vehicle_type_code_3,cross_street_name,contributing_factor_vehicle_4,vehicle_type_code_4,contributing_factor_vehicle_5,vehicle_type_code_5,unique_id,crash_date_veh,crash_time_veh,vehicle_id,state_registration,vehicle_type,contributing_factor_1,vehicle_make,vehicle_year,travel_direction,vehicle_occupants,driver_sex,driver_license_status,driver_license_jurisdiction,pre_crash,point_of_impact,vehicle_damage,public_property_damage,contributing_factor_2,vehicle_damage_1,vehicle_damage_2,vehicle_damage_3,vehicle_model,public_property_damage_type,unique_id_pers,crash_date_pers,crash_time_pers,person_id,person_type,person_injury,vehicle_id_pers,ped_role,person_sex,person_age,ejection,emotional_status,bodily_injury,position_in_vehicle,safety_equipment,complaint,ped_location,ped_action,contributing_factor_1_pers,contributing_factor_2_pers,injury_occurred,crash_hour,day_of_week,month,rush_hour,is_weekend
2022-04-24,1900-01-01 00:30:00,BELT PARKWAY,Unknown,1,0,0,0,0,0,1,0,Driver Inattention/Distraction,Unspecified,4521469,Sedan,Sedan,Unknown,0.0,40.638382,-74.03668,"{'latitude': '40.638382', 'longitude': '-74.03668', 'human_address': '{""address"": """", ""city"": """", ""state"": """", ""zip"": """"}'}",Unspecified,Station Wagon/Sport Utility Vehicle,Unknown,Unspecified,Station Wagon/Sport Utility Vehicle,Unknown,Unknown,0.0,0.0,0.0,0.0,0.0,0.0,0.0,0.0,0.0,0.0,0.0,0.0,0.0,0.0,0.0,0.0,0.0,0.0,0.0,0.0,0.0,0.0,0.0,0.0,0.0,0.0,0.0,0.0,0.0,0.0,0.0,0.0,0.0,0.0,0.0,0.0,0.0,0.0,0.0,0.0,0.0,0.0,0.0,0.0,1,0,Sunday,4,0,1
2022-04-24,1900-01-01 20:13:00,Unknown,Unknown,0,0,0,0,0,0,0,0,Aggressive Driving/Road Rage,Unknown,4521859,Sedan,Unknown,QUEENS,11419.0,40.69261,-73.81143,"{'latitude': '40.69261', 'longitude': '-73.81143', 'human_address': '{""address"": """", ""city"": """", ""state"": """", ""zip"": """"}'}",Unknown,Unknown,102-24    VANWYCK EXPRESSWAY,Unknown,Unknown,Unknown,Unknown,0.0,0.0,0.0,0.0,0.0,0.0,0.0,0.0,0.0,0.0,0.0,0.0,0.0,0.0,0.0,0.0,0.0,0.0,0.0,0.0,0.0,0.0,0.0,0.0,0.0,0.0,0.0,0.0,0.0,0.0,0.0,0.0,0.0,0.0,0.0,0.0,0.0,0.0,0.0,0.0,0.0,0.0,0.0,0.0,0,20,Sunday,4,0,1
2022-04-24,1900-01-01 15:21:00,THOMSON AVENUE,SKILLMAN AVENUE,1,0,0,0,0,0,1,0,Driver Inattention/Distraction,Driver Inattention/Distraction,4521590,Sedan,Sedan,QUEENS,11101.0,40.745235,-73.937706,"{'latitude': '40.745235', 'longitude': '-73.937706', 'human_address': '{""address"": """", ""city"": """", ""state"": """", ""zip"": """"}'}",Unknown,Unknown,Unknown,Unknown,Unknown,Unknown,Unknown,0.0,0.0,0.0,0.0,0.0,0.0,0.0,0.0,0.0,0.0,0.0,0.0,0.0,0.0,0.0,0.0,0.0,0.0,0.0,0.0,0.0,0.0,0.0,0.0,0.0,0.0,0.0,0.0,0.0,0.0,0.0,0.0,0.0,0.0,0.0,0.0,0.0,0.0,0.0,0.0,0.0,0.0,0.0,0.0,1,15,Sunday,4,0,1
2022-04-24,1900-01-01 10:27:00,VANWYCK EXPRESSWAY,109 AVENUE,1,0,0,0,0,0,1,0,Traffic Control Disregarded,Traffic Control Disregarded,4521902,Sedan,Station Wagon/Sport Utility Vehicle,Unknown,0.0,0.0,0.0,Unknown,Unknown,Unknown,Unknown,Unknown,Unknown,Unknown,Unknown,0.0,0.0,0.0,0.0,0.0,0.0,0.0,0.0,0.0,0.0,0.0,0.0,0.0,0.0,0.0,0.0,0.0,0.0,0.0,0.0,0.0,0.0,0.0,0.0,0.0,0.0,0.0,0.0,0.0,0.0,0.0,0.0,0.0,0.0,0.0,0.0,0.0,0.0,0.0,0.0,0.0,0.0,0.0,0.0,1,10,Sunday,4,0,1
2022-04-24,1900-01-01 21:00:00,21 STREET,37 AVENUE,1,0,0,0,0,0,1,0,Driver Inattention/Distraction,Unspecified,4521684,Sedan,Sedan,QUEENS,11106.0,40.758705,-73.93793,"{'latitude': '40.758705', 'longitude': '-73.93793', 'human_address': '{""address"": """", ""city"": """", ""state"": """", ""zip"": """"}'}",Unknown,Unknown,Unknown,Unknown,Unknown,Unknown,Unknown,0.0,0.0,0.0,0.0,0.0,0.0,0.0,0.0,0.0,0.0,0.0,0.0,0.0,0.0,0.0,0.0,0.0,0.0,0.0,0.0,0.0,0.0,0.0,0.0,0.0,0.0,0.0,0.0,0.0,0.0,0.0,0.0,0.0,0.0,0.0,0.0,0.0,0.0,0.0,0.0,0.0,0.0,0.0,0.0,1,21,Sunday,4,0,1
2022-04-24,1900-01-01 21:40:00,JAMAICA AVENUE,102 STREET,0,0,0,0,0,0,0,0,Reaction to Uninvolved Vehicle,Unspecified,4521858,Ambulance,Station Wagon/Sport Utility Vehicle,QUEENS,11418.0,40.695156,-73.845406,"{'latitude': '40.695156', 'longitude': '-73.845406', 'human_address': '{""address"": """", ""city"": """", ""state"": """", ""zip"": """"}'}",Unknown,Unknown,Unknown,Unknown,Unknown,Unknown,Unknown,0.0,0.0,0.0,0.0,0.0,0.0,0.0,0.0,0.0,0.0,0.0,0.0,0.0,0.0,0.0,0.0,0.0,0.0,0.0,0.0,0.0,0.0,0.0,0.0,0.0,0.0,0.0,0.0,0.0,0.0,0.0,0.0,0.0,0.0,0.0,0.0,0.0,0.0,0.0,0.0,0.0,0.0,0.0,0.0,0,21,Sunday,4,0,1
2022-04-07,1900-01-01 14:14:00,1 AVENUE,EAST 41 STREET,0,0,0,0,0,0,0,0,Driver Inattention/Distraction,Passing or Lane Usage Improper,4522242,Sedan,Station Wagon/Sport Utility Vehicle,MANHATTAN,10017.0,40.748158,-73.97033,"{'latitude': '40.748158', 'longitude': '-73.97033', 'human_address': '{""address"": """", ""city"": """", ""state"": """", ""zip"": """"}'}",Unknown,Unknown,Unknown,Unknown,Unknown,Unknown,Unknown,0.0,0.0,0.0,0.0,0.0,0.0,0.0,0.0,0.0,0.0,0.0,0.0,0.0,0.0,0.0,0.0,0.0,0.0,0.0,0.0,0.0,0.0,0.0,0.0,0.0,0.0,0.0,0.0,0.0,0.0,0.0,0.0,0.0,0.0,0.0,0.0,0.0,0.0,0.0,0.0,0.0,0.0,0.0,0.0,0,14,Thursday,4,0,0
2021-06-29,1900-01-01 17:35:00,BEACH CHANNEL DRIVE,Unknown,0,0,0,0,0,0,0,0,Passing or Lane Usage Improper,Unspecified,4456672,Station Wagon/Sport Utility Vehicle,E-Bike,Unknown,0.0,40.609535,-73.75372,"{'latitude': '40.609535', 'longitude': '-73.75372', 'human_address': '{""address"": """", ""city"": """", ""state"": """", ""zip"": """"}'}",Unknown,Unknown,Unknown,Unknown,Unknown,Unknown,Unknown,0.0,0.0,0.0,0.0,0.0,0.0,0.0,0.0,0.0,0.0,0.0,0.0,0.0,0.0,0.0,0.0,0.0,0.0,0.0,0.0,0.0,0.0,0.0,0.0,0.0,0.0,0.0,0.0,0.0,0.0,0.0,0.0,0.0,0.0,0.0,0.0,0.0,0.0,0.0,0.0,0.0,0.0,0.0,0.0,0,17,Tuesday,6,1,0
2021-12-09,1900-01-01 20:20:00,EAST 7 STREET,CRAWFORD AVENUE,1,0,0,0,1,0,0,0,Driver Inattention/Distraction,Unspecified,4485150,Bike,Unknown,BROOKLYN,11223.0,40.59207,-73.96299,"{'latitude': '40.59207', 'longitude': '-73.96299', 'human_address': '{""address"": """", ""city"": """", ""state"": """", ""zip"": """"}'}",Unknown,Unknown,Unknown,Unknown,Unknown,Unknown,Unknown,0.0,0.0,0.0,0.0,0.0,0.0,0.0,0.0,0.0,0.0,0.0,0.0,0.0,0.0,0.0,0.0,0.0,0.0,0.0,0.0,0.0,0.0,0.0,0.0,0.0,0.0,0.0,0.0,0.0,0.0,0.0,0.0,0.0,0.0,0.0,0.0,0.0,0.0,0.0,0.0,0.0,0.0,0.0,0.0,1,20,Thursday,12,0,0
2021-12-09,1900-01-01 14:50:00,WEST 177 STREET,Unknown,0,0,0,0,0,0,0,0,Unspecified,Unspecified,4485116,Station Wagon/Sport Utility Vehicle,Sedan,Unknown,0.0,40.850018,-73.9107,"{'latitude': '40.850018', 'longitude': '-73.9107', 'human_address': '{""address"": """", ""city"": """", ""state"": """", ""zip"": """"}'}",Unknown,Unknown,Unknown,Unknown,Unknown,Unknown,Unknown,0.0,0.0,0.0,0.0,0.0,0.0,0.0,0.0,0.0,0.0,0.0,0.0,0.0,0.0,0.0,0.0,0.0,0.0,0.0,0.0,0.0,0.0,0.0,0.0,0.0,0.0,0.0,0.0,0.0,0.0,0.0,0.0,0.0,0.0,0.0,0.0,0.0,0.0,0.0,0.0,0.0,0.0,0.0,0.0,0,14,Thursday,12,0,0
2021-12-09,1900-01-01 02:45:00,149 AVENUE,HUXLEY STREET,1,0,0,0,0,0,1,0,Alcohol Involvement,Unknown,4485026,Sedan,Unknown,QUEENS,11422.0,40.653023,-73.73895,"{'latitude': '40.653023', 'longitude': '-73.73895', 'human_address': '{""address"": """", ""city"": """", ""state"": """", ""zip"": """"}'}",Unknown,Unknown,Unknown,Unknown,Unknown,Unknown,Unknown,0.0,0.0,0.0,0.0,0.0,0.0,0.0,0.0,0.0,0.0,0.0,0.0,0.0,0.0,0.0,0.0,0.0,0.0,0.0,0.0,0.0,0.0,0.0,0.0,0.0,0.0,0.0,0.0,0.0,0.0,0.0,0.0,0.0,0.0,0.0,0.0,0.0,0.0,0.0,0.0,0.0,0.0,0.0,0.0,1,2,Thursday,12,0,0
2021-12-06,1900-01-01 22:16:00,AVENUE J,Unknown,0,0,0,0,0,0,0,0,Unsafe Speed,Unspecified,4485528,Sedan,Unknown,Unknown,0.0,40.62573,-73.9564,"{'latitude': '40.62573', 'longitude': '-73.9564', 'human_address': '{""address"": """", ""city"": """", ""state"": """", ""zip"": """"}'}",Unknown,Unknown,Unknown,Unknown,Unknown,Unknown,Unknown,0.0,0.0,0.0,0.0,0.0,0.0,0.0,0.0,0.0,0.0,0.0,0.0,0.0,0.0,0.0,0.0,0.0,0.0,0.0,0.0,0.0,0.0,0.0,0.0,0.0,0.0,0.0,0.0,0.0,0.0,0.0,0.0,0.0,0.0,0.0,0.0,0.0,0.0,0.0,0.0,0.0,0.0,0.0,0.0,0,22,Monday,12,0,0
2021-12-04,1900-01-01 12:00:00,CROWN STREET,SCHENECTADY AVENUE,0,0,0,0,0,0,0,0,Driver Inattention/Distraction,Driver Inattention/Distraction,4485333,Sedan,Ambulance,BROOKLYN,11213.0,40.665375,-73.934235,"{'latitude': '40.665375', 'longitude': '-73.934235', 'human_address': '{""address"": """", ""city"": """", ""state"": """", ""zip"": """"}'}",Unknown,Unknown,Unknown,Unknown,Unknown,Unknown,Unknown,0.0,0.0,0.0,0.0,0.0,0.0,0.0,0.0,0.0,0.0,0.0,0.0,0.0,0.0,0.0,0.0,0.0,0.0,0.0,0.0,0.0,0.0,0.0,0.0,0.0,0.0,0.0,0.0,0.0,0.0,0.0,0.0,0.0,0.0,0.0,0.0,0.0,0.0,0.0,0.0,0.0,0.0,0.0,0.0,0,12,Saturday,12,0,1
2021-12-08,1900-01-01 16:20:00,EAST END AVENUE,EAST 88 STREET,0,0,0,0,0,0,0,0,Failure to Yield Right-of-Way,Unspecified,4485234,Taxi,Station Wagon/Sport Utility Vehicle,MANHATTAN,10128.0,40.776237,-73.943825,"{'latitude': '40.776237', 'longitude': '-73.943825', 'human_address': '{""address"": """", ""city"": """", ""state"": """", ""zip"": """"}'}",Unknown,Unknown,Unknown,Unknown,Unknown,Unknown,Unknown,0.0,0.0,0.0,0.0,0.0,0.0,0.0,0.0,0.0,0.0,0.0,0.0,0.0,0.0,0.0,0.0,0.0,0.0,0.0,0.0,0.0,0.0,0.0,0.0,0.0,0.0,0.0,0.0,0.0,0.0,0.0,0.0,0.0,0.0,0.0,0.0,0.0,0.0,0.0,0.0,0.0,0.0,0.0,0.0,0,16,Wednesday,12,1,0
2021-12-09,1900-01-01 23:15:00,12 AVENUE,41 STREET,1,0,0,0,1,0,0,0,Driver Inattention/Distraction,Driver Inattention/Distraction,4485355,Sedan,Bike,BROOKLYN,11218.0,40.640835,-73.98967,"{'latitude': '40.640835', 'longitude': '-73.98967', 'human_address': '{""address"": """", ""city"": """", ""state"": """", ""zip"": """"}'}",Unknown,Unknown,Unknown,Unknown,Unknown,Unknown,Unknown,0.0,0.0,0.0,0.0,0.0,0.0,0.0,0.0,0.0,0.0,0.0,0.0,0.0,0.0,0.0,0.0,0.0,0.0,0.0,0.0,0.0,0.0,0.0,0.0,0.0,0.0,0.0,0.0,0.0,0.0,0.0,0.0,0.0,0.0,0.0,0.0,0.0,0.0,0.0,0.0,0.0,0.0,0.0,0.0,1,23,Thursday,12,0,0
2021-12-01,1900-01-01 14:34:00,Unknown,Unknown,0,0,0,0,0,0,0,0,Unsafe Speed,Unspecified,4485581,Sedan,Pick-up Truck,QUEENS,11692.0,40.593636,-73.797264,"{'latitude': '40.593636', 'longitude': '-73.797264', 'human_address': '{""address"": """", ""city"": """", ""state"": """", ""zip"": """"}'}",Unknown,Unknown,437       BEACH 68 STREET,Unknown,Unknown,Unknown,Unknown,0.0,0.0,0.0,0.0,0.0,0.0,0.0,0.0,0.0,0.0,0.0,0.0,0.0,0.0,0.0,0.0,0.0,0.0,0.0,0.0,0.0,0.0,0.0,0.0,0.0,0.0,0.0,0.0,0.0,0.0,0.0,0.0,0.0,0.0,0.0,0.0,0.0,0.0,0.0,0.0,0.0,0.0,0.0,0.0,0,14,Wednesday,12,0,0
2021-12-10,1900-01-01 07:00:00,Unknown,Unknown,0,0,0,0,0,0,0,0,Passing or Lane Usage Improper,Unspecified,4485866,Sedan,Unknown,QUEENS,11420.0,40.674263,-73.80453,"{'latitude': '40.674263', 'longitude': '-73.80453', 'human_address': '{""address"": """", ""city"": """", ""state"": """", ""zip"": """"}'}",Unknown,Unknown,122-42    134 STREET,Unknown,Unknown,Unknown,Unknown,0.0,0.0,0.0,0.0,0.0,0.0,0.0,0.0,0.0,0.0,0.0,0.0,0.0,0.0,0.0,0.0,0.0,0.0,0.0,0.0,0.0,0.0,0.0,0.0,0.0,0.0,0.0,0.0,0.0,0.0,0.0,0.0,0.0,0.0,0.0,0.0,0.0,0.0,0.0,0.0,0.0,0.0,0.0,0.0,0,7,Friday,12,1,0
2021-12-07,1900-01-01 09:20:00,TAYLOR STREET,Unknown,0,0,0,0,0,0,0,0,Steering Failure,Unknown,4485192,Station Wagon/Sport Utility Vehicle,Unknown,Unknown,0.0,40.70476,-73.96491,"{'latitude': '40.70476', 'longitude': '-73.96491', 'human_address': '{""address"": """", ""city"": """", ""state"": """", ""zip"": """"}'}",Unknown,Unknown,Unknown,Unknown,Unknown,Unknown,Unknown,0.0,0.0,0.0,0.0,0.0,0.0,0.0,0.0,0.0,0.0,0.0,0.0,0.0,0.0,0.0,0.0,0.0,0.0,0.0,0.0,0.0,0.0,0.0,0.0,0.0,0.0,0.0,0.0,0.0,0.0,0.0,0.0,0.0,0.0,0.0,0.0,0.0,0.0,0.0,0.0,0.0,0.0,0.0,0.0,0,9,Tuesday,12,1,0
2021-12-09,1900-01-01 08:00:00,WEST SHORE EXPRESSWAY,Unknown,0,0,0,0,0,0,0,0,Following Too Closely,Unspecified,4485214,Sedan,Station Wagon/Sport Utility Vehicle,Unknown,0.0,40.569626,-74.190735,"{'latitude': '40.569626', 'longitude': '-74.190735', 'human_address': '{""address"": """", ""city"": """", ""state"": """", ""zip"": """"}'}",Unknown,Unknown,Unknown,Unknown,Unknown,Unknown,Unknown,0.0,0.0,0.0,0.0,0.0,0.0,0.0,0.0,0.0,0.0,0.0,0.0,0.0,0.0,0.0,0.0,0.0,0.0,0.0,0.0,0.0,0.0,0.0,0.0,0.0,0.0,0.0,0.0,0.0,0.0,0.0,0.0,0.0,0.0,0.0,0.0,0.0,0.0,0.0,0.0,0.0,0.0,0.0,0.0,0,8,Thursday,12,1,0
2021-12-07,1900-01-01 17:08:00,FLUSHING AVENUE,KENT AVENUE,0,0,0,0,0,0,0,0,Following Too Closely,Unspecified,4485437,Unknown,Unknown,BROOKLYN,11205.0,40.698463,-73.960205,"{'latitude': '40.698463', 'longitude': '-73.960205', 'human_address': '{""address"": """", ""city"": """", ""state"": """", ""zip"": """"}'}",Unknown,Unknown,Unknown,Unknown,Unknown,Unknown,Unknown,0.0,0.0,0.0,0.0,0.0,0.0,0.0,0.0,0.0,0.0,0.0,0.0,0.0,0.0,0.0,0.0,0.0,0.0,0.0,0.0,0.0,0.0,0.0,0.0,0.0,0.0,0.0,0.0,0.0,0.0,0.0,0.0,0.0,0.0,0.0,0.0,0.0,0.0,0.0,0.0,0.0,0.0,0.0,0.0,0,17,Tuesday,12,1,0
2021-12-05,1900-01-01 08:20:00,Unknown,Unknown,0,0,0,0,0,0,0,0,Unspecified,Unknown,4485408,Sedan,Unknown,BROOKLYN,11212.0,40.658413,-73.9171,"{'latitude': '40.658413', 'longitude': '-73.9171', 'human_address': '{""address"": """", ""city"": """", ""state"": """", ""zip"": """"}'}",Unknown,Unknown,393       ROCKAWAY PARKWAY,Unknown,Unknown,Unknown,Unknown,0.0,0.0,0.0,0.0,0.0,0.0,0.0,0.0,0.0,0.0,0.0,0.0,0.0,0.0,0.0,0.0,0.0,0.0,0.0,0.0,0.0,0.0,0.0,0.0,0.0,0.0,0.0,0.0,0.0,0.0,0.0,0.0,0.0,0.0,0.0,0.0,0.0,0.0,0.0,0.0,0.0,0.0,0.0,0.0,0,8,Sunday,12,1,1
2021-12-08,1900-01-01 19:30:00,Unknown,Unknown,1,0,0,0,1,0,0,0,Following Too Closely,Reaction to Uninvolved Vehicle,4484852,Station Wagon/Sport Utility Vehicle,Bike,MANHATTAN,10022.0,40.76175,-73.96899,"{'latitude': '40.76175', 'longitude': '-73.96899', 'human_address': '{""address"": """", ""city"": """", ""state"": """", ""zip"": """"}'}",Unknown,Unknown,127       EAST 58 STREET,Unknown,Unknown,Unknown,Unknown,0.0,0.0,0.0,0.0,0.0,0.0,0.0,0.0,0.0,0.0,0.0,0.0,0.0,0.0,0.0,0.0,0.0,0.0,0.0,0.0,0.0,0.0,0.0,0.0,0.0,0.0,0.0,0.0,0.0,0.0,0.0,0.0,0.0,0.0,0.0,0.0,0.0,0.0,0.0,0.0,0.0,0.0,0.0,0.0,1,19,Wednesday,12,0,0
2021-12-08,1900-01-01 12:00:00,Unknown,Unknown,1,0,0,0,1,0,0,0,Passing or Lane Usage Improper,Unspecified,4485542,Box Truck,Bike,MANHATTAN,10011.0,40.736614,-73.9951,"{'latitude': '40.736614', 'longitude': '-73.9951', 'human_address': '{""address"": """", ""city"": """", ""state"": """", ""zip"": """"}'}",Unknown,Unknown,44        WEST 14 STREET,Unknown,Unknown,Unknown,Unknown,0.0,0.0,0.0,0.0,0.0,0.0,0.0,0.0,0.0,0.0,0.0,0.0,0.0,0.0,0.0,0.0,0.0,0.0,0.0,0.0,0.0,0.0,0.0,0.0,0.0,0.0,0.0,0.0,0.0,0.0,0.0,0.0,0.0,0.0,0.0,0.0,0.0,0.0,0.0,0.0,0.0,0.0,0.0,0.0,1,12,Wednesday,12,0,0
2021-12-10,1900-01-01 08:06:00,FLATBUSH AVENUE,GRAND ARMY PLAZA,0,0,0,0,0,0,0,0,Unsafe Lane Changing,Unspecified,4485170,Garbage or Refuse,Sedan,Unknown,0.0,0.0,0.0,Unknown,Unknown,Unknown,Unknown,Unknown,Unknown,Unknown,Unknown,0.0,0.0,0.0,0.0,0.0,0.0,0.0,0.0,0.0,0.0,0.0,0.0,0.0,0.0,0.0,0.0,0.0,0.0,0.0,0.0,0.0,0.0,0.0,0.0,0.0,0.0,0.0,0.0,0.0,0.0,0.0,0.0,0.0,0.0,0.0,0.0,0.0,0.0,0.0,0.0,0.0,0.0,0.0,0.0,0,8,Friday,12,1,0
2021-12-08,1900-01-01 19:30:00,OCEAN PARKWAY,Unknown,4,0,0,0,0,0,4,0,Unsafe Speed,Unspecified,4485523,Taxi,Station Wagon/Sport Utility Vehicle,Unknown,0.0,0.0,0.0,Unknown,Unknown,Unknown,Unknown,Unknown,Unknown,Unknown,Unknown,0.0,0.0,0.0,0.0,0.0,0.0,0.0,0.0,0.0,0.0,0.0,0.0,0.0,0.0,0.0,0.0,0.0,0.0,0.0,0.0,0.0,0.0,0.0,0.0,0.0,0.0,0.0,0.0,0.0,0.0,0.0,0.0,0.0,0.0,0.0,0.0,0.0,0.0,0.0,0.0,0.0,0.0,0.0,0.0,1,19,Wednesday,12,0,0
2021-12-08,1900-01-01 22:37:00,Unknown,Unknown,0,0,0,0,0,0,0,0,Pavement Slippery,Unknown,4484906,Sedan,Unknown,STATEN ISLAND,10314.0,40.62121,-74.12385,"{'latitude': '40.62121', 'longitude': '-74.12385', 'human_address': '{""address"": """", ""city"": """", ""state"": """", ""zip"": """"}'}",Unknown,Unknown,288       MANOR ROAD,Unknown,Unknown,Unknown,Unknown,0.0,0.0,0.0,0.0,0.0,0.0,0.0,0.0,0.0,0.0,0.0,0.0,0.0,0.0,0.0,0.0,0.0,0.0,0.0,0.0,0.0,0.0,0.0,0.0,0.0,0.0,0.0,0.0,0.0,0.0,0.0,0.0,0.0,0.0,0.0,0.0,0.0,0.0,0.0,0.0,0.0,0.0,0.0,0.0,0,22,Wednesday,12,0,0
2021-12-08,1900-01-01 17:56:00,MAJOR DEEGAN EXPRESSWAY,Unknown,0,0,0,0,0,0,0,0,Unspecified,Unknown,4485036,Sedan,Unknown,Unknown,0.0,40.873737,-73.90593,"{'latitude': '40.873737', 'longitude': '-73.90593', 'human_address': '{""address"": """", ""city"": """", ""state"": """", ""zip"": """"}'}",Unknown,Unknown,Unknown,Unknown,Unknown,Unknown,Unknown,0.0,0.0,0.0,0.0,0.0,0.0,0.0,0.0,0.0,0.0,0.0,0.0,0.0,0.0,0.0,0.0,0.0,0.0,0.0,0.0,0.0,0.0,0.0,0.0,0.0,0.0,0.0,0.0,0.0,0.0,0.0,0.0,0.0,0.0,0.0,0.0,0.0,0.0,0.0,0.0,0.0,0.0,0.0,0.0,0,17,Wednesday,12,1,0
2021-12-07,1900-01-01 07:50:00,CARROLL STREET,Unknown,0,0,0,0,0,0,0,0,Driver Inattention/Distraction,Unspecified,4485772,Sedan,Sedan,Unknown,0.0,40.66718,-73.95076,"{'latitude': '40.66718', 'longitude': '-73.95076', 'human_address': '{""address"": """", ""city"": """", ""state"": """", ""zip"": """"}'}",Unknown,Unknown,Unknown,Unknown,Unknown,Unknown,Unknown,0.0,0.0,0.0,0.0,0.0,0.0,0.0,0.0,0.0,0.0,0.0,0.0,0.0,0.0,0.0,0.0,0.0,0.0,0.0,0.0,0.0,0.0,0.0,0.0,0.0,0.0,0.0,0.0,0.0,0.0,0.0,0.0,0.0,0.0,0.0,0.0,0.0,0.0,0.0,0.0,0.0,0.0,0.0,0.0,0,7,Tuesday,12,1,0
2021-12-08,1900-01-01 00:44:00,23 STREET,40 AVENUE,0,0,0,0,0,0,0,0,View Obstructed/Limited,Unknown,4485565,Sedan,Unknown,QUEENS,11101.0,40.754295,-73.93946,"{'latitude': '40.754295', 'longitude': '-73.93946', 'human_address': '{""address"": """", ""city"": """", ""state"": """", ""zip"": """"}'}",Unknown,Unknown,Unknown,Unknown,Unknown,Unknown,Unknown,0.0,0.0,0.0,0.0,0.0,0.0,0.0,0.0,0.0,0.0,0.0,0.0,0.0,0.0,0.0,0.0,0.0,0.0,0.0,0.0,0.0,0.0,0.0,0.0,0.0,0.0,0.0,0.0,0.0,0.0,0.0,0.0,0.0,0.0,0.0,0.0,0.0,0.0,0.0,0.0,0.0,0.0,0.0,0.0,0,0,Wednesday,12,0,0
2021-12-08,1900-01-01 15:00:00,AVENUE Y,Unknown,0,0,0,0,0,0,0,0,Passing Too Closely,Unknown,4484836,Sedan,Unknown,Unknown,0.0,40.588116,-73.97261,"{'latitude': '40.588116', 'longitude': '-73.97261', 'human_address': '{""address"": """", ""city"": """", ""state"": """", ""zip"": """"}'}",Unknown,Unknown,Unknown,Unknown,Unknown,Unknown,Unknown,0.0,0.0,0.0,0.0,0.0,0.0,0.0,0.0,0.0,0.0,0.0,0.0,0.0,0.0,0.0,0.0,0.0,0.0,0.0,0.0,0.0,0.0,0.0,0.0,0.0,0.0,0.0,0.0,0.0,0.0,0.0,0.0,0.0,0.0,0.0,0.0,0.0,0.0,0.0,0.0,0.0,0.0,0.0,0.0,0,15,Wednesday,12,0,0
2021-12-10,1900-01-01 11:00:00,Unknown,Unknown,0,0,0,0,0,0,0,0,Oversized Vehicle,Unspecified,4485340,Station Wagon/Sport Utility Vehicle,Station Wagon/Sport Utility Vehicle,BRONX,10461.0,40.854935,-73.85822,"{'latitude': '40.854935', 'longitude': '-73.85822', 'human_address': '{""address"": """", ""city"": """", ""state"": """", ""zip"": """"}'}",Unknown,Unknown,2123      LURTING AVENUE,Unknown,Unknown,Unknown,Unknown,0.0,0.0,0.0,0.0,0.0,0.0,0.0,0.0,0.0,0.0,0.0,0.0,0.0,0.0,0.0,0.0,0.0,0.0,0.0,0.0,0.0,0.0,0.0,0.0,0.0,0.0,0.0,0.0,0.0,0.0,0.0,0.0,0.0,0.0,0.0,0.0,0.0,0.0,0.0,0.0,0.0,0.0,0.0,0.0,0,11,Friday,12,0,0
2021-12-10,1900-01-01 01:10:00,SCHENECTADY AVENUE,Unknown,0,0,0,0,0,0,0,0,Driver Inattention/Distraction,Unspecified,4485706,Station Wagon/Sport Utility Vehicle,Sedan,Unknown,0.0,40.662575,-73.93448,"{'latitude': '40.662575', 'longitude': '-73.93448', 'human_address': '{""address"": """", ""city"": """", ""state"": """", ""zip"": """"}'}",Unknown,Unknown,Unknown,Unknown,Unknown,Unknown,Unknown,0.0,0.0,0.0,0.0,0.0,0.0,0.0,0.0,0.0,0.0,0.0,0.0,0.0,0.0,0.0,0.0,0.0,0.0,0.0,0.0,0.0,0.0,0.0,0.0,0.0,0.0,0.0,0.0,0.0,0.0,0.0,0.0,0.0,0.0,0.0,0.0,0.0,0.0,0.0,0.0,0.0,0.0,0.0,0.0,0,1,Friday,12,0,0