crash_date,crash_time,on_street_name,off_street_name,number_of_persons_injured,number_of_persons_killed,number_of_pedestrians_injured,number_of_pedestrians_killed,number_of_cyclist_injured,number_of_cyclist_killed,number_of_motorist_injured,number_of_motorist_killed,contributing_factor_vehicle_1,contributing_factor_vehicle_2,collision_id,vehicle_type_code1,vehicle_type_code2,borough,zip_code,latitude,longitude,location,contributing_factor_vehicle_3,vehicle_type_code_3,cross_street_name,contributing_factor_vehicle_4,vehicle_type_code_4,contributing_factor_vehicle_5,vehicle_type_code_5,unique_id,crash_date_veh,crash_time_veh,vehicle_id,state_registration,vehicle_type,contributing_factor_1,vehicle_make,vehicle_year,travel_direction,vehicle_occupants,driver_sex,driver_license_status,driver_license_jurisdiction,pre_crash,point_of_impact,vehicle_damage,public_property_damage,contributing_factor_2,vehicle_damage_1,vehicle_damage_2,vehicle_damage_3,vehicle_model,public_property_damage_type,unique_id_pers,crash_date_pers,crash_time_pers,person_id,person_type,person_injury,vehicle_id_pers,ped_role,person_sex,person_age,ejection,emotional_status,bodily_injury,position_in_vehicle,safety_equipment,complaint,ped_location,ped_action,contributing_factor_1_pers,contributing_factor_2_pers,injury_occurred,crash_hour,day_of_week,month,rush_hour,is_weekend
2021-12-09,1900-01-01 00:00:00,47 ROAD,Unknown,1,0,1,0,0,0,0,0,Unspecified,Unknown,4485384,Sedan,Unknown,Unknown,0.0,40.7448,-73.953415,"{'latitude': '40.7448', 'longitude': '-73.953415', 'human_address': '{""address"": """", ""city"": """", ""state"": """", ""zip"": """"}'}",Unknown,Unknown,Unknown,Unknown,Unknown,Unknown,Unknown,0.0,0.0,0.0,0.0,0.0,0.0,0.0,0.0,0.0,0.0,0.0,0.0,0.0,0.0,0.0,0.0,0.0,0.0,0.0,0.0,0.0,0.0,0.0,0.0,0.0,0.0,0.0,0.0,0.0,0.0,0.0,0.0,0.0,0.0,0.0,0.0,0.0,0.0,0.0,0.0,0.0,0.0,0.0,0.0,1,0,Thursday,12,0,0
2021-12-08,1900-01-01 18:36:00,HENRY HUDSON PARKWAY,Unknown,0,0,0,0,0,0,0,0,Passing or Lane Usage Improper,Unspecified,4484799,Sedan,Station Wagon/Sport Utility Vehicle,Unknown,0.0,40.79672,-73.97618,"{'latitude': '40.79672', 'longitude': '-73.97618', 'human_address': '{""address"": """", ""city"": """", ""state"": """", ""zip"": """"}'}",Unknown,Unknown,Unknown,Unknown,Unknown,Unknown,Unknown,0.0,0.0,0.0,0.0,0.0,0.0,0.0,0.0,0.0,0.0,0.0,0.0,0.0,0.0,0.0,0.0,0.0,0.0,0.0,0.0,0.0,0.0,0.0,0.0,0.0,0.0,0.0,0.0,0.0,0.0,0.0,0.0,0.0,0.0,0.0,0.0,0.0,0.0,0.0,0.0,0.0,0.0,0.0,0.0,0,18,Wednesday,12,1,0
2021-12-09,1900-01-01 20:30:00,Unknown,Unknown,0,0,0,0,0,0,0,0,Illnes,Unknown,4485077,Sedan,Unknown,QUEENS,11004.0,40.752777,-73.70743,"{'latitude': '40.752777', 'longitude': '-73.70743', 'human_address': '{""address"": """", ""city"": """", ""state"": """", ""zip"": """"}'}",Unknown,Unknown,269-01    76 AVENUE,Unknown,Unknown,Unknown,Unknown,0.0,0.0,0.0,0.0,0.0,0.0,0.0,0.0,0.0,0.0,0.0,0.0,0.0,0.0,0.0,0.0,0.0,0.0,0.0,0.0,0.0,0.0,0.0,0.0,0.0,0.0,0.0,0.0,0.0,0.0,0.0,0.0,0.0,0.0,0.0,0.0,0.0,0.0,0.0,0.0,0.0,0.0,0.0,0.0,0,20,Thursday,12,0,0
2021-12-09,1900-01-01 10:13:00,KINGS HIGHWAY,FARRAGUT ROAD,2,0,0,0,0,0,2,0,Traffic Control Disregarded,Traffic Control Disregarded,4485090,Sedan,Sedan,BROOKLYN,11203.0,40.638523,-73.92607,"{'latitude': '40.638523', 'longitude': '-73.92607', 'human_address': '{""address"": """", ""city"": """", ""state"": """", ""zip"": """"}'}",Unknown,Unknown,Unknown,Unknown,Unknown,Unknown,Unknown,0.0,0.0,0.0,0.0,0.0,0.0,0.0,0.0,0.0,0.0,0.0,0.0,0.0,0.0,0.0,0.0,0.0,0.0,0.0,0.0,0.0,0.0,0.0,0.0,0.0,0.0,0.0,0.0,0.0,0.0,0.0,0.0,0.0,0.0,0.0,0.0,0.0,0.0,0.0,0.0,0.0,0.0,0.0,0.0,1,10,Thursday,12,0,0
2022-03-26,1900-01-01 14:00:00,CORSON AVENUE,WESTERVELT AVENUE,0,0,0,0,0,0,0,0,Driver Inattention/Distraction,Unspecified,4513697,Sedan,Sedan,STATEN ISLAND,10301.0,40.637833,-74.08193,"{'latitude': '40.637833', 'longitude': '-74.08193', 'human_address': '{""address"": """", ""city"": """", ""state"": """", ""zip"": """"}'}",Unknown,Unknown,Unknown,Unknown,Unknown,Unknown,Unknown,0.0,0.0,0.0,0.0,0.0,0.0,0.0,0.0,0.0,0.0,0.0,0.0,0.0,0.0,0.0,0.0,0.0,0.0,0.0,0.0,0.0,0.0,0.0,0.0,0.0,0.0,0.0,0.0,0.0,0.0,0.0,0.0,0.0,0.0,0.0,0.0,0.0,0.0,0.0,0.0,0.0,0.0,0.0,0.0,0,14,Saturday,3,0,1
2022-03-26,1900-01-01 01:02:00,WEST 101 STREET,BROADWAY,1,0,0,0,0,0,1,0,Traffic Control Disregarded,Unspecified,4513935,Sedan,Moped,MANHATTAN,10025.0,40.797836,-73.96946,"{'latitude': '40.797836', 'longitude': '-73.96946', 'human_address': '{""address"": """", ""city"": """", ""state"": """", ""zip"": """"}'}",Unknown,Unknown,Unknown,Unknown,Unknown,Unknown,Unknown,0.0,0.0,0.0,0.0,0.0,0.0,0.0,0.0,0.0,0.0,0.0,0.0,0.0,0.0,0.0,0.0,0.0,0.0,0.0,0.0,0.0,0.0,0.0,0.0,0.0,0.0,0.0,0.0,0.0,0.0,0.0,0.0,0.0,0.0,0.0,0.0,0.0,0.0,0.0,0.0,0.0,0.0,0.0,0.0,1,1,Saturday,3,0,1
2022-03-26,1900-01-01 16:02:00,QUEENS BOULEVARD,57 AVENUE,1,0,0,0,0,0,1,0,Lost Consciousness,Unspecified,4513794,Station Wagon/Sport Utility Vehicle,Sedan,QUEENS,11373.0,40.734375,-73.87342,"{'latitude': '40.734375', 'longitude': '-73.87342', 'human_address': '{""address"": """", ""city"": """", ""state"": """", ""zip"": """"}'}",Unknown,Unknown,Unknown,Unknown,Unknown,Unknown,Unknown,0.0,0.0,0.0,0.0,0.0,0.0,0.0,0.0,0.0,0.0,0.0,0.0,0.0,0.0,0.0,0.0,0.0,0.0,0.0,0.0,0.0,0.0,0.0,0.0,0.0,0.0,0.0,0.0,0.0,0.0,0.0,0.0,0.0,0.0,0.0,0.0,0.0,0.0,0.0,0.0,0.0,0.0,0.0,0.0,1,16,Saturday,3,1,1
2022-03-26,1900-01-01 16:05:00,115 AVENUE,221 STREET,1,0,0,0,0,0,1,0,Following Too Closely,Unspecified,4514267,Station Wagon/Sport Utility Vehicle,Bus,QUEENS,11411.0,40.699947,-73.736626,"{'latitude': '40.699947', 'longitude': '-73.736626', 'human_address': '{""address"": """", ""city"": """", ""state"": """", ""zip"": """"}'}",Unknown,Unknown,Unknown,Unknown,Unknown,Unknown,Unknown,0.0,0.0,0.0,0.0,0.0,0.0,0.0,0.0,0.0,0.0,0.0,0.0,0.0,0.0,0.0,0.0,0.0,0.0,0.0,0.0,0.0,0.0,0.0,0.0,0.0,0.0,0.0,0.0,0.0,0.0,0.0,0.0,0.0,0.0,0.0,0.0,0.0,0.0,0.0,0.0,0.0,0.0,0.0,0.0,1,16,Saturday,3,1,1
2022-03-21,1900-01-01 12:05:00,Unknown,Unknown,1,0,0,0,0,0,1,0,Following Too Closely,Unspecified,4514237,Motorcycle,Sedan,MANHATTAN,10018.0,40.75632,-73.999275,"{'latitude': '40.75632', 'longitude': '-73.999275', 'human_address': '{""address"": """", ""city"": """", ""state"": """", ""zip"": """"}'}",Unknown,Unknown,515       WEST 36 STREET,Unknown,Unknown,Unknown,Unknown,0.0,0.0,0.0,0.0,0.0,0.0,0.0,0.0,0.0,0.0,0.0,0.0,0.0,0.0,0.0,0.0,0.0,0.0,0.0,0.0,0.0,0.0,0.0,0.0,0.0,0.0,0.0,0.0,0.0,0.0,0.0,0.0,0.0,0.0,0.0,0.0,0.0,0.0,0.0,0.0,0.0,0.0,0.0,0.0,1,12,Monday,3,0,0
2022-03-26,1900-01-01 05:13:00,131 STREET,ATLANTIC AVENUE,0,0,0,0,0,0,0,0,Failure to Yield Right-of-Way,Unspecified,4513470,Station Wagon/Sport Utility Vehicle,Station Wagon/Sport Utility Vehicle,QUEENS,11418.0,40.69614,-73.81789,"{'latitude': '40.69614', 'longitude': '-73.81789', 'human_address': '{""address"": """", ""city"": """", ""state"": """", ""zip"": """"}'}",Unknown,Unknown,Unknown,Unknown,Unknown,Unknown,Unknown,0.0,0.0,0.0,0.0,0.0,0.0,0.0,0.0,0.0,0.0,0.0,0.0,0.0,0.0,0.0,0.0,0.0,0.0,0.0,0.0,0.0,0.0,0.0,0.0,0.0,0.0,0.0,0.0,0.0,0.0,0.0,0.0,0.0,0.0,0.0,0.0,0.0,0.0,0.0,0.0,0.0,0.0,0.0,0.0,0,5,Saturday,3,0,1
2022-03-26,1900-01-01 17:42:00,Unknown,Unknown,0,0,0,0,0,0,0,0,Driver Inattention/Distraction,Unspecified,4513751,Sedan,Unknown,BROOKLYN,11234.0,40.631687,-73.9205,"{'latitude': '40.631687', 'longitude': '-73.9205', 'human_address': '{""address"": """", ""city"": """", ""state"": """", ""zip"": """"}'}",Unknown,Unknown,935       EAST 58 STREET,Unknown,Unknown,Unknown,Unknown,0.0,0.0,0.0,0.0,0.0,0.0,0.0,0.0,0.0,0.0,0.0,0.0,0.0,0.0,0.0,0.0,0.0,0.0,0.0,0.0,0.0,0.0,0.0,0.0,0.0,0.0,0.0,0.0,0.0,0.0,0.0,0.0,0.0,0.0,0.0,0.0,0.0,0.0,0.0,0.0,0.0,0.0,0.0,0.0,0,17,Saturday,3,1,1
2022-03-26,1900-01-01 12:18:00,LACONIA AVENUE,EAST 231 STREET,2,0,0,0,0,0,2,0,Failure to Yield Right-of-Way,Unspecified,4514075,Station Wagon/Sport Utility Vehicle,Station Wagon/Sport Utility Vehicle,BRONX,10466.0,40.88839,-73.84666,"{'latitude': '40.88839', 'longitude': '-73.84666', 'human_address': '{""address"": """", ""city"": """", ""state"": """", ""zip"": """"}'}",Unknown,Unknown,Unknown,Unknown,Unknown,Unknown,Unknown,0.0,0.0,0.0,0.0,0.0,0.0,0.0,0.0,0.0,0.0,0.0,0.0,0.0,0.0,0.0,0.0,0.0,0.0,0.0,0.0,0.0,0.0,0.0,0.0,0.0,0.0,0.0,0.0,0.0,0.0,0.0,0.0,0.0,0.0,0.0,0.0,0.0,0.0,0.0,0.0,0.0,0.0,0.0,0.0,1,12,Saturday,3,0,1
2022-03-26,1900-01-01 20:10:00,Unknown,Unknown,0,0,0,0,0,0,0,0,Unspecified,Unknown,4513857,Station Wagon/Sport Utility Vehicle,Unknown,BRONX,10462.0,40.844425,-73.8639,"{'latitude': '40.844425', 'longitude': '-73.8639', 'human_address': '{""address"": """", ""city"": """", ""state"": """", ""zip"": """"}'}",Unknown,Unknown,1706      HOLLAND AVENUE,Unknown,Unknown,Unknown,Unknown,0.0,0.0,0.0,0.0,0.0,0.0,0.0,0.0,0.0,0.0,0.0,0.0,0.0,0.0,0.0,0.0,0.0,0.0,0.0,0.0,0.0,0.0,0.0,0.0,0.0,0.0,0.0,0.0,0.0,0.0,0.0,0.0,0.0,0.0,0.0,0.0,0.0,0.0,0.0,0.0,0.0,0.0,0.0,0.0,0,20,Saturday,3,0,1
2022-03-26,1900-01-01 15:45:00,WHITE PLAINS ROAD,CROSS BRONX EXPRESSWAY,2,0,0,0,0,0,2,0,Alcohol Involvement,Unspecified,4514202,Station Wagon/Sport Utility Vehicle,Unknown,BRONX,10472.0,40.833965,-73.8629,"{'latitude': '40.833965', 'longitude': '-73.8629', 'human_address': '{""address"": """", ""city"": """", ""state"": """", ""zip"": """"}'}",Unknown,Unknown,Unknown,Unknown,Unknown,Unknown,Unknown,0.0,0.0,0.0,0.0,0.0,0.0,0.0,0.0,0.0,0.0,0.0,0.0,0.0,0.0,0.0,0.0,0.0,0.0,0.0,0.0,0.0,0.0,0.0,0.0,0.0,0.0,0.0,0.0,0.0,0.0,0.0,0.0,0.0,0.0,0.0,0.0,0.0,0.0,0.0,0.0,0.0,0.0,0.0,0.0,1,15,Saturday,3,0,1
2022-03-26,1900-01-01 17:55:00,MANHATTAN AVENUE,BOERUM STREET,0,0,0,0,0,0,0,0,Driver Inattention/Distraction,Unspecified,4514347,Sedan,Unknown,BROOKLYN,11206.0,40.705738,-73.944695,"{'latitude': '40.705738', 'longitude': '-73.944695', 'human_address': '{""address"": """", ""city"": """", ""state"": """", ""zip"": """"}'}",Unknown,Unknown,Unknown,Unknown,Unknown,Unknown,Unknown,0.0,0.0,0.0,0.0,0.0,0.0,0.0,0.0,0.0,0.0,0.0,0.0,0.0,0.0,0.0,0.0,0.0,0.0,0.0,0.0,0.0,0.0,0.0,0.0,0.0,0.0,0.0,0.0,0.0,0.0,0.0,0.0,0.0,0.0,0.0,0.0,0.0,0.0,0.0,0.0,0.0,0.0,0.0,0.0,0,17,Saturday,3,1,1
2022-03-26,1900-01-01 00:50:00,AVENUE N,EAST 102 STREET,0,0,0,0,0,0,0,0,Unsafe Speed,Unspecified,4513495,Sedan,Station Wagon/Sport Utility Vehicle,BROOKLYN,11236.0,40.637905,-73.8878,"{'latitude': '40.637905', 'longitude': '-73.8878', 'human_address': '{""address"": """", ""city"": """", ""state"": """", ""zip"": """"}'}",Unknown,Unknown,Unknown,Unknown,Unknown,Unknown,Unknown,0.0,0.0,0.0,0.0,0.0,0.0,0.0,0.0,0.0,0.0,0.0,0.0,0.0,0.0,0.0,0.0,0.0,0.0,0.0,0.0,0.0,0.0,0.0,0.0,0.0,0.0,0.0,0.0,0.0,0.0,0.0,0.0,0.0,0.0,0.0,0.0,0.0,0.0,0.0,0.0,0.0,0.0,0.0,0.0,0,0,Saturday,3,0,1
2022-03-26,1900-01-01 14:05:00,Unknown,Unknown,1,0,0,0,0,0,1,0,Unsafe Speed,Unspecified,4513874,Station Wagon/Sport Utility Vehicle,Motorcycle,BROOKLYN,11210.0,40.635063,-73.94788,"{'latitude': '40.635063', 'longitude': '-73.94788', 'human_address': '{""address"": """", ""city"": """", ""state"": """", ""zip"": """"}'}",Unknown,Unknown,2067      NOSTRAND AVENUE,Unknown,Unknown,Unknown,Unknown,0.0,0.0,0.0,0.0,0.0,0.0,0.0,0.0,0.0,0.0,0.0,0.0,0.0,0.0,0.0,0.0,0.0,0.0,0.0,0.0,0.0,0.0,0.0,0.0,0.0,0.0,0.0,0.0,0.0,0.0,0.0,0.0,0.0,0.0,0.0,0.0,0.0,0.0,0.0,0.0,0.0,0.0,0.0,0.0,1,14,Saturday,3,0,1
2022-03-26,1900-01-01 09:30:00,BRUCKNER BOULEVARD,EAST 137 STREET,0,0,0,0,0,0,0,0,Unspecified,Unknown,4514263,Sedan,Unknown,Unknown,0.0,40.804153,-73.91304,"{'latitude': '40.804153', 'longitude': '-73.91304', 'human_address': '{""address"": """", ""city"": """", ""state"": """", ""zip"": """"}'}",Unknown,Unknown,Unknown,Unknown,Unknown,Unknown,Unknown,0.0,0.0,0.0,0.0,0.0,0.0,0.0,0.0,0.0,0.0,0.0,0.0,0.0,0.0,0.0,0.0,0.0,0.0,0.0,0.0,0.0,0.0,0.0,0.0,0.0,0.0,0.0,0.0,0.0,0.0,0.0,0.0,0.0,0.0,0.0,0.0,0.0,0.0,0.0,0.0,0.0,0.0,0.0,0.0,0,9,Saturday,3,1,1
2022-03-10,1900-01-01 08:30:00,PROSPECT PLACE,GRAND AVENUE,4,0,0,0,0,0,4,0,Other Vehicular,Following Too Closely,4514323,Station Wagon/Sport Utility Vehicle,Station Wagon/Sport Utility Vehicle,BROOKLYN,11238.0,40.676403,-73.96287,"{'latitude': '40.676403', 'longitude': '-73.96287', 'human_address': '{""address"": """", ""city"": """", ""state"": """", ""zip"": """"}'}",Unspecified,Sedan,Unknown,Unknown,Unknown,Unknown,Unknown,0.0,0.0,0.0,0.0,0.0,0.0,0.0,0.0,0.0,0.0,0.0,0.0,0.0,0.0,0.0,0.0,0.0,0.0,0.0,0.0,0.0,0.0,0.0,0.0,0.0,0.0,0.0,0.0,0.0,0.0,0.0,0.0,0.0,0.0,0.0,0.0,0.0,0.0,0.0,0.0,0.0,0.0,0.0,0.0,1,8,Thursday,3,1,0
2022-03-24,1900-01-01 23:00:00,WATSON AVENUE,CASTLE HILL AVENUE,1,0,1,0,0,0,0,0,Unspecified,Unknown,4514182,Sedan,Unknown,BRONX,10472.0,40.829777,-73.85055,"{'latitude': '40.829777', 'longitude': '-73.85055', 'human_address': '{""address"": """", ""city"": """", ""state"": """", ""zip"": """"}'}",Unknown,Unknown,Unknown,Unknown,Unknown,Unknown,Unknown,0.0,0.0,0.0,0.0,0.0,0.0,0.0,0.0,0.0,0.0,0.0,0.0,0.0,0.0,0.0,0.0,0.0,0.0,0.0,0.0,0.0,0.0,0.0,0.0,0.0,0.0,0.0,0.0,0.0,0.0,0.0,0.0,0.0,0.0,0.0,0.0,0.0,0.0,0.0,0.0,0.0,0.0,0.0,0.0,1,23,Thursday,3,0,0
2022-03-26,1900-01-01 07:36:00,FORT HAMILTON PARKWAY,97 STREET,0,0,0,0,0,0,0,0,Brakes Defective,Unspecified,4513515,Station Wagon/Sport Utility Vehicle,Taxi,BROOKLYN,11209.0,40.613926,-74.030174,"{'latitude': '40.613926', 'longitude': '-74.030174', 'human_address': '{""address"": """", ""city"": """", ""state"": """", ""zip"": """"}'}",Unspecified,Sedan,Unknown,Unknown,Unknown,Unknown,Unknown,0.0,0.0,0.0,0.0,0.0,0.0,0.0,0.0,0.0,0.0,0.0,0.0,0.0,0.0,0.0,0.0,0.0,0.0,0.0,0.0,0.0,0.0,0.0,0.0,0.0,0.0,0.0,0.0,0.0,0.0,0.0,0.0,0.0,0.0,0.0,0.0,0.0,0.0,0.0,0.0,0.0,0.0,0.0,0.0,0,7,Saturday,3,1,1
2022-03-26,1900-01-01 11:50:00,EAST 94 STREET,AVENUE M,2,0,2,0,0,0,0,0,Failure to Yield Right-of-Way,Unknown,4513663,Station Wagon/Sport Utility Vehicle,Unknown,BROOKLYN,11236.0,40.635563,-73.89577,"{'latitude': '40.635563', 'longitude': '-73.89577', 'human_address': '{""address"": """", ""city"": """", ""state"": """", ""zip"": """"}'}",Unknown,Unknown,Unknown,Unknown,Unknown,Unknown,Unknown,0.0,0.0,0.0,0.0,0.0,0.0,0.0,0.0,0.0,0.0,0.0,0.0,0.0,0.0,0.0,0.0,0.0,0.0,0.0,0.0,0.0,0.0,0.0,0.0,0.0,0.0,0.0,0.0,0.0,0.0,0.0,0.0,0.0,0.0,0.0,0.0,0.0,0.0,0.0,0.0,0.0,0.0,0.0,0.0,1,11,Saturday,3,0,1
2022-03-26,1900-01-01 17:42:00,114 STREET,SUTTER AVENUE,0,0,0,0,0,0,0,0,Passing Too Closely,Unspecified,4513953,Station Wagon/Sport Utility Vehicle,Sedan,QUEENS,11420.0,40.675167,-73.825264,"{'latitude': '40.675167', 'longitude': '-73.825264', 'human_address': '{""address"": """", ""city"": """", ""state"": """", ""zip"": """"}'}",Unknown,Unknown,Unknown,Unknown,Unknown,Unknown,Unknown,0.0,0.0,0.0,0.0,0.0,0.0,0.0,0.0,0.0,0.0,0.0,0.0,0.0,0.0,0.0,0.0,0.0,0.0,0.0,0.0,0.0,0.0,0.0,0.0,0.0,0.0,0.0,0.0,0.0,0.0,0.0,0.0,0.0,0.0,0.0,0.0,0.0,0.0,0.0,0.0,0.0,0.0,0.0,0.0,0,17,Saturday,3,1,1
2022-03-26,1900-01-01 01:45:00,EAST 62 STREET,1 AVENUE,0,0,0,0,0,0,0,0,Driver Inattention/Distraction,Driver Inattention/Distraction,4513985,Sedan,Sedan,MANHATTAN,10065.0,40.761486,-73.96061,"{'latitude': '40.761486', 'longitude': '-73.96061', 'human_address': '{""address"": """", ""city"": """", ""state"": """", ""zip"": """"}'}",Unknown,Unknown,Unknown,Unknown,Unknown,Unknown,Unknown,0.0,0.0,0.0,0.0,0.0,0.0,0.0,0.0,0.0,0.0,0.0,0.0,0.0,0.0,0.0,0.0,0.0,0.0,0.0,0.0,0.0,0.0,0.0,0.0,0.0,0.0,0.0,0.0,0.0,0.0,0.0,0.0,0.0,0.0,0.0,0.0,0.0,0.0,0.0,0.0,0.0,0.0,0.0,0.0,0,1,Saturday,3,0,1
2022-03-26,1900-01-01 17:00:00,Unknown,Unknown,0,0,0,0,0,0,0,0,Passing or Lane Usage Improper,Unspecified,4514084,Sedan,Station Wagon/Sport Utility Vehicle,BROOKLYN,11249.0,40.712284,-73.964005,"{'latitude': '40.712284', 'longitude': '-73.964005', 'human_address': '{""address"": """", ""city"": """", ""state"": """", ""zip"": """"}'}",Unknown,Unknown,98        SOUTH 4 STREET,Unknown,Unknown,Unknown,Unknown,0.0,0.0,0.0,0.0,0.0,0.0,0.0,0.0,0.0,0.0,0.0,0.0,0.0,0.0,0.0,0.0,0.0,0.0,0.0,0.0,0.0,0.0,0.0,0.0,0.0,0.0,0.0,0.0,0.0,0.0,0.0,0.0,0.0,0.0,0.0,0.0,0.0,0.0,0.0,0.0,0.0,0.0,0.0,0.0,0,17,Saturday,3,1,1
2022-02-25,1900-01-01 11:48:00,JAMAICA AVENUE,165 STREET,0,0,0,0,0,0,0,0,Following Too Closely,Following Too Closely,4514144,E-Scooter,Sedan,QUEENS,11432.0,40.70546,-73.7949,"{'latitude': '40.70546', 'longitude': '-73.7949', 'human_address': '{""address"": """", ""city"": """", ""state"": """", ""zip"": """"}'}",Unknown,Unknown,Unknown,Unknown,Unknown,Unknown,Unknown,0.0,0.0,0.0,0.0,0.0,0.0,0.0,0.0,0.0,0.0,0.0,0.0,0.0,0.0,0.0,0.0,0.0,0.0,0.0,0.0,0.0,0.0,0.0,0.0,0.0,0.0,0.0,0.0,0.0,0.0,0.0,0.0,0.0,0.0,0.0,0.0,0.0,0.0,0.0,0.0,0.0,0.0,0.0,0.0,0,11,Friday,2,0,0
2022-03-26,1900-01-01 22:51:00,WEST 30 STREET,Unknown,1,0,1,0,0,0,0,0,Failure to Yield Right-of-Way,Unknown,4513606,Sedan,Unknown,Unknown,0.0,40.74967,-73.99531,"{'latitude': '40.74967', 'longitude': '-73.99531', 'human_address': '{""address"": """", ""city"": """", ""state"": """", ""zip"": """"}'}",Unknown,Unknown,Unknown,Unknown,Unknown,Unknown,Unknown,0.0,0.0,0.0,0.0,0.0,0.0,0.0,0.0,0.0,0.0,0.0,0.0,0.0,0.0,0.0,0.0,0.0,0.0,0.0,0.0,0.0,0.0,0.0,0.0,0.0,0.0,0.0,0.0,0.0,0.0,0.0,0.0,0.0,0.0,0.0,0.0,0.0,0.0,0.0,0.0,0.0,0.0,0.0,0.0,1,22,Saturday,3,0,1
2022-03-26,1900-01-01 08:21:00,SAINT NICHOLAS AVENUE,WEST 159 STREET,0,0,0,0,0,0,0,0,Driver Inattention/Distraction,Unspecified,4513564,Box Truck,Station Wagon/Sport Utility Vehicle,MANHATTAN,10032.0,40.833786,-73.94037,"{'latitude': '40.833786', 'longitude': '-73.94037', 'human_address': '{""address"": """", ""city"": """", ""state"": """", ""zip"": """"}'}",Unknown,Unknown,Unknown,Unknown,Unknown,Unknown,Unknown,0.0,0.0,0.0,0.0,0.0,0.0,0.0,0.0,0.0,0.0,0.0,0.0,0.0,0.0,0.0,0.0,0.0,0.0,0.0,0.0,0.0,0.0,0.0,0.0,0.0,0.0,0.0,0.0,0.0,0.0,0.0,0.0,0.0,0.0,0.0,0.0,0.0,0.0,0.0,0.0,0.0,0.0,0.0,0.0,0,8,Saturday,3,1,1
2022-03-17,1900-01-01 08:00:00,139 STREET,Unknown,1,0,0,0,0,0,1,0,Traffic Control Disregarded,Unspecified,4514412,Sedan,Station Wagon/Sport Utility Vehicle,Unknown,0.0,40.67794,-73.8023,"{'latitude': '40.67794', 'longitude': '-73.8023', 'human_address': '{""address"": """", ""city"": """", ""state"": """", ""zip"": """"}'}",Unknown,Unknown,Unknown,Unknown,Unknown,Unknown,Unknown,0.0,0.0,0.0,0.0,0.0,0.0,0.0,0.0,0.0,0.0,0.0,0.0,0.0,0.0,0.0,0.0,0.0,0.0,0.0,0.0,0.0,0.0,0.0,0.0,0.0,0.0,0.0,0.0,0.0,0.0,0.0,0.0,0.0,0.0,0.0,0.0,0.0,0.0,0.0,0.0,0.0,0.0,0.0,0.0,1,8,Thursday,3,1,0
2022-03-26,1900-01-01 10:30:00,Unknown,Unknown,0,0,0,0,0,0,0,0,Backing Unsafely,Unspecified,4513587,Station Wagon/Sport Utility Vehicle,Station Wagon/Sport Utility Vehicle,BROOKLYN,11220.0,40.637985,-74.0076,"{'latitude': '40.637985', 'longitude': '-74.0076', 'human_address': '{""address"": """", ""city"": """", ""state"": """", ""zip"": """"}'}",Unknown,Unknown,736       56 STREET,Unknown,Unknown,Unknown,Unknown,0.0,0.0,0.0,0.0,0.0,0.0,0.0,0.0,0.0,0.0,0.0,0.0,0.0,0.0,0.0,0.0,0.0,0.0,0.0,0.0,0.0,0.0,0.0,0.0,0.0,0.0,0.0,0.0,0.0,0.0,0.0,0.0,0.0,0.0,0.0,0.0,0.0,0.0,0.0,0.0,0.0,0.0,0.0,0.0,0,10,Saturday,3,0,1
2021-12-16,1900-01-01 09:23:00,JACKIE ROBINSON EXPY,JAMAICA AVENUE,0,0,0,0,0,0,0,0,Unspecified,Unspecified,4487185,Station Wagon/Sport Utility Vehicle,Sedan,Unknown,0.0,0.0,0.0,Unknown,Unknown,Unknown,Unknown,Unknown,Unknown,Unknown,Unknown,0.0,0.0,0.0,0.0,0.0,0.0,0.0,0.0,0.0,0.0,0.0,0.0,0.0,0.0,0.0,0.0,0.0,0.0,0.0,0.0,0.0,0.0,0.0,0.0,0.0,0.0,0.0,0.0,0.0,0.0,0.0,0.0,0.0,0.0,0.0,0.0,0.0,0.0,0.0,0.0,0.0,0.0,0.0,0.0,0,9,Thursday,12,1,0
2022-03-26,1900-01-01 13:48:00,Unknown,Unknown,1,0,1,0,0,0,0,0,Unknown,Unknown,4513565,Unknown,Unknown,MANHATTAN,10032.0,40.835037,-73.93979,"{'latitude': '40.835037', 'longitude': '-73.93979', 'human_address': '{""address"": """", ""city"": """", ""state"": """", ""zip"": """"}'}",Unknown,Unknown,1016      SAINT NICHOLAS AVENUE,Unknown,Unknown,Unknown,Unknown,0.0,0.0,0.0,0.0,0.0,0.0,0.0,0.0,0.0,0.0,0.0,0.0,0.0,0.0,0.0,0.0,0.0,0.0,0.0,0.0,0.0,0.0,0.0,0.0,0.0,0.0,0.0,0.0,0.0,0.0,0.0,0.0,0.0,0.0,0.0,0.0,0.0,0.0,0.0,0.0,0.0,0.0,0.0,0.0,1,13,Saturday,3,0,1