crash_date,crash_time,on_street_name,off_street_name,number_of_persons_injured,number_of_persons_killed,number_of_pedestrians_injured,number_of_pedestrians_killed,number_of_cyclist_injured,number_of_cyclist_killed,number_of_motorist_injured,number_of_motorist_killed,contributing_factor_vehicle_1,contributing_factor_vehicle_2,collision_id,vehicle_type_code1,vehicle_type_code2,borough,zip_code,latitude,longitude,location,contributing_factor_vehicle_3,vehicle_type_code_3,cross_street_name,contributing_factor_vehicle_4,vehicle_type_code_4,contributing_factor_vehicle_5,vehicle_type_code_5,unique_id,crash_date_veh,crash_time_veh,vehicle_id,state_registration,vehicle_type,contributing_factor_1,vehicle_make,vehicle_year,travel_direction,vehicle_occupants,driver_sex,driver_license_status,driver_license_jurisdiction,pre_crash,point_of_impact,vehicle_damage,public_property_damage,contributing_factor_2,vehicle_damage_1,vehicle_damage_2,vehicle_damage_3,vehicle_model,public_property_damage_type,unique_id_pers,crash_date_pers,crash_time_pers,person_id,person_type,person_injury,vehicle_id_pers,ped_role,person_sex,person_age,ejection,emotional_status,bodily_injury,position_in_vehicle,safety_equipment,complaint,ped_location,ped_action,contributing_factor_1_pers,contributing_factor_2_pers,injury_occurred,crash_hour,day_of_week,month,rush_hour,is_weekend
2022-03-26,1900-01-01 13:28:00,GRAHAM AVENUE,DEBEVOISE STREET,1,0,0,0,0,0,1,0,Following Too Closely,Unspecified,4514046,Station Wagon/Sport Utility Vehicle,Station Wagon/Sport Utility Vehicle,BROOKLYN,11206.0,40.701637,-73.942276,"{'latitude': '40.701637', 'longitude': '-73.942276', 'human_address': '{""address"": """", ""city"": """", ""state"": """", ""zip"": """"}'}",Unknown,Unknown,Unknown,Unknown,Unknown,Unknown,Unknown,0.0,0.0,0.0,0.0,0.0,0.0,0.0,0.0,0.0,0.0,0.0,0.0,0.0,0.0,0.0,0.0,0.0,0.0,0.0,0.0,0.0,0.0,0.0,0.0,0.0,0.0,0.0,0.0,0.0,0.0,0.0,0.0,0.0,0.0,0.0,0.0,0.0,0.0,0.0,0.0,0.0,0.0,0.0,0.0,1,13,Saturday,3,0,1
2022-03-26,1900-01-01 19:12:00,Unknown,Unknown,0,0,0,0,0,0,0,0,Unsafe Speed,Unspecified,4513581,Station Wagon/Sport Utility Vehicle,Sedan,QUEENS,11419.0,40.69349,-73.826546,"{'latitude': '40.69349', 'longitude': '-73.826546', 'human_address': '{""address"": """", ""city"": """", ""state"": """", ""zip"": """"}'}",Unknown,Unknown,94-39     120 STREET,Unknown,Unknown,Unknown,Unknown,0.0,0.0,0.0,0.0,0.0,0.0,0.0,0.0,0.0,0.0,0.0,0.0,0.0,0.0,0.0,0.0,0.0,0.0,0.0,0.0,0.0,0.0,0.0,0.0,0.0,0.0,0.0,0.0,0.0,0.0,0.0,0.0,0.0,0.0,0.0,0.0,0.0,0.0,0.0,0.0,0.0,0.0,0.0,0.0,0,19,Saturday,3,0,1
2022-03-26,1900-01-01 21:29:00,WETHEROLE STREET,65 ROAD,1,0,1,0,0,0,0,0,Unsafe Speed,Unknown,4513772,Bike,Unknown,QUEENS,11374.0,40.726463,-73.85943,"{'latitude': '40.726463', 'longitude': '-73.85943', 'human_address': '{""address"": """", ""city"": """", ""state"": """", ""zip"": """"}'}",Unknown,Unknown,Unknown,Unknown,Unknown,Unknown,Unknown,0.0,0.0,0.0,0.0,0.0,0.0,0.0,0.0,0.0,0.0,0.0,0.0,0.0,0.0,0.0,0.0,0.0,0.0,0.0,0.0,0.0,0.0,0.0,0.0,0.0,0.0,0.0,0.0,0.0,0.0,0.0,0.0,0.0,0.0,0.0,0.0,0.0,0.0,0.0,0.0,0.0,0.0,0.0,0.0,1,21,Saturday,3,0,1
2022-03-25,1900-01-01 13:21:00,EAST 188 STREET,ARTHUR AVENUE,1,0,0,0,0,0,1,0,Driver Inattention/Distraction,Driver Inattention/Distraction,4514221,Sedan,Sedan,BRONX,10458.0,40.856434,-73.886826,"{'latitude': '40.856434', 'longitude': '-73.886826', 'human_address': '{""address"": """", ""city"": """", ""state"": """", ""zip"": """"}'}",Unknown,Unknown,Unknown,Unknown,Unknown,Unknown,Unknown,0.0,0.0,0.0,0.0,0.0,0.0,0.0,0.0,0.0,0.0,0.0,0.0,0.0,0.0,0.0,0.0,0.0,0.0,0.0,0.0,0.0,0.0,0.0,0.0,0.0,0.0,0.0,0.0,0.0,0.0,0.0,0.0,0.0,0.0,0.0,0.0,0.0,0.0,0.0,0.0,0.0,0.0,0.0,0.0,1,13,Friday,3,0,0
2022-03-22,1900-01-01 08:20:00,BURKE AVENUE,BRONX PARK EAST,1,0,0,0,1,0,0,0,Turning Improperly,Unspecified,4514277,Sedan,Bike,BRONX,10467.0,40.87151,-73.87057,"{'latitude': '40.87151', 'longitude': '-73.87057', 'human_address': '{""address"": """", ""city"": """", ""state"": """", ""zip"": """"}'}",Unknown,Unknown,Unknown,Unknown,Unknown,Unknown,Unknown,0.0,0.0,0.0,0.0,0.0,0.0,0.0,0.0,0.0,0.0,0.0,0.0,0.0,0.0,0.0,0.0,0.0,0.0,0.0,0.0,0.0,0.0,0.0,0.0,0.0,0.0,0.0,0.0,0.0,0.0,0.0,0.0,0.0,0.0,0.0,0.0,0.0,0.0,0.0,0.0,0.0,0.0,0.0,0.0,1,8,Tuesday,3,1,0
2022-03-26,1900-01-01 22:30:00,Unknown,Unknown,0,0,0,0,0,0,0,0,Passing or Lane Usage Improper,Unspecified,4514166,Sedan,Unknown,BROOKLYN,11238.0,40.68686,-73.96758,"{'latitude': '40.68686', 'longitude': '-73.96758', 'human_address': '{""address"": """", ""city"": """", ""state"": """", ""zip"": """"}'}",Unknown,Unknown,386       CLINTON AVENUE,Unknown,Unknown,Unknown,Unknown,0.0,0.0,0.0,0.0,0.0,0.0,0.0,0.0,0.0,0.0,0.0,0.0,0.0,0.0,0.0,0.0,0.0,0.0,0.0,0.0,0.0,0.0,0.0,0.0,0.0,0.0,0.0,0.0,0.0,0.0,0.0,0.0,0.0,0.0,0.0,0.0,0.0,0.0,0.0,0.0,0.0,0.0,0.0,0.0,0,22,Saturday,3,0,1
2022-03-26,1900-01-01 11:20:00,CONEY ISLAND AVENUE,Unknown,1,0,0,0,0,0,1,0,Alcohol Involvement,Driver Inattention/Distraction,4513691,Sedan,Unknown,Unknown,0.0,40.624763,-73.96518,"{'latitude': '40.624763', 'longitude': '-73.96518', 'human_address': '{""address"": """", ""city"": """", ""state"": """", ""zip"": """"}'}",Unknown,Unknown,Unknown,Unknown,Unknown,Unknown,Unknown,0.0,0.0,0.0,0.0,0.0,0.0,0.0,0.0,0.0,0.0,0.0,0.0,0.0,0.0,0.0,0.0,0.0,0.0,0.0,0.0,0.0,0.0,0.0,0.0,0.0,0.0,0.0,0.0,0.0,0.0,0.0,0.0,0.0,0.0,0.0,0.0,0.0,0.0,0.0,0.0,0.0,0.0,0.0,0.0,1,11,Saturday,3,0,1
2022-03-26,1900-01-01 18:17:00,130 AVENUE,BROOKVILLE BOULEVARD,0,0,0,0,0,0,0,0,Passing or Lane Usage Improper,Unspecified,4513782,Sedan,Station Wagon/Sport Utility Vehicle,QUEENS,11422.0,40.678417,-73.729225,"{'latitude': '40.678417', 'longitude': '-73.729225', 'human_address': '{""address"": """", ""city"": """", ""state"": """", ""zip"": """"}'}",Unknown,Unknown,Unknown,Unknown,Unknown,Unknown,Unknown,0.0,0.0,0.0,0.0,0.0,0.0,0.0,0.0,0.0,0.0,0.0,0.0,0.0,0.0,0.0,0.0,0.0,0.0,0.0,0.0,0.0,0.0,0.0,0.0,0.0,0.0,0.0,0.0,0.0,0.0,0.0,0.0,0.0,0.0,0.0,0.0,0.0,0.0,0.0,0.0,0.0,0.0,0.0,0.0,0,18,Saturday,3,1,1
2022-03-14,1900-01-01 10:30:00,Unknown,Unknown,0,0,0,0,0,0,0,0,Unspecified,Unknown,4514390,Station Wagon/Sport Utility Vehicle,Unknown,QUEENS,11433.0,40.692596,-73.79078,"{'latitude': '40.692596', 'longitude': '-73.79078', 'human_address': '{""address"": """", ""city"": """", ""state"": """", ""zip"": """"}'}",Unknown,Unknown,160-18    110 AVENUE,Unknown,Unknown,Unknown,Unknown,0.0,0.0,0.0,0.0,0.0,0.0,0.0,0.0,0.0,0.0,0.0,0.0,0.0,0.0,0.0,0.0,0.0,0.0,0.0,0.0,0.0,0.0,0.0,0.0,0.0,0.0,0.0,0.0,0.0,0.0,0.0,0.0,0.0,0.0,0.0,0.0,0.0,0.0,0.0,0.0,0.0,0.0,0.0,0.0,0,10,Monday,3,0,0
2022-03-26,1900-01-01 01:30:00,CALAMUS AVENUE,72 STREET,0,0,0,0,0,0,0,0,Driver Inattention/Distraction,Unspecified,4514215,Pick-up Truck,Station Wagon/Sport Utility Vehicle,Unknown,0.0,40.734486,-73.891754,"{'latitude': '40.734486', 'longitude': '-73.891754', 'human_address': '{""address"": """", ""city"": """", ""state"": """", ""zip"": """"}'}",Unspecified,Sedan,Unknown,Unknown,Unknown,Unknown,Unknown,0.0,0.0,0.0,0.0,0.0,0.0,0.0,0.0,0.0,0.0,0.0,0.0,0.0,0.0,0.0,0.0,0.0,0.0,0.0,0.0,0.0,0.0,0.0,0.0,0.0,0.0,0.0,0.0,0.0,0.0,0.0,0.0,0.0,0.0,0.0,0.0,0.0,0.0,0.0,0.0,0.0,0.0,0.0,0.0,0,1,Saturday,3,0,1
2022-03-26,1900-01-01 03:23:00,Unknown,Unknown,1,0,0,0,0,0,1,0,Following Too Closely,Unspecified,4513994,Box Truck,Sedan,BRONX,10475.0,40.88399,-73.82641,"{'latitude': '40.88399', 'longitude': '-73.82641', 'human_address': '{""address"": """", ""city"": """", ""state"": """", ""zip"": """"}'}",Unknown,Unknown,2291      NEW ENGLAND THRUWAY,Unknown,Unknown,Unknown,Unknown,0.0,0.0,0.0,0.0,0.0,0.0,0.0,0.0,0.0,0.0,0.0,0.0,0.0,0.0,0.0,0.0,0.0,0.0,0.0,0.0,0.0,0.0,0.0,0.0,0.0,0.0,0.0,0.0,0.0,0.0,0.0,0.0,0.0,0.0,0.0,0.0,0.0,0.0,0.0,0.0,0.0,0.0,0.0,0.0,1,3,Saturday,3,0,1
2022-03-26,1900-01-01 01:45:00,Unknown,Unknown,0,0,0,0,0,0,0,0,Driver Inattention/Distraction,Unspecified,4513503,Taxi,Station Wagon/Sport Utility Vehicle,BROOKLYN,11238.0,40.683872,-73.95998,"{'latitude': '40.683872', 'longitude': '-73.95998', 'human_address': '{""address"": """", ""city"": """", ""state"": """", ""zip"": """"}'}",Unknown,Unknown,41        IRVING PLACE,Unknown,Unknown,Unknown,Unknown,0.0,0.0,0.0,0.0,0.0,0.0,0.0,0.0,0.0,0.0,0.0,0.0,0.0,0.0,0.0,0.0,0.0,0.0,0.0,0.0,0.0,0.0,0.0,0.0,0.0,0.0,0.0,0.0,0.0,0.0,0.0,0.0,0.0,0.0,0.0,0.0,0.0,0.0,0.0,0.0,0.0,0.0,0.0,0.0,0,1,Saturday,3,0,1
2022-03-05,1900-01-01 14:52:00,Unknown,Unknown,0,0,0,0,0,0,0,0,Unspecified,Unknown,4514151,Sedan,Unknown,MANHATTAN,10035.0,40.799484,-73.92929,"{'latitude': '40.799484', 'longitude': '-73.92929', 'human_address': '{""address"": """", ""city"": """", ""state"": """", ""zip"": """"}'}",Unknown,Unknown,30        PALADINO AVENUE,Unknown,Unknown,Unknown,Unknown,0.0,0.0,0.0,0.0,0.0,0.0,0.0,0.0,0.0,0.0,0.0,0.0,0.0,0.0,0.0,0.0,0.0,0.0,0.0,0.0,0.0,0.0,0.0,0.0,0.0,0.0,0.0,0.0,0.0,0.0,0.0,0.0,0.0,0.0,0.0,0.0,0.0,0.0,0.0,0.0,0.0,0.0,0.0,0.0,0,14,Saturday,3,0,1
2022-03-26,1900-01-01 20:27:00,FULTON STREET,Unknown,0,0,0,0,0,0,0,0,Passing or Lane Usage Improper,Unspecified,4513655,Sedan,E-Bike,Unknown,0.0,40.70839,-74.00482,"{'latitude': '40.70839', 'longitude': '-74.00482', 'human_address': '{""address"": """", ""city"": """", ""state"": """", ""zip"": """"}'}",Unknown,Unknown,Unknown,Unknown,Unknown,Unknown,Unknown,0.0,0.0,0.0,0.0,0.0,0.0,0.0,0.0,0.0,0.0,0.0,0.0,0.0,0.0,0.0,0.0,0.0,0.0,0.0,0.0,0.0,0.0,0.0,0.0,0.0,0.0,0.0,0.0,0.0,0.0,0.0,0.0,0.0,0.0,0.0,0.0,0.0,0.0,0.0,0.0,0.0,0.0,0.0,0.0,0,20,Saturday,3,0,1
2022-03-26,1900-01-01 18:19:00,WEST 51 STREET,11 AVENUE,0,0,0,0,0,0,0,0,Unspecified,Unknown,4514070,Sedan,Unknown,MANHATTAN,10019.0,40.766502,-73.99418,"{'latitude': '40.766502', 'longitude': '-73.99418', 'human_address': '{""address"": """", ""city"": """", ""state"": """", ""zip"": """"}'}",Unknown,Unknown,Unknown,Unknown,Unknown,Unknown,Unknown,0.0,0.0,0.0,0.0,0.0,0.0,0.0,0.0,0.0,0.0,0.0,0.0,0.0,0.0,0.0,0.0,0.0,0.0,0.0,0.0,0.0,0.0,0.0,0.0,0.0,0.0,0.0,0.0,0.0,0.0,0.0,0.0,0.0,0.0,0.0,0.0,0.0,0.0,0.0,0.0,0.0,0.0,0.0,0.0,0,18,Saturday,3,1,1
2022-03-26,1900-01-01 23:00:00,Unknown,Unknown,0,0,0,0,0,0,0,0,Alcohol Involvement,Unspecified,4513952,Station Wagon/Sport Utility Vehicle,Station Wagon/Sport Utility Vehicle,QUEENS,11420.0,40.676304,-73.816284,"{'latitude': '40.676304', 'longitude': '-73.816284', 'human_address': '{""address"": """", ""city"": """", ""state"": """", ""zip"": """"}'}",Unspecified,Station Wagon/Sport Utility Vehicle,115-36    122 STREET,Unknown,Unknown,Unknown,Unknown,0.0,0.0,0.0,0.0,0.0,0.0,0.0,0.0,0.0,0.0,0.0,0.0,0.0,0.0,0.0,0.0,0.0,0.0,0.0,0.0,0.0,0.0,0.0,0.0,0.0,0.0,0.0,0.0,0.0,0.0,0.0,0.0,0.0,0.0,0.0,0.0,0.0,0.0,0.0,0.0,0.0,0.0,0.0,0.0,0,23,Saturday,3,0,1
2022-03-26,1900-01-01 18:00:00,GEORGIA AVENUE,LIVONIA AVENUE,0,0,0,0,0,0,0,0,Unsafe Speed,Unspecified,4513827,Sedan,Sedan,BROOKLYN,11207.0,40.66447,-73.89593,"{'latitude': '40.66447', 'longitude': '-73.89593', 'human_address': '{""address"": """", ""city"": """", ""state"": """", ""zip"": """"}'}",Unknown,Unknown,Unknown,Unknown,Unknown,Unknown,Unknown,0.0,0.0,0.0,0.0,0.0,0.0,0.0,0.0,0.0,0.0,0.0,0.0,0.0,0.0,0.0,0.0,0.0,0.0,0.0,0.0,0.0,0.0,0.0,0.0,0.0,0.0,0.0,0.0,0.0,0.0,0.0,0.0,0.0,0.0,0.0,0.0,0.0,0.0,0.0,0.0,0.0,0.0,0.0,0.0,0,18,Saturday,3,1,1
2022-03-23,1900-01-01 20:40:00,WEST STREET,Unknown,0,0,0,0,0,0,0,0,Unsafe Speed,Unknown,4514285,Station Wagon/Sport Utility Vehicle,Unknown,Unknown,0.0,40.709835,-74.014885,"{'latitude': '40.709835', 'longitude': '-74.014885', 'human_address': '{""address"": """", ""city"": """", ""state"": """", ""zip"": """"}'}",Unknown,Unknown,Unknown,Unknown,Unknown,Unknown,Unknown,0.0,0.0,0.0,0.0,0.0,0.0,0.0,0.0,0.0,0.0,0.0,0.0,0.0,0.0,0.0,0.0,0.0,0.0,0.0,0.0,0.0,0.0,0.0,0.0,0.0,0.0,0.0,0.0,0.0,0.0,0.0,0.0,0.0,0.0,0.0,0.0,0.0,0.0,0.0,0.0,0.0,0.0,0.0,0.0,0,20,Wednesday,3,0,0
2022-04-24,1900-01-01 11:45:00,BELT PARKWAY,Unknown,0,0,0,0,0,0,0,0,Driver Inattention/Distraction,Unspecified,4521782,Sedan,Unknown,Unknown,0.0,40.585342,-73.94157,"{'latitude': '40.585342', 'longitude': '-73.94157', 'human_address': '{""address"": """", ""city"": """", ""state"": """", ""zip"": """"}'}",Unknown,Unknown,Unknown,Unknown,Unknown,Unknown,Unknown,0.0,0.0,0.0,0.0,0.0,0.0,0.0,0.0,0.0,0.0,0.0,0.0,0.0,0.0,0.0,0.0,0.0,0.0,0.0,0.0,0.0,0.0,0.0,0.0,0.0,0.0,0.0,0.0,0.0,0.0,0.0,0.0,0.0,0.0,0.0,0.0,0.0,0.0,0.0,0.0,0.0,0.0,0.0,0.0,0,11,Sunday,4,0,1
2021-09-11,1900-01-01 12:01:00,Unknown,Unknown,0,0,0,0,0,0,0,0,Passing or Lane Usage Improper,Unspecified,4457012,Station Wagon/Sport Utility Vehicle,Unknown,MANHATTAN,10016.0,40.746395,-73.9856,"{'latitude': '40.746395', 'longitude': '-73.9856', 'human_address': '{""address"": """", ""city"": """", ""state"": """", ""zip"": """"}'}",Unknown,Unknown,3         EAST 31 STREET,Unknown,Unknown,Unknown,Unknown,0.0,0.0,0.0,0.0,0.0,0.0,0.0,0.0,0.0,0.0,0.0,0.0,0.0,0.0,0.0,0.0,0.0,0.0,0.0,0.0,0.0,0.0,0.0,0.0,0.0,0.0,0.0,0.0,0.0,0.0,0.0,0.0,0.0,0.0,0.0,0.0,0.0,0.0,0.0,0.0,0.0,0.0,0.0,0.0,0,12,Saturday,9,0,1
2021-09-10,1900-01-01 11:00:00,OCEAN PARKWAY,AVENUE M,0,0,0,0,0,0,0,0,Unspecified,Unspecified,4457022,Station Wagon/Sport Utility Vehicle,Station Wagon/Sport Utility Vehicle,BROOKLYN,11230.0,40.617004,-73.96912,"{'latitude': '40.617004', 'longitude': '-73.96912', 'human_address': '{""address"": """", ""city"": """", ""state"": """", ""zip"": """"}'}",Unknown,Unknown,Unknown,Unknown,Unknown,Unknown,Unknown,0.0,0.0,0.0,0.0,0.0,0.0,0.0,0.0,0.0,0.0,0.0,0.0,0.0,0.0,0.0,0.0,0.0,0.0,0.0,0.0,0.0,0.0,0.0,0.0,0.0,0.0,0.0,0.0,0.0,0.0,0.0,0.0,0.0,0.0,0.0,0.0,0.0,0.0,0.0,0.0,0.0,0.0,0.0,0.0,0,11,Friday,9,0,0
2021-09-11,1900-01-01 20:15:00,Unknown,Unknown,0,0,0,0,0,0,0,0,Unspecified,Unknown,4456987,Station Wagon/Sport Utility Vehicle,Unknown,MANHATTAN,10013.0,40.718662,-74.00615,"{'latitude': '40.718662', 'longitude': '-74.00615', 'human_address': '{""address"": """", ""city"": """", ""state"": """", ""zip"": """"}'}",Unknown,Unknown,116       FRANKLIN STREET,Unknown,Unknown,Unknown,Unknown,0.0,0.0,0.0,0.0,0.0,0.0,0.0,0.0,0.0,0.0,0.0,0.0,0.0,0.0,0.0,0.0,0.0,0.0,0.0,0.0,0.0,0.0,0.0,0.0,0.0,0.0,0.0,0.0,0.0,0.0,0.0,0.0,0.0,0.0,0.0,0.0,0.0,0.0,0.0,0.0,0.0,0.0,0.0,0.0,0,20,Saturday,9,0,1
2021-09-09,1900-01-01 08:15:00,Unknown,Unknown,0,0,0,0,0,0,0,0,Backing Unsafely,Unknown,4456970,Unknown,Unknown,BROOKLYN,11238.0,40.680664,-73.97028,"{'latitude': '40.680664', 'longitude': '-73.97028', 'human_address': '{""address"": """", ""city"": """", ""state"": """", ""zip"": """"}'}",Unknown,Unknown,590       DEAN STREET,Unknown,Unknown,Unknown,Unknown,0.0,0.0,0.0,0.0,0.0,0.0,0.0,0.0,0.0,0.0,0.0,0.0,0.0,0.0,0.0,0.0,0.0,0.0,0.0,0.0,0.0,0.0,0.0,0.0,0.0,0.0,0.0,0.0,0.0,0.0,0.0,0.0,0.0,0.0,0.0,0.0,0.0,0.0,0.0,0.0,0.0,0.0,0.0,0.0,0,8,Thursday,9,1,0
2021-12-10,1900-01-01 23:07:00,BERGEN STREET,EASTERN PARKWAY,0,0,0,0,0,0,0,0,Unspecified,Unspecified,4485574,Sedan,Unknown,BROOKLYN,11233.0,40.67392,-73.91012,"{'latitude': '40.67392', 'longitude': '-73.91012', 'human_address': '{""address"": """", ""city"": """", ""state"": """", ""zip"": """"}'}",Unknown,Unknown,Unknown,Unknown,Unknown,Unknown,Unknown,0.0,0.0,0.0,0.0,0.0,0.0,0.0,0.0,0.0,0.0,0.0,0.0,0.0,0.0,0.0,0.0,0.0,0.0,0.0,0.0,0.0,0.0,0.0,0.0,0.0,0.0,0.0,0.0,0.0,0.0,0.0,0.0,0.0,0.0,0.0,0.0,0.0,0.0,0.0,0.0,0.0,0.0,0.0,0.0,0,23,Friday,12,0,0
2021-12-10,1900-01-01 21:50:00,MAJOR DEEGAN EXPRESSWAY,Unknown,0,0,0,0,0,0,0,0,Other Vehicular,Unknown,4485894,Station Wagon/Sport Utility Vehicle,Unknown,Unknown,0.0,40.806835,-73.924355,"{'latitude': '40.806835', 'longitude': '-73.924355', 'human_address': '{""address"": """", ""city"": """", ""state"": """", ""zip"": """"}'}",Unknown,Unknown,Unknown,Unknown,Unknown,Unknown,Unknown,0.0,0.0,0.0,0.0,0.0,0.0,0.0,0.0,0.0,0.0,0.0,0.0,0.0,0.0,0.0,0.0,0.0,0.0,0.0,0.0,0.0,0.0,0.0,0.0,0.0,0.0,0.0,0.0,0.0,0.0,0.0,0.0,0.0,0.0,0.0,0.0,0.0,0.0,0.0,0.0,0.0,0.0,0.0,0.0,0,21,Friday,12,0,0
2021-11-27,1900-01-01 05:40:00,Unknown,Unknown,0,0,0,0,0,0,0,0,Unspecified,Unspecified,4485637,Sedan,Station Wagon/Sport Utility Vehicle,BROOKLYN,11234.0,40.627735,-73.920105,"{'latitude': '40.627735', 'longitude': '-73.920105', 'human_address': '{""address"": """", ""city"": """", ""state"": """", ""zip"": """"}'}",Unspecified,Unknown,1100      EAST 58 STREET,Unknown,Unknown,Unknown,Unknown,0.0,0.0,0.0,0.0,0.0,0.0,0.0,0.0,0.0,0.0,0.0,0.0,0.0,0.0,0.0,0.0,0.0,0.0,0.0,0.0,0.0,0.0,0.0,0.0,0.0,0.0,0.0,0.0,0.0,0.0,0.0,0.0,0.0,0.0,0.0,0.0,0.0,0.0,0.0,0.0,0.0,0.0,0.0,0.0,0,5,Saturday,11,0,1
2021-12-09,1900-01-01 05:15:00,ROCKAWAY BOULEVARD,VANWYCK EXPRESSWAY,1,0,0,0,0,0,1,0,Traffic Control Disregarded,Traffic Control Disregarded,4484930,Sedan,Sedan,Unknown,0.0,0.0,0.0,"{'latitude': '0.0', 'longitude': '0.0', 'human_address': '{""address"": """", ""city"": """", ""state"": """", ""zip"": """"}'}",Unknown,Unknown,Unknown,Unknown,Unknown,Unknown,Unknown,0.0,0.0,0.0,0.0,0.0,0.0,0.0,0.0,0.0,0.0,0.0,0.0,0.0,0.0,0.0,0.0,0.0,0.0,0.0,0.0,0.0,0.0,0.0,0.0,0.0,0.0,0.0,0.0,0.0,0.0,0.0,0.0,0.0,0.0,0.0,0.0,0.0,0.0,0.0,0.0,0.0,0.0,0.0,0.0,1,5,Thursday,12,0,0
2021-12-08,1900-01-01 12:58:00,Unknown,Unknown,0,0,0,0,0,0,0,0,Unspecified,Unknown,4484996,Convertible,Unknown,BROOKLYN,11225.0,40.661263,-73.955765,"{'latitude': '40.661263', 'longitude': '-73.955765', 'human_address': '{""address"": """", ""city"": """", ""state"": """", ""zip"": """"}'}",Unknown,Unknown,203       LINCOLN ROAD,Unknown,Unknown,Unknown,Unknown,0.0,0.0,0.0,0.0,0.0,0.0,0.0,0.0,0.0,0.0,0.0,0.0,0.0,0.0,0.0,0.0,0.0,0.0,0.0,0.0,0.0,0.0,0.0,0.0,0.0,0.0,0.0,0.0,0.0,0.0,0.0,0.0,0.0,0.0,0.0,0.0,0.0,0.0,0.0,0.0,0.0,0.0,0.0,0.0,0,12,Wednesday,12,0,0
2021-12-08,1900-01-01 17:50:00,CROSS BRONX EXPY,Unknown,0,0,0,0,0,0,0,0,Following Too Closely,Unspecified,4484861,Tractor Truck Diesel,Sedan,Unknown,0.0,40.844883,-73.907295,"{'latitude': '40.844883', 'longitude': '-73.907295', 'human_address': '{""address"": """", ""city"": """", ""state"": """", ""zip"": """"}'}",Unspecified,Pick-up Truck,Unknown,Unknown,Unknown,Unknown,Unknown,0.0,0.0,0.0,0.0,0.0,0.0,0.0,0.0,0.0,0.0,0.0,0.0,0.0,0.0,0.0,0.0,0.0,0.0,0.0,0.0,0.0,0.0,0.0,0.0,0.0,0.0,0.0,0.0,0.0,0.0,0.0,0.0,0.0,0.0,0.0,0.0,0.0,0.0,0.0,0.0,0.0,0.0,0.0,0.0,0,17,Wednesday,12,1,0
2021-12-10,1900-01-01 04:30:00,Unknown,Unknown,0,0,0,0,0,0,0,0,Driver Inattention/Distraction,Unspecified,4485177,Sedan,Station Wagon/Sport Utility Vehicle,QUEENS,11369.0,40.76104,-73.88162,"{'latitude': '40.76104', 'longitude': '-73.88162', 'human_address': '{""address"": """", ""city"": """", ""state"": """", ""zip"": """"}'}",Unknown,Unknown,30-27     87 STREET,Unknown,Unknown,Unknown,Unknown,0.0,0.0,0.0,0.0,0.0,0.0,0.0,0.0,0.0,0.0,0.0,0.0,0.0,0.0,0.0,0.0,0.0,0.0,0.0,0.0,0.0,0.0,0.0,0.0,0.0,0.0,0.0,0.0,0.0,0.0,0.0,0.0,0.0,0.0,0.0,0.0,0.0,0.0,0.0,0.0,0.0,0.0,0.0,0.0,0,4,Friday,12,0,0
2021-12-10,1900-01-01 21:22:00,FRANKLIN AVENUE,Unknown,1,0,1,0,0,0,0,0,Failure to Yield Right-of-Way,Unknown,4485316,Station Wagon/Sport Utility Vehicle,Unknown,Unknown,0.0,40.669777,-73.9583,"{'latitude': '40.669777', 'longitude': '-73.9583', 'human_address': '{""address"": """", ""city"": """", ""state"": """", ""zip"": """"}'}",Unknown,Unknown,Unknown,Unknown,Unknown,Unknown,Unknown,0.0,0.0,0.0,0.0,0.0,0.0,0.0,0.0,0.0,0.0,0.0,0.0,0.0,0.0,0.0,0.0,0.0,0.0,0.0,0.0,0.0,0.0,0.0,0.0,0.0,0.0,0.0,0.0,0.0,0.0,0.0,0.0,0.0,0.0,0.0,0.0,0.0,0.0,0.0,0.0,0.0,0.0,0.0,0.0,1,21,Friday,12,0,0
2021-12-10,1900-01-01 08:30:00,Unknown,Unknown,0,0,0,0,0,0,0,0,Unsafe Lane Changing,Unspecified,4485668,Ambulance,Sedan,BRONX,10457.0,40.839443,-73.90436,"{'latitude': '40.839443', 'longitude': '-73.90436', 'human_address': '{""address"": """", ""city"": """", ""state"": """", ""zip"": """"}'}",Unknown,Unknown,425       CLAREMONT PARKWAY,Unknown,Unknown,Unknown,Unknown,0.0,0.0,0.0,0.0,0.0,0.0,0.0,0.0,0.0,0.0,0.0,0.0,0.0,0.0,0.0,0.0,0.0,0.0,0.0,0.0,0.0,0.0,0.0,0.0,0.0,0.0,0.0,0.0,0.0,0.0,0.0,0.0,0.0,0.0,0.0,0.0,0.0,0.0,0.0,0.0,0.0,0.0,0.0,0.0,0,8,Friday,12,1,0