crash_date,crash_time,on_street_name,off_street_name,number_of_persons_injured,number_of_persons_killed,number_of_pedestrians_injured,number_of_pedestrians_killed,number_of_cyclist_injured,number_of_cyclist_killed,number_of_motorist_injured,number_of_motorist_killed,contributing_factor_vehicle_1,contributing_factor_vehicle_2,collision_id,vehicle_type_code1,vehicle_type_code2,borough,zip_code,latitude,longitude,location,contributing_factor_vehicle_3,vehicle_type_code_3,cross_street_name,contributing_factor_vehicle_4,vehicle_type_code_4,contributing_factor_vehicle_5,vehicle_type_code_5,unique_id,crash_date_veh,crash_time_veh,vehicle_id,state_registration,vehicle_type,contributing_factor_1,vehicle_make,vehicle_year,travel_direction,vehicle_occupants,driver_sex,driver_license_status,driver_license_jurisdiction,pre_crash,point_of_impact,vehicle_damage,public_property_damage,contributing_factor_2,vehicle_damage_1,vehicle_damage_2,vehicle_damage_3,vehicle_model,public_property_damage_type,unique_id_pers,crash_date_pers,crash_time_pers,person_id,person_type,person_injury,vehicle_id_pers,ped_role,person_sex,person_age,ejection,emotional_status,bodily_injury,position_in_vehicle,safety_equipment,complaint,ped_location,ped_action,contributing_factor_1_pers,contributing_factor_2_pers,injury_occurred,crash_hour,day_of_week,month,rush_hour,is_weekend
2021-12-10,1900-01-01 12:15:00,13 STREET,QUEENS PLAZA SOUTH,0,0,0,0,0,0,0,0,Driver Inattention/Distraction,Unspecified,4485385,Station Wagon/Sport Utility Vehicle,Tanker,QUEENS,11101.0,40.75245,-73.94507,"{'latitude': '40.75245', 'longitude': '-73.94507', 'human_address': '{""address"": """", ""city"": """", ""state"": """", ""zip"": """"}'}",Unknown,Unknown,Unknown,Unknown,Unknown,Unknown,Unknown,0.0,0.0,0.0,0.0,0.0,0.0,0.0,0.0,0.0,0.0,0.0,0.0,0.0,0.0,0.0,0.0,0.0,0.0,0.0,0.0,0.0,0.0,0.0,0.0,0.0,0.0,0.0,0.0,0.0,0.0,0.0,0.0,0.0,0.0,0.0,0.0,0.0,0.0,0.0,0.0,0.0,0.0,0.0,0.0,0,12,Friday,12,0,0
2021-12-08,1900-01-01 14:38:00,Unknown,Unknown,0,0,0,0,0,0,0,0,Passing Too Closely,Unspecified,4484892,Station Wagon/Sport Utility Vehicle,Sedan,BROOKLYN,11217.0,40.687748,-73.980125,"{'latitude': '40.687748', 'longitude': '-73.980125', 'human_address': '{""address"": """", ""city"": """", ""state"": """", ""zip"": """"}'}",Unknown,Unknown,25        FLATBUSH AVENUE,Unknown,Unknown,Unknown,Unknown,0.0,0.0,0.0,0.0,0.0,0.0,0.0,0.0,0.0,0.0,0.0,0.0,0.0,0.0,0.0,0.0,0.0,0.0,0.0,0.0,0.0,0.0,0.0,0.0,0.0,0.0,0.0,0.0,0.0,0.0,0.0,0.0,0.0,0.0,0.0,0.0,0.0,0.0,0.0,0.0,0.0,0.0,0.0,0.0,0,14,Wednesday,12,0,0
2021-12-03,1900-01-01 13:40:00,HUTCHINSON RIVER PARKWAY,Unknown,0,0,0,0,0,0,0,0,Unspecified,Unspecified,4485246,Station Wagon/Sport Utility Vehicle,Station Wagon/Sport Utility Vehicle,Unknown,0.0,40.87356,-73.81853,"{'latitude': '40.87356', 'longitude': '-73.81853', 'human_address': '{""address"": """", ""city"": """", ""state"": """", ""zip"": """"}'}",Unspecified,Sedan,Unknown,Unknown,Unknown,Unknown,Unknown,0.0,0.0,0.0,0.0,0.0,0.0,0.0,0.0,0.0,0.0,0.0,0.0,0.0,0.0,0.0,0.0,0.0,0.0,0.0,0.0,0.0,0.0,0.0,0.0,0.0,0.0,0.0,0.0,0.0,0.0,0.0,0.0,0.0,0.0,0.0,0.0,0.0,0.0,0.0,0.0,0.0,0.0,0.0,0.0,0,13,Friday,12,0,0
2021-12-10,1900-01-01 08:50:00,Unknown,Unknown,1,0,0,0,0,0,1,0,Other Vehicular,Other Vehicular,4485893,Station Wagon/Sport Utility Vehicle,Station Wagon/Sport Utility Vehicle,BRONX,10455.0,40.8176,-73.90373,"{'latitude': '40.8176', 'longitude': '-73.90373', 'human_address': '{""address"": """", ""city"": """", ""state"": """", ""zip"": """"}'}",Unknown,Unknown,800       EAST 156 STREET,Unknown,Unknown,Unknown,Unknown,0.0,0.0,0.0,0.0,0.0,0.0,0.0,0.0,0.0,0.0,0.0,0.0,0.0,0.0,0.0,0.0,0.0,0.0,0.0,0.0,0.0,0.0,0.0,0.0,0.0,0.0,0.0,0.0,0.0,0.0,0.0,0.0,0.0,0.0,0.0,0.0,0.0,0.0,0.0,0.0,0.0,0.0,0.0,0.0,1,8,Friday,12,1,0
2021-12-09,1900-01-01 19:45:00,GLENWOOD ROAD,EAST 83 STREET,0,0,0,0,0,0,0,0,Unspecified,Unknown,4485586,Sedan,Unknown,BROOKLYN,11236.0,40.638428,-73.91275,"{'latitude': '40.638428', 'longitude': '-73.91275', 'human_address': '{""address"": """", ""city"": """", ""state"": """", ""zip"": """"}'}",Unknown,Unknown,Unknown,Unknown,Unknown,Unknown,Unknown,0.0,0.0,0.0,0.0,0.0,0.0,0.0,0.0,0.0,0.0,0.0,0.0,0.0,0.0,0.0,0.0,0.0,0.0,0.0,0.0,0.0,0.0,0.0,0.0,0.0,0.0,0.0,0.0,0.0,0.0,0.0,0.0,0.0,0.0,0.0,0.0,0.0,0.0,0.0,0.0,0.0,0.0,0.0,0.0,0,19,Thursday,12,0,0
2021-12-10,1900-01-01 16:07:00,Unknown,Unknown,0,0,0,0,0,0,0,0,Unspecified,Unspecified,4485696,Sedan,AMBULANCE,MANHATTAN,10027.0,40.813885,-73.95211,"{'latitude': '40.813885', 'longitude': '-73.95211', 'human_address': '{""address"": """", ""city"": """", ""state"": """", ""zip"": """"}'}",Unknown,Unknown,416       WEST 129 STREET,Unknown,Unknown,Unknown,Unknown,0.0,0.0,0.0,0.0,0.0,0.0,0.0,0.0,0.0,0.0,0.0,0.0,0.0,0.0,0.0,0.0,0.0,0.0,0.0,0.0,0.0,0.0,0.0,0.0,0.0,0.0,0.0,0.0,0.0,0.0,0.0,0.0,0.0,0.0,0.0,0.0,0.0,0.0,0.0,0.0,0.0,0.0,0.0,0.0,0,16,Friday,12,1,0
2021-12-08,1900-01-01 06:37:00,VERRAZANO BRIDGE UPPER,Unknown,0,0,0,0,0,0,0,0,Following Too Closely,Unspecified,4485123,Sedan,Sedan,Unknown,0.0,0.0,0.0,Unknown,Unspecified,Sedan,Unknown,Unspecified,Sedan,Unknown,Unknown,0.0,0.0,0.0,0.0,0.0,0.0,0.0,0.0,0.0,0.0,0.0,0.0,0.0,0.0,0.0,0.0,0.0,0.0,0.0,0.0,0.0,0.0,0.0,0.0,0.0,0.0,0.0,0.0,0.0,0.0,0.0,0.0,0.0,0.0,0.0,0.0,0.0,0.0,0.0,0.0,0.0,0.0,0.0,0.0,0,6,Wednesday,12,0,0
2021-12-10,1900-01-01 21:20:00,Unknown,Unknown,0,0,0,0,0,0,0,0,Unsafe Speed,Unspecified,4485914,Station Wagon/Sport Utility Vehicle,Taxi,MANHATTAN,10028.0,40.77733,-73.95456,"{'latitude': '40.77733', 'longitude': '-73.95456', 'human_address': '{""address"": """", ""city"": """", ""state"": """", ""zip"": """"}'}",Unknown,Unknown,204       EAST 84 STREET,Unknown,Unknown,Unknown,Unknown,0.0,0.0,0.0,0.0,0.0,0.0,0.0,0.0,0.0,0.0,0.0,0.0,0.0,0.0,0.0,0.0,0.0,0.0,0.0,0.0,0.0,0.0,0.0,0.0,0.0,0.0,0.0,0.0,0.0,0.0,0.0,0.0,0.0,0.0,0.0,0.0,0.0,0.0,0.0,0.0,0.0,0.0,0.0,0.0,0,21,Friday,12,0,0
2021-12-10,1900-01-01 23:16:00,CHAMBERS STREET,Unknown,0,0,0,0,0,0,0,0,Failure to Yield Right-of-Way,Unspecified,4485304,Station Wagon/Sport Utility Vehicle,Sedan,Unknown,0.0,40.713135,-74.00407,"{'latitude': '40.713135', 'longitude': '-74.00407', 'human_address': '{""address"": """", ""city"": """", ""state"": """", ""zip"": """"}'}",Unknown,Unknown,Unknown,Unknown,Unknown,Unknown,Unknown,0.0,0.0,0.0,0.0,0.0,0.0,0.0,0.0,0.0,0.0,0.0,0.0,0.0,0.0,0.0,0.0,0.0,0.0,0.0,0.0,0.0,0.0,0.0,0.0,0.0,0.0,0.0,0.0,0.0,0.0,0.0,0.0,0.0,0.0,0.0,0.0,0.0,0.0,0.0,0.0,0.0,0.0,0.0,0.0,0,23,Friday,12,0,0
2021-12-09,1900-01-01 17:21:00,BROADWAY,Unknown,2,0,0,0,0,0,2,0,Driver Inattention/Distraction,Unspecified,4485055,Taxi,Sedan,Unknown,0.0,40.775486,-73.98217,"{'latitude': '40.775486', 'longitude': '-73.98217', 'human_address': '{""address"": """", ""city"": """", ""state"": """", ""zip"": """"}'}",Unknown,Unknown,Unknown,Unknown,Unknown,Unknown,Unknown,0.0,0.0,0.0,0.0,0.0,0.0,0.0,0.0,0.0,0.0,0.0,0.0,0.0,0.0,0.0,0.0,0.0,0.0,0.0,0.0,0.0,0.0,0.0,0.0,0.0,0.0,0.0,0.0,0.0,0.0,0.0,0.0,0.0,0.0,0.0,0.0,0.0,0.0,0.0,0.0,0.0,0.0,0.0,0.0,1,17,Thursday,12,1,0
2021-12-09,1900-01-01 07:30:00,BOYNTON PLACE,WEST 7 STREET,0,0,0,0,0,0,0,0,Unspecified,Unknown,4485539,Sedan,Unknown,BROOKLYN,11223.0,40.591137,-73.97752,"{'latitude': '40.591137', 'longitude': '-73.97752', 'human_address': '{""address"": """", ""city"": """", ""state"": """", ""zip"": """"}'}",Unknown,Unknown,Unknown,Unknown,Unknown,Unknown,Unknown,0.0,0.0,0.0,0.0,0.0,0.0,0.0,0.0,0.0,0.0,0.0,0.0,0.0,0.0,0.0,0.0,0.0,0.0,0.0,0.0,0.0,0.0,0.0,0.0,0.0,0.0,0.0,0.0,0.0,0.0,0.0,0.0,0.0,0.0,0.0,0.0,0.0,0.0,0.0,0.0,0.0,0.0,0.0,0.0,0,7,Thursday,12,1,0
2021-11-24,1900-01-01 23:58:00,BROADWAY,Unknown,1,0,1,0,0,0,0,0,Pedestrian/Bicyclist/Other Pedestrian Error/Confusion,Unknown,4485241,Unknown,Unknown,Unknown,0.0,40.865536,-73.92728,"{'latitude': '40.865536', 'longitude': '-73.92728', 'human_address': '{""address"": """", ""city"": """", ""state"": """", ""zip"": """"}'}",Unknown,Unknown,Unknown,Unknown,Unknown,Unknown,Unknown,0.0,0.0,0.0,0.0,0.0,0.0,0.0,0.0,0.0,0.0,0.0,0.0,0.0,0.0,0.0,0.0,0.0,0.0,0.0,0.0,0.0,0.0,0.0,0.0,0.0,0.0,0.0,0.0,0.0,0.0,0.0,0.0,0.0,0.0,0.0,0.0,0.0,0.0,0.0,0.0,0.0,0.0,0.0,0.0,1,23,Wednesday,11,0,0
2021-12-09,1900-01-01 17:00:00,Unknown,Unknown,1,0,0,0,1,0,0,0,Following Too Closely,Unspecified,4485153,Taxi,Bike,MANHATTAN,10019.0,40.76551,-73.97795,"{'latitude': '40.76551', 'longitude': '-73.97795', 'human_address': '{""address"": """", ""city"": """", ""state"": """", ""zip"": """"}'}",Unknown,Unknown,140       WEST 58 STREET,Unknown,Unknown,Unknown,Unknown,0.0,0.0,0.0,0.0,0.0,0.0,0.0,0.0,0.0,0.0,0.0,0.0,0.0,0.0,0.0,0.0,0.0,0.0,0.0,0.0,0.0,0.0,0.0,0.0,0.0,0.0,0.0,0.0,0.0,0.0,0.0,0.0,0.0,0.0,0.0,0.0,0.0,0.0,0.0,0.0,0.0,0.0,0.0,0.0,1,17,Thursday,12,1,0
2021-12-08,1900-01-01 08:15:00,OCEAN PARKWAY,18 AVENUE,0,0,0,0,0,0,0,0,Unspecified,Unspecified,4484897,Station Wagon/Sport Utility Vehicle,Station Wagon/Sport Utility Vehicle,BROOKLYN,11230.0,40.63311,-73.97217,"{'latitude': '40.63311', 'longitude': '-73.97217', 'human_address': '{""address"": """", ""city"": """", ""state"": """", ""zip"": """"}'}",Unspecified,Station Wagon/Sport Utility Vehicle,Unknown,Unknown,Unknown,Unknown,Unknown,0.0,0.0,0.0,0.0,0.0,0.0,0.0,0.0,0.0,0.0,0.0,0.0,0.0,0.0,0.0,0.0,0.0,0.0,0.0,0.0,0.0,0.0,0.0,0.0,0.0,0.0,0.0,0.0,0.0,0.0,0.0,0.0,0.0,0.0,0.0,0.0,0.0,0.0,0.0,0.0,0.0,0.0,0.0,0.0,0,8,Wednesday,12,1,0
2021-09-11,1900-01-01 02:20:00,BRONX RIVER PARKWAY,Unknown,1,0,0,0,0,0,1,0,Alcohol Involvement,Unspecified,4456035,Pick-up Truck,Convertible,Unknown,0.0,40.823772,-73.87245,"{'latitude': '40.823772', 'longitude': '-73.87245', 'human_address': '{""address"": """", ""city"": """", ""state"": """", ""zip"": """"}'}",Unknown,Unknown,Unknown,Unknown,Unknown,Unknown,Unknown,0.0,0.0,0.0,0.0,0.0,0.0,0.0,0.0,0.0,0.0,0.0,0.0,0.0,0.0,0.0,0.0,0.0,0.0,0.0,0.0,0.0,0.0,0.0,0.0,0.0,0.0,0.0,0.0,0.0,0.0,0.0,0.0,0.0,0.0,0.0,0.0,0.0,0.0,0.0,0.0,0.0,0.0,0.0,0.0,1,2,Saturday,9,0,1
2021-07-09,1900-01-01 12:00:00,ITTNER PLACE,Unknown,0,0,0,0,0,0,0,0,Passing Too Closely,Unspecified,4456704,Station Wagon/Sport Utility Vehicle,Box Truck,Unknown,0.0,40.84497,-73.90247,"{'latitude': '40.84497', 'longitude': '-73.90247', 'human_address': '{""address"": """", ""city"": """", ""state"": """", ""zip"": """"}'}",Unknown,Unknown,Unknown,Unknown,Unknown,Unknown,Unknown,0.0,0.0,0.0,0.0,0.0,0.0,0.0,0.0,0.0,0.0,0.0,0.0,0.0,0.0,0.0,0.0,0.0,0.0,0.0,0.0,0.0,0.0,0.0,0.0,0.0,0.0,0.0,0.0,0.0,0.0,0.0,0.0,0.0,0.0,0.0,0.0,0.0,0.0,0.0,0.0,0.0,0.0,0.0,0.0,0,12,Friday,7,0,0
2021-09-11,1900-01-01 15:25:00,VERRAZANO BRIDGE UPPER,Unknown,0,0,0,0,0,0,0,0,Unspecified,Unspecified,4456122,Sedan,Sedan,Unknown,0.0,0.0,0.0,Unknown,Unknown,Unknown,Unknown,Unknown,Unknown,Unknown,Unknown,0.0,0.0,0.0,0.0,0.0,0.0,0.0,0.0,0.0,0.0,0.0,0.0,0.0,0.0,0.0,0.0,0.0,0.0,0.0,0.0,0.0,0.0,0.0,0.0,0.0,0.0,0.0,0.0,0.0,0.0,0.0,0.0,0.0,0.0,0.0,0.0,0.0,0.0,0.0,0.0,0.0,0.0,0.0,0.0,0,15,Saturday,9,0,1
2021-09-10,1900-01-01 14:50:00,BROOKLYN QUEENS EXPRESSWAY,Unknown,0,0,0,0,0,0,0,0,Unspecified,Unknown,4456919,Box Truck,Unknown,Unknown,0.0,40.675507,-74.00075,"{'latitude': '40.675507', 'longitude': '-74.00075', 'human_address': '{""address"": """", ""city"": """", ""state"": """", ""zip"": """"}'}",Unknown,Unknown,Unknown,Unknown,Unknown,Unknown,Unknown,0.0,0.0,0.0,0.0,0.0,0.0,0.0,0.0,0.0,0.0,0.0,0.0,0.0,0.0,0.0,0.0,0.0,0.0,0.0,0.0,0.0,0.0,0.0,0.0,0.0,0.0,0.0,0.0,0.0,0.0,0.0,0.0,0.0,0.0,0.0,0.0,0.0,0.0,0.0,0.0,0.0,0.0,0.0,0.0,0,14,Friday,9,0,0
2021-07-01,1900-01-01 17:45:00,BEACH CHANNEL DRIVE,HORTON AVENUE,0,0,0,0,0,0,0,0,Passing or Lane Usage Improper,Unspecified,4456686,Station Wagon/Sport Utility Vehicle,Station Wagon/Sport Utility Vehicle,QUEENS,11691.0,40.609535,-73.75372,"{'latitude': '40.609535', 'longitude': '-73.75372', 'human_address': '{""address"": """", ""city"": """", ""state"": """", ""zip"": """"}'}",Unknown,Unknown,Unknown,Unknown,Unknown,Unknown,Unknown,0.0,0.0,0.0,0.0,0.0,0.0,0.0,0.0,0.0,0.0,0.0,0.0,0.0,0.0,0.0,0.0,0.0,0.0,0.0,0.0,0.0,0.0,0.0,0.0,0.0,0.0,0.0,0.0,0.0,0.0,0.0,0.0,0.0,0.0,0.0,0.0,0.0,0.0,0.0,0.0,0.0,0.0,0.0,0.0,0,17,Thursday,7,1,0
2021-07-07,1900-01-01 13:45:00,LEROY STREET,BEDFORD STREET,0,0,0,0,0,0,0,0,Driver Inexperience,Unknown,4456588,Station Wagon/Sport Utility Vehicle,Unknown,MANHATTAN,10014.0,40.730446,-74.00431,"{'latitude': '40.730446', 'longitude': '-74.00431', 'human_address': '{""address"": """", ""city"": """", ""state"": """", ""zip"": """"}'}",Unknown,Unknown,Unknown,Unknown,Unknown,Unknown,Unknown,0.0,0.0,0.0,0.0,0.0,0.0,0.0,0.0,0.0,0.0,0.0,0.0,0.0,0.0,0.0,0.0,0.0,0.0,0.0,0.0,0.0,0.0,0.0,0.0,0.0,0.0,0.0,0.0,0.0,0.0,0.0,0.0,0.0,0.0,0.0,0.0,0.0,0.0,0.0,0.0,0.0,0.0,0.0,0.0,0,13,Wednesday,7,0,0
2021-09-11,1900-01-01 12:00:00,Unknown,Unknown,0,0,0,0,0,0,0,0,Unspecified,Unknown,4456879,Station Wagon/Sport Utility Vehicle,Unknown,QUEENS,11432.0,40.721645,-73.8026,"{'latitude': '40.721645', 'longitude': '-73.8026', 'human_address': '{""address"": """", ""city"": """", ""state"": """", ""zip"": """"}'}",Unknown,Unknown,80-25     165 STREET,Unknown,Unknown,Unknown,Unknown,0.0,0.0,0.0,0.0,0.0,0.0,0.0,0.0,0.0,0.0,0.0,0.0,0.0,0.0,0.0,0.0,0.0,0.0,0.0,0.0,0.0,0.0,0.0,0.0,0.0,0.0,0.0,0.0,0.0,0.0,0.0,0.0,0.0,0.0,0.0,0.0,0.0,0.0,0.0,0.0,0.0,0.0,0.0,0.0,0,12,Saturday,9,0,1
2021-07-07,1900-01-01 17:30:00,BRUCKNER EXPRESSWAY,Unknown,0,0,0,0,0,0,0,0,Unspecified,Unspecified,4456573,Station Wagon/Sport Utility Vehicle,Station Wagon/Sport Utility Vehicle,Unknown,0.0,40.853477,-73.82622,"{'latitude': '40.853477', 'longitude': '-73.82622', 'human_address': '{""address"": """", ""city"": """", ""state"": """", ""zip"": """"}'}",Unknown,Unknown,Unknown,Unknown,Unknown,Unknown,Unknown,0.0,0.0,0.0,0.0,0.0,0.0,0.0,0.0,0.0,0.0,0.0,0.0,0.0,0.0,0.0,0.0,0.0,0.0,0.0,0.0,0.0,0.0,0.0,0.0,0.0,0.0,0.0,0.0,0.0,0.0,0.0,0.0,0.0,0.0,0.0,0.0,0.0,0.0,0.0,0.0,0.0,0.0,0.0,0.0,0,17,Wednesday,7,1,0
2021-09-11,1900-01-01 02:55:00,135 PLACE,133 AVENUE,0,0,0,0,0,0,0,0,Alcohol Involvement,Unspecified,4455749,Sedan,Sedan,QUEENS,11420.0,40.66901,-73.80265,"{'latitude': '40.66901', 'longitude': '-73.80265', 'human_address': '{""address"": """", ""city"": """", ""state"": """", ""zip"": """"}'}",Unknown,Unknown,Unknown,Unknown,Unknown,Unknown,Unknown,0.0,0.0,0.0,0.0,0.0,0.0,0.0,0.0,0.0,0.0,0.0,0.0,0.0,0.0,0.0,0.0,0.0,0.0,0.0,0.0,0.0,0.0,0.0,0.0,0.0,0.0,0.0,0.0,0.0,0.0,0.0,0.0,0.0,0.0,0.0,0.0,0.0,0.0,0.0,0.0,0.0,0.0,0.0,0.0,0,2,Saturday,9,0,1
2021-09-11,1900-01-01 17:15:00,Unknown,Unknown,1,0,1,0,0,0,0,0,Unspecified,Unknown,4456087,Sedan,Unknown,STATEN ISLAND,10310.0,40.629475,-74.1123,"{'latitude': '40.629475', 'longitude': '-74.1123', 'human_address': '{""address"": """", ""city"": """", ""state"": """", ""zip"": """"}'}",Unknown,Unknown,694       FOREST AVENUE,Unknown,Unknown,Unknown,Unknown,0.0,0.0,0.0,0.0,0.0,0.0,0.0,0.0,0.0,0.0,0.0,0.0,0.0,0.0,0.0,0.0,0.0,0.0,0.0,0.0,0.0,0.0,0.0,0.0,0.0,0.0,0.0,0.0,0.0,0.0,0.0,0.0,0.0,0.0,0.0,0.0,0.0,0.0,0.0,0.0,0.0,0.0,0.0,0.0,1,17,Saturday,9,1,1
2021-09-03,1900-01-01 17:14:00,CLINTON STREET,DE GRAW STREET,0,0,0,0,0,0,0,0,Passing Too Closely,Unspecified,4456941,Station Wagon/Sport Utility Vehicle,DL,BROOKLYN,11231.0,40.6843,-73.99724,"{'latitude': '40.6843', 'longitude': '-73.99724', 'human_address': '{""address"": """", ""city"": """", ""state"": """", ""zip"": """"}'}",Unknown,Unknown,Unknown,Unknown,Unknown,Unknown,Unknown,0.0,0.0,0.0,0.0,0.0,0.0,0.0,0.0,0.0,0.0,0.0,0.0,0.0,0.0,0.0,0.0,0.0,0.0,0.0,0.0,0.0,0.0,0.0,0.0,0.0,0.0,0.0,0.0,0.0,0.0,0.0,0.0,0.0,0.0,0.0,0.0,0.0,0.0,0.0,0.0,0.0,0.0,0.0,0.0,0,17,Friday,9,1,0
2021-07-08,1900-01-01 12:30:00,FDR DRIVE,Unknown,0,0,0,0,0,0,0,0,Following Too Closely,Unspecified,4456691,Taxi,Pick-up Truck,Unknown,0.0,40.767612,-73.950005,"{'latitude': '40.767612', 'longitude': '-73.950005', 'human_address': '{""address"": """", ""city"": """", ""state"": """", ""zip"": """"}'}",Unknown,Unknown,Unknown,Unknown,Unknown,Unknown,Unknown,0.0,0.0,0.0,0.0,0.0,0.0,0.0,0.0,0.0,0.0,0.0,0.0,0.0,0.0,0.0,0.0,0.0,0.0,0.0,0.0,0.0,0.0,0.0,0.0,0.0,0.0,0.0,0.0,0.0,0.0,0.0,0.0,0.0,0.0,0.0,0.0,0.0,0.0,0.0,0.0,0.0,0.0,0.0,0.0,0,12,Thursday,7,0,0
2021-08-23,1900-01-01 11:50:00,7 AVENUE,Unknown,1,0,1,0,0,0,0,0,Driver Inattention/Distraction,Unknown,4456765,Station Wagon/Sport Utility Vehicle,Unknown,Unknown,0.0,40.80066,-73.9544,"{'latitude': '40.80066', 'longitude': '-73.9544', 'human_address': '{""address"": """", ""city"": """", ""state"": """", ""zip"": """"}'}",Unknown,Unknown,Unknown,Unknown,Unknown,Unknown,Unknown,0.0,0.0,0.0,0.0,0.0,0.0,0.0,0.0,0.0,0.0,0.0,0.0,0.0,0.0,0.0,0.0,0.0,0.0,0.0,0.0,0.0,0.0,0.0,0.0,0.0,0.0,0.0,0.0,0.0,0.0,0.0,0.0,0.0,0.0,0.0,0.0,0.0,0.0,0.0,0.0,0.0,0.0,0.0,0.0,1,11,Monday,8,0,0
2021-09-11,1900-01-01 21:34:00,BOSTON ROAD,FENTON AVENUE,0,0,0,0,0,0,0,0,Turning Improperly,Unspecified,4456435,Sedan,Station Wagon/Sport Utility Vehicle,BRONX,10469.0,40.87645,-73.848175,"{'latitude': '40.87645', 'longitude': '-73.848175', 'human_address': '{""address"": """", ""city"": """", ""state"": """", ""zip"": """"}'}",Unknown,Unknown,Unknown,Unknown,Unknown,Unknown,Unknown,0.0,0.0,0.0,0.0,0.0,0.0,0.0,0.0,0.0,0.0,0.0,0.0,0.0,0.0,0.0,0.0,0.0,0.0,0.0,0.0,0.0,0.0,0.0,0.0,0.0,0.0,0.0,0.0,0.0,0.0,0.0,0.0,0.0,0.0,0.0,0.0,0.0,0.0,0.0,0.0,0.0,0.0,0.0,0.0,0,21,Saturday,9,0,1
2021-09-11,1900-01-01 11:30:00,Unknown,Unknown,0,0,0,0,0,0,0,0,Passing or Lane Usage Improper,Unspecified,4456181,Sedan,Sedan,QUEENS,11373.0,40.737865,-73.876144,"{'latitude': '40.737865', 'longitude': '-73.876144', 'human_address': '{""address"": """", ""city"": """", ""state"": """", ""zip"": """"}'}",Unknown,Unknown,87-46     52 AVENUE,Unknown,Unknown,Unknown,Unknown,0.0,0.0,0.0,0.0,0.0,0.0,0.0,0.0,0.0,0.0,0.0,0.0,0.0,0.0,0.0,0.0,0.0,0.0,0.0,0.0,0.0,0.0,0.0,0.0,0.0,0.0,0.0,0.0,0.0,0.0,0.0,0.0,0.0,0.0,0.0,0.0,0.0,0.0,0.0,0.0,0.0,0.0,0.0,0.0,0,11,Saturday,9,0,1
2021-09-06,1900-01-01 10:34:00,21 STREET,33 ROAD,1,0,0,0,0,0,1,0,Reaction to Uninvolved Vehicle,Unspecified,4456550,Sedan,Sedan,Unknown,0.0,40.764103,-73.93277,"{'latitude': '40.764103', 'longitude': '-73.93277', 'human_address': '{""address"": """", ""city"": """", ""state"": """", ""zip"": """"}'}",Unknown,Unknown,Unknown,Unknown,Unknown,Unknown,Unknown,0.0,0.0,0.0,0.0,0.0,0.0,0.0,0.0,0.0,0.0,0.0,0.0,0.0,0.0,0.0,0.0,0.0,0.0,0.0,0.0,0.0,0.0,0.0,0.0,0.0,0.0,0.0,0.0,0.0,0.0,0.0,0.0,0.0,0.0,0.0,0.0,0.0,0.0,0.0,0.0,0.0,0.0,0.0,0.0,1,10,Monday,9,0,0
2021-07-08,1900-01-01 15:56:00,BELT PARKWAY,Unknown,1,0,0,0,0,0,1,0,Other Vehicular,Following Too Closely,4456615,Sedan,Sedan,Unknown,0.0,40.66735,-73.76994,"{'latitude': '40.66735', 'longitude': '-73.76994', 'human_address': '{""address"": """", ""city"": """", ""state"": """", ""zip"": """"}'}",Unknown,Unknown,Unknown,Unknown,Unknown,Unknown,Unknown,0.0,0.0,0.0,0.0,0.0,0.0,0.0,0.0,0.0,0.0,0.0,0.0,0.0,0.0,0.0,0.0,0.0,0.0,0.0,0.0,0.0,0.0,0.0,0.0,0.0,0.0,0.0,0.0,0.0,0.0,0.0,0.0,0.0,0.0,0.0,0.0,0.0,0.0,0.0,0.0,0.0,0.0,0.0,0.0,1,15,Thursday,7,0,0
2021-07-07,1900-01-01 23:06:00,HENRY HUDSON PARKWAY,Unknown,0,0,0,0,0,0,0,0,Passing Too Closely,Unspecified,4456647,Sedan,Unknown,Unknown,0.0,40.824265,-73.95642,"{'latitude': '40.824265', 'longitude': '-73.95642', 'human_address': '{""address"": """", ""city"": """", ""state"": """", ""zip"": """"}'}",Unknown,Unknown,Unknown,Unknown,Unknown,Unknown,Unknown,0.0,0.0,0.0,0.0,0.0,0.0,0.0,0.0,0.0,0.0,0.0,0.0,0.0,0.0,0.0,0.0,0.0,0.0,0.0,0.0,0.0,0.0,0.0,0.0,0.0,0.0,0.0,0.0,0.0,0.0,0.0,0.0,0.0,0.0,0.0,0.0,0.0,0.0,0.0,0.0,0.0,0.0,0.0,0.0,0,23,Wednesday,7,0,0