crash_date,crash_time,on_street_name,off_street_name,number_of_persons_injured,number_of_persons_killed,number_of_pedestrians_injured,number_of_pedestrians_killed,number_of_cyclist_injured,number_of_cyclist_killed,number_of_motorist_injured,number_of_motorist_killed,contributing_factor_vehicle_1,contributing_factor_vehicle_2,collision_id,vehicle_type_code1,vehicle_type_code2,borough,zip_code,latitude,longitude,location,contributing_factor_vehicle_3,vehicle_type_code_3,cross_street_name,contributing_factor_vehicle_4,vehicle_type_code_4,contributing_factor_vehicle_5,vehicle_type_code_5,unique_id,crash_date_veh,crash_time_veh,vehicle_id,state_registration,vehicle_type,contributing_factor_1,vehicle_make,vehicle_year,travel_direction,vehicle_occupants,driver_sex,driver_license_status,driver_license_jurisdiction,pre_crash,point_of_impact,vehicle_damage,public_property_damage,contributing_factor_2,vehicle_damage_1,vehicle_damage_2,vehicle_damage_3,vehicle_model,public_property_damage_type,unique_id_pers,crash_date_pers,crash_time_pers,person_id,person_type,person_injury,vehicle_id_pers,ped_role,person_sex,person_age,ejection,emotional_status,bodily_injury,position_in_vehicle,safety_equipment,complaint,ped_location,ped_action,contributing_factor_1_pers,contributing_factor_2_pers,injury_occurred,crash_hour,day_of_week,month,rush_hour,is_weekend
2021-09-11,1900-01-01 06:51:00,GREENE AVENUE,Unknown,0,0,0,0,0,0,0,0,Backing Unsafely,Unspecified,4455820,Sedan,Sedan,Unknown,0.0,40.702045,-73.9156,"{'latitude': '40.702045', 'longitude': '-73.9156', 'human_address': '{""address"": """", ""city"": """", ""state"": """", ""zip"": """"}'}",Unknown,Unknown,Unknown,Unknown,Unknown,Unknown,Unknown,0.0,0.0,0.0,0.0,0.0,0.0,0.0,0.0,0.0,0.0,0.0,0.0,0.0,0.0,0.0,0.0,0.0,0.0,0.0,0.0,0.0,0.0,0.0,0.0,0.0,0.0,0.0,0.0,0.0,0.0,0.0,0.0,0.0,0.0,0.0,0.0,0.0,0.0,0.0,0.0,0.0,0.0,0.0,0.0,0,6,Saturday,9,0,1
2021-09-07,1900-01-01 12:30:00,SAINT NICHOLAS AVENUE,Unknown,1,0,1,0,0,0,0,0,Driver Inattention/Distraction,Unknown,4456845,Sedan,Unknown,Unknown,0.0,40.85306,-73.931,"{'latitude': '40.85306', 'longitude': '-73.931', 'human_address': '{""address"": """", ""city"": """", ""state"": """", ""zip"": """"}'}",Unknown,Unknown,Unknown,Unknown,Unknown,Unknown,Unknown,0.0,0.0,0.0,0.0,0.0,0.0,0.0,0.0,0.0,0.0,0.0,0.0,0.0,0.0,0.0,0.0,0.0,0.0,0.0,0.0,0.0,0.0,0.0,0.0,0.0,0.0,0.0,0.0,0.0,0.0,0.0,0.0,0.0,0.0,0.0,0.0,0.0,0.0,0.0,0.0,0.0,0.0,0.0,0.0,1,12,Tuesday,9,0,0
2021-09-11,1900-01-01 04:10:00,WEST 181 STREET,FORT WASHINGTON AVENUE,0,0,0,0,0,0,0,0,Unspecified,Unknown,4456191,Station Wagon/Sport Utility Vehicle,Sedan,MANHATTAN,10033.0,0.0,0.0,"{'latitude': '0.0', 'longitude': '0.0', 'human_address': '{""address"": """", ""city"": """", ""state"": """", ""zip"": """"}'}",Unknown,Unknown,Unknown,Unknown,Unknown,Unknown,Unknown,0.0,0.0,0.0,0.0,0.0,0.0,0.0,0.0,0.0,0.0,0.0,0.0,0.0,0.0,0.0,0.0,0.0,0.0,0.0,0.0,0.0,0.0,0.0,0.0,0.0,0.0,0.0,0.0,0.0,0.0,0.0,0.0,0.0,0.0,0.0,0.0,0.0,0.0,0.0,0.0,0.0,0.0,0.0,0.0,0,4,Saturday,9,0,1
2021-07-08,1900-01-01 09:25:00,BUSHWICK AVENUE,Unknown,0,0,0,0,0,0,0,0,Turning Improperly,Unspecified,4456586,Station Wagon/Sport Utility Vehicle,Sedan,Unknown,0.0,40.697315,-73.932274,"{'latitude': '40.697315', 'longitude': '-73.932274', 'human_address': '{""address"": """", ""city"": """", ""state"": """", ""zip"": """"}'}",Unknown,Unknown,Unknown,Unknown,Unknown,Unknown,Unknown,0.0,0.0,0.0,0.0,0.0,0.0,0.0,0.0,0.0,0.0,0.0,0.0,0.0,0.0,0.0,0.0,0.0,0.0,0.0,0.0,0.0,0.0,0.0,0.0,0.0,0.0,0.0,0.0,0.0,0.0,0.0,0.0,0.0,0.0,0.0,0.0,0.0,0.0,0.0,0.0,0.0,0.0,0.0,0.0,0,9,Thursday,7,1,0
2021-09-11,1900-01-01 06:40:00,LIBERTY AVENUE,Unknown,0,0,0,0,0,0,0,0,Passing Too Closely,Unspecified,4456718,Sedan,Sedan,Unknown,0.0,40.679344,-73.859535,"{'latitude': '40.679344', 'longitude': '-73.859535', 'human_address': '{""address"": """", ""city"": """", ""state"": """", ""zip"": """"}'}",Unspecified,Unknown,Unknown,Unknown,Unknown,Unknown,Unknown,0.0,0.0,0.0,0.0,0.0,0.0,0.0,0.0,0.0,0.0,0.0,0.0,0.0,0.0,0.0,0.0,0.0,0.0,0.0,0.0,0.0,0.0,0.0,0.0,0.0,0.0,0.0,0.0,0.0,0.0,0.0,0.0,0.0,0.0,0.0,0.0,0.0,0.0,0.0,0.0,0.0,0.0,0.0,0.0,0,6,Saturday,9,0,1
2021-09-11,1900-01-01 17:35:00,Unknown,Unknown,0,0,0,0,0,0,0,0,Unspecified,Unspecified,4456821,Sedan,Station Wagon/Sport Utility Vehicle,QUEENS,11435.0,40.708923,-73.81877,"{'latitude': '40.708923', 'longitude': '-73.81877', 'human_address': '{""address"": """", ""city"": """", ""state"": """", ""zip"": """"}'}",Unknown,Unknown,137-65    QUEENS BOULEVARD,Unknown,Unknown,Unknown,Unknown,0.0,0.0,0.0,0.0,0.0,0.0,0.0,0.0,0.0,0.0,0.0,0.0,0.0,0.0,0.0,0.0,0.0,0.0,0.0,0.0,0.0,0.0,0.0,0.0,0.0,0.0,0.0,0.0,0.0,0.0,0.0,0.0,0.0,0.0,0.0,0.0,0.0,0.0,0.0,0.0,0.0,0.0,0.0,0.0,0,17,Saturday,9,1,1
2021-07-08,1900-01-01 17:17:00,ROME AVENUE,UPTON STREET,1,0,0,0,0,0,1,0,Lost Consciousness,Unspecified,4456608,Sedan,Sedan,STATEN ISLAND,10304.0,40.60203,-74.09572,"{'latitude': '40.60203', 'longitude': '-74.09572', 'human_address': '{""address"": """", ""city"": """", ""state"": """", ""zip"": """"}'}",Unknown,Unknown,Unknown,Unknown,Unknown,Unknown,Unknown,0.0,0.0,0.0,0.0,0.0,0.0,0.0,0.0,0.0,0.0,0.0,0.0,0.0,0.0,0.0,0.0,0.0,0.0,0.0,0.0,0.0,0.0,0.0,0.0,0.0,0.0,0.0,0.0,0.0,0.0,0.0,0.0,0.0,0.0,0.0,0.0,0.0,0.0,0.0,0.0,0.0,0.0,0.0,0.0,1,17,Thursday,7,1,0
2021-09-10,1900-01-01 03:00:00,VAN WYCK EXPWY,Unknown,1,0,0,0,0,0,1,0,Unsafe Speed,Unspecified,4456531,Station Wagon/Sport Utility Vehicle,Unknown,Unknown,0.0,40.693787,-73.81173,"{'latitude': '40.693787', 'longitude': '-73.81173', 'human_address': '{""address"": """", ""city"": """", ""state"": """", ""zip"": """"}'}",Unknown,Unknown,Unknown,Unknown,Unknown,Unknown,Unknown,0.0,0.0,0.0,0.0,0.0,0.0,0.0,0.0,0.0,0.0,0.0,0.0,0.0,0.0,0.0,0.0,0.0,0.0,0.0,0.0,0.0,0.0,0.0,0.0,0.0,0.0,0.0,0.0,0.0,0.0,0.0,0.0,0.0,0.0,0.0,0.0,0.0,0.0,0.0,0.0,0.0,0.0,0.0,0.0,1,3,Friday,9,0,0
2021-09-11,1900-01-01 05:59:00,EAST 167 STREET,BRYANT AVENUE,0,0,0,0,0,0,0,0,Unspecified,Unspecified,4455832,Station Wagon/Sport Utility Vehicle,Station Wagon/Sport Utility Vehicle,BRONX,10459.0,40.826767,-73.888855,"{'latitude': '40.826767', 'longitude': '-73.888855', 'human_address': '{""address"": """", ""city"": """", ""state"": """", ""zip"": """"}'}",Unspecified,Sedan,Unknown,Unknown,Unknown,Unknown,Unknown,0.0,0.0,0.0,0.0,0.0,0.0,0.0,0.0,0.0,0.0,0.0,0.0,0.0,0.0,0.0,0.0,0.0,0.0,0.0,0.0,0.0,0.0,0.0,0.0,0.0,0.0,0.0,0.0,0.0,0.0,0.0,0.0,0.0,0.0,0.0,0.0,0.0,0.0,0.0,0.0,0.0,0.0,0.0,0.0,0,5,Saturday,9,0,1
2021-09-09,1900-01-01 11:39:00,CLAWSON STREET,PRINCETON AVENUE,1,0,0,0,0,0,1,0,Passing or Lane Usage Improper,Unspecified,4456735,Sedan,Station Wagon/Sport Utility Vehicle,STATEN ISLAND,10306.0,40.56692,-74.116234,"{'latitude': '40.56692', 'longitude': '-74.116234', 'human_address': '{""address"": """", ""city"": """", ""state"": """", ""zip"": """"}'}",Unknown,Unknown,Unknown,Unknown,Unknown,Unknown,Unknown,0.0,0.0,0.0,0.0,0.0,0.0,0.0,0.0,0.0,0.0,0.0,0.0,0.0,0.0,0.0,0.0,0.0,0.0,0.0,0.0,0.0,0.0,0.0,0.0,0.0,0.0,0.0,0.0,0.0,0.0,0.0,0.0,0.0,0.0,0.0,0.0,0.0,0.0,0.0,0.0,0.0,0.0,0.0,0.0,1,11,Thursday,9,0,0
2021-04-13,1900-01-01 17:30:00,33 st,31ave,0,0,0,0,0,0,0,0,Driver Inattention/Distraction,Unspecified,4408019,Sedan,Sedan,QUEENS,11106.0,0.0,0.0,Unknown,Unknown,Unknown,Unknown,Unknown,Unknown,Unknown,Unknown,0.0,0.0,0.0,0.0,0.0,0.0,0.0,0.0,0.0,0.0,0.0,0.0,0.0,0.0,0.0,0.0,0.0,0.0,0.0,0.0,0.0,0.0,0.0,0.0,0.0,0.0,0.0,0.0,0.0,0.0,0.0,0.0,0.0,0.0,0.0,0.0,0.0,0.0,0.0,0.0,0.0,0.0,0.0,0.0,0,17,Tuesday,4,1,0
2021-09-11,1900-01-01 17:40:00,12 AVENUE,71 STREET,0,0,0,0,0,0,0,0,Driver Inattention/Distraction,Unspecified,4456734,Sedan,Station Wagon/Sport Utility Vehicle,BROOKLYN,11228.0,40.623913,-74.00726,"{'latitude': '40.623913', 'longitude': '-74.00726', 'human_address': '{""address"": """", ""city"": """", ""state"": """", ""zip"": """"}'}",Unknown,Unknown,Unknown,Unknown,Unknown,Unknown,Unknown,0.0,0.0,0.0,0.0,0.0,0.0,0.0,0.0,0.0,0.0,0.0,0.0,0.0,0.0,0.0,0.0,0.0,0.0,0.0,0.0,0.0,0.0,0.0,0.0,0.0,0.0,0.0,0.0,0.0,0.0,0.0,0.0,0.0,0.0,0.0,0.0,0.0,0.0,0.0,0.0,0.0,0.0,0.0,0.0,0,17,Saturday,9,1,1
2021-09-11,1900-01-01 22:15:00,BELT PARKWAY,Unknown,0,0,0,0,0,0,0,0,Following Too Closely,Unspecified,4455983,Sedan,Station Wagon/Sport Utility Vehicle,Unknown,0.0,40.592422,-73.99508,"{'latitude': '40.592422', 'longitude': '-73.99508', 'human_address': '{""address"": """", ""city"": """", ""state"": """", ""zip"": """"}'}",Unknown,Unknown,Unknown,Unknown,Unknown,Unknown,Unknown,0.0,0.0,0.0,0.0,0.0,0.0,0.0,0.0,0.0,0.0,0.0,0.0,0.0,0.0,0.0,0.0,0.0,0.0,0.0,0.0,0.0,0.0,0.0,0.0,0.0,0.0,0.0,0.0,0.0,0.0,0.0,0.0,0.0,0.0,0.0,0.0,0.0,0.0,0.0,0.0,0.0,0.0,0.0,0.0,0,22,Saturday,9,0,1
2021-09-11,1900-01-01 07:15:00,FULTON STREET,SCHENCK AVENUE,0,0,0,0,0,0,0,0,Unspecified,Unknown,4456323,Sedan,Unknown,BROOKLYN,11207.0,40.6783,-73.88988,"{'latitude': '40.6783', 'longitude': '-73.88988', 'human_address': '{""address"": """", ""city"": """", ""state"": """", ""zip"": """"}'}",Unknown,Unknown,Unknown,Unknown,Unknown,Unknown,Unknown,0.0,0.0,0.0,0.0,0.0,0.0,0.0,0.0,0.0,0.0,0.0,0.0,0.0,0.0,0.0,0.0,0.0,0.0,0.0,0.0,0.0,0.0,0.0,0.0,0.0,0.0,0.0,0.0,0.0,0.0,0.0,0.0,0.0,0.0,0.0,0.0,0.0,0.0,0.0,0.0,0.0,0.0,0.0,0.0,0,7,Saturday,9,1,1
2021-09-10,1900-01-01 17:00:00,74 STREET,37 AVENUE,0,0,0,0,0,0,0,0,Driver Inattention/Distraction,Unspecified,4456889,Sedan,Station Wagon/Sport Utility Vehicle,QUEENS,11372.0,40.748962,-73.89176,"{'latitude': '40.748962', 'longitude': '-73.89176', 'human_address': '{""address"": """", ""city"": """", ""state"": """", ""zip"": """"}'}",Unknown,Unknown,Unknown,Unknown,Unknown,Unknown,Unknown,0.0,0.0,0.0,0.0,0.0,0.0,0.0,0.0,0.0,0.0,0.0,0.0,0.0,0.0,0.0,0.0,0.0,0.0,0.0,0.0,0.0,0.0,0.0,0.0,0.0,0.0,0.0,0.0,0.0,0.0,0.0,0.0,0.0,0.0,0.0,0.0,0.0,0.0,0.0,0.0,0.0,0.0,0.0,0.0,0,17,Friday,9,1,0
2021-07-08,1900-01-01 11:33:00,Unknown,Unknown,0,0,0,0,0,0,0,0,Driver Inexperience,Unspecified,4456679,Sedan,Sedan,BROOKLYN,11236.0,40.631508,-73.90506,"{'latitude': '40.631508', 'longitude': '-73.90506', 'human_address': '{""address"": """", ""city"": """", ""state"": """", ""zip"": """"}'}",Unknown,Unknown,1222      EAST 83 STREET,Unknown,Unknown,Unknown,Unknown,0.0,0.0,0.0,0.0,0.0,0.0,0.0,0.0,0.0,0.0,0.0,0.0,0.0,0.0,0.0,0.0,0.0,0.0,0.0,0.0,0.0,0.0,0.0,0.0,0.0,0.0,0.0,0.0,0.0,0.0,0.0,0.0,0.0,0.0,0.0,0.0,0.0,0.0,0.0,0.0,0.0,0.0,0.0,0.0,0,11,Thursday,7,0,0
2021-09-11,1900-01-01 21:48:00,SUTPHIN BOULEVARD,Unknown,0,0,0,0,0,0,0,0,Alcohol Involvement,Unspecified,4456373,Station Wagon/Sport Utility Vehicle,Sedan,Unknown,0.0,40.677322,-73.790955,"{'latitude': '40.677322', 'longitude': '-73.790955', 'human_address': '{""address"": """", ""city"": """", ""state"": """", ""zip"": """"}'}",Unknown,Unknown,Unknown,Unknown,Unknown,Unknown,Unknown,0.0,0.0,0.0,0.0,0.0,0.0,0.0,0.0,0.0,0.0,0.0,0.0,0.0,0.0,0.0,0.0,0.0,0.0,0.0,0.0,0.0,0.0,0.0,0.0,0.0,0.0,0.0,0.0,0.0,0.0,0.0,0.0,0.0,0.0,0.0,0.0,0.0,0.0,0.0,0.0,0.0,0.0,0.0,0.0,0,21,Saturday,9,0,1
2022-03-26,1900-01-01 10:30:00,BRIGHTON BEACH AVENUE,Unknown,0,0,0,0,0,0,0,0,Following Too Closely,Unspecified,4513885,Station Wagon/Sport Utility Vehicle,Station Wagon/Sport Utility Vehicle,Unknown,0.0,40.57666,-73.965836,"{'latitude': '40.57666', 'longitude': '-73.965836', 'human_address': '{""address"": """", ""city"": """", ""state"": """", ""zip"": """"}'}",Unknown,Unknown,Unknown,Unknown,Unknown,Unknown,Unknown,0.0,0.0,0.0,0.0,0.0,0.0,0.0,0.0,0.0,0.0,0.0,0.0,0.0,0.0,0.0,0.0,0.0,0.0,0.0,0.0,0.0,0.0,0.0,0.0,0.0,0.0,0.0,0.0,0.0,0.0,0.0,0.0,0.0,0.0,0.0,0.0,0.0,0.0,0.0,0.0,0.0,0.0,0.0,0.0,0,10,Saturday,3,0,1
2021-09-11,1900-01-01 19:00:00,WEST 120 STREET,Unknown,1,0,0,0,1,0,0,0,Traffic Control Disregarded,Unspecified,4456758,Taxi,Bike,Unknown,0.0,40.804585,-73.94782,"{'latitude': '40.804585', 'longitude': '-73.94782', 'human_address': '{""address"": """", ""city"": """", ""state"": """", ""zip"": """"}'}",Unknown,Unknown,Unknown,Unknown,Unknown,Unknown,Unknown,0.0,0.0,0.0,0.0,0.0,0.0,0.0,0.0,0.0,0.0,0.0,0.0,0.0,0.0,0.0,0.0,0.0,0.0,0.0,0.0,0.0,0.0,0.0,0.0,0.0,0.0,0.0,0.0,0.0,0.0,0.0,0.0,0.0,0.0,0.0,0.0,0.0,0.0,0.0,0.0,0.0,0.0,0.0,0.0,1,19,Saturday,9,0,1
2021-09-11,1900-01-01 22:23:00,OGDEN AVENUE,WEST 164 STREET,0,0,0,0,0,0,0,0,Following Too Closely,Unspecified,4456498,Station Wagon/Sport Utility Vehicle,Station Wagon/Sport Utility Vehicle,BRONX,10452.0,40.832916,-73.92939,"{'latitude': '40.832916', 'longitude': '-73.92939', 'human_address': '{""address"": """", ""city"": """", ""state"": """", ""zip"": """"}'}",Unknown,Unknown,Unknown,Unknown,Unknown,Unknown,Unknown,0.0,0.0,0.0,0.0,0.0,0.0,0.0,0.0,0.0,0.0,0.0,0.0,0.0,0.0,0.0,0.0,0.0,0.0,0.0,0.0,0.0,0.0,0.0,0.0,0.0,0.0,0.0,0.0,0.0,0.0,0.0,0.0,0.0,0.0,0.0,0.0,0.0,0.0,0.0,0.0,0.0,0.0,0.0,0.0,0,22,Saturday,9,0,1
2021-09-11,1900-01-01 15:00:00,222 STREET,93 ROAD,1,0,1,0,0,0,0,0,Unspecified,Unknown,4455941,Sedan,Unknown,QUEENS,11428.0,40.722515,-73.73332,"{'latitude': '40.722515', 'longitude': '-73.73332', 'human_address': '{""address"": """", ""city"": """", ""state"": """", ""zip"": """"}'}",Unknown,Unknown,Unknown,Unknown,Unknown,Unknown,Unknown,0.0,0.0,0.0,0.0,0.0,0.0,0.0,0.0,0.0,0.0,0.0,0.0,0.0,0.0,0.0,0.0,0.0,0.0,0.0,0.0,0.0,0.0,0.0,0.0,0.0,0.0,0.0,0.0,0.0,0.0,0.0,0.0,0.0,0.0,0.0,0.0,0.0,0.0,0.0,0.0,0.0,0.0,0.0,0.0,1,15,Saturday,9,0,1
2021-09-10,1900-01-01 10:20:00,ATLANTIC AVENUE,111 STREET,2,0,0,0,0,0,2,0,Failure to Yield Right-of-Way,Unsafe Speed,4456778,Sedan,Sedan,QUEENS,11419.0,40.692127,-73.83484,"{'latitude': '40.692127', 'longitude': '-73.83484', 'human_address': '{""address"": """", ""city"": """", ""state"": """", ""zip"": """"}'}",Unknown,Unknown,Unknown,Unknown,Unknown,Unknown,Unknown,0.0,0.0,0.0,0.0,0.0,0.0,0.0,0.0,0.0,0.0,0.0,0.0,0.0,0.0,0.0,0.0,0.0,0.0,0.0,0.0,0.0,0.0,0.0,0.0,0.0,0.0,0.0,0.0,0.0,0.0,0.0,0.0,0.0,0.0,0.0,0.0,0.0,0.0,0.0,0.0,0.0,0.0,0.0,0.0,1,10,Friday,9,0,0
2021-09-11,1900-01-01 00:00:00,HALLECK STREET,VIELE AVENUE,0,0,0,0,0,0,0,0,Traffic Control Disregarded,Unspecified,4455883,Station Wagon/Sport Utility Vehicle,Station Wagon/Sport Utility Vehicle,BRONX,10474.0,40.807537,-73.8798,"{'latitude': '40.807537', 'longitude': '-73.8798', 'human_address': '{""address"": """", ""city"": """", ""state"": """", ""zip"": """"}'}",Unknown,Unknown,Unknown,Unknown,Unknown,Unknown,Unknown,0.0,0.0,0.0,0.0,0.0,0.0,0.0,0.0,0.0,0.0,0.0,0.0,0.0,0.0,0.0,0.0,0.0,0.0,0.0,0.0,0.0,0.0,0.0,0.0,0.0,0.0,0.0,0.0,0.0,0.0,0.0,0.0,0.0,0.0,0.0,0.0,0.0,0.0,0.0,0.0,0.0,0.0,0.0,0.0,0,0,Saturday,9,0,1
2021-07-06,1900-01-01 15:01:00,BRONX BOULEVARD,EAST GUN HILL ROAD,0,0,0,0,0,0,0,0,Other Vehicular,Unknown,4456627,Station Wagon/Sport Utility Vehicle,Unknown,BRONX,10467.0,40.878128,-73.86944,"{'latitude': '40.878128', 'longitude': '-73.86944', 'human_address': '{""address"": """", ""city"": """", ""state"": """", ""zip"": """"}'}",Unknown,Unknown,Unknown,Unknown,Unknown,Unknown,Unknown,0.0,0.0,0.0,0.0,0.0,0.0,0.0,0.0,0.0,0.0,0.0,0.0,0.0,0.0,0.0,0.0,0.0,0.0,0.0,0.0,0.0,0.0,0.0,0.0,0.0,0.0,0.0,0.0,0.0,0.0,0.0,0.0,0.0,0.0,0.0,0.0,0.0,0.0,0.0,0.0,0.0,0.0,0.0,0.0,0,15,Tuesday,7,0,0
2021-07-09,1900-01-01 04:00:00,GRAND CENTRAL PKWY,Unknown,0,0,0,0,0,0,0,0,Driver Inattention/Distraction,Unspecified,4456640,Sedan,Sedan,Unknown,0.0,40.75777,-73.854164,"{'latitude': '40.75777', 'longitude': '-73.854164', 'human_address': '{""address"": """", ""city"": """", ""state"": """", ""zip"": """"}'}",Unknown,Unknown,Unknown,Unknown,Unknown,Unknown,Unknown,0.0,0.0,0.0,0.0,0.0,0.0,0.0,0.0,0.0,0.0,0.0,0.0,0.0,0.0,0.0,0.0,0.0,0.0,0.0,0.0,0.0,0.0,0.0,0.0,0.0,0.0,0.0,0.0,0.0,0.0,0.0,0.0,0.0,0.0,0.0,0.0,0.0,0.0,0.0,0.0,0.0,0.0,0.0,0.0,0,4,Friday,7,0,0
2021-09-10,1900-01-01 08:45:00,Unknown,Unknown,0,0,0,0,0,0,0,0,Unspecified,Unspecified,4456812,Sedan,Bus,BROOKLYN,11212.0,40.6569,-73.907486,"{'latitude': '40.6569', 'longitude': '-73.907486', 'human_address': '{""address"": """", ""city"": """", ""state"": """", ""zip"": """"}'}",Unknown,Unknown,940       ROCKAWAY AVENUE,Unknown,Unknown,Unknown,Unknown,0.0,0.0,0.0,0.0,0.0,0.0,0.0,0.0,0.0,0.0,0.0,0.0,0.0,0.0,0.0,0.0,0.0,0.0,0.0,0.0,0.0,0.0,0.0,0.0,0.0,0.0,0.0,0.0,0.0,0.0,0.0,0.0,0.0,0.0,0.0,0.0,0.0,0.0,0.0,0.0,0.0,0.0,0.0,0.0,0,8,Friday,9,1,0
2021-09-11,1900-01-01 11:51:00,CROSS BRONX EXPY,Unknown,1,0,0,0,0,0,1,0,Driver Inattention/Distraction,Unspecified,4455924,Station Wagon/Sport Utility Vehicle,Sedan,Unknown,0.0,40.845024,-73.92632,"{'latitude': '40.845024', 'longitude': '-73.92632', 'human_address': '{""address"": """", ""city"": """", ""state"": """", ""zip"": """"}'}",Unknown,Unknown,Unknown,Unknown,Unknown,Unknown,Unknown,0.0,0.0,0.0,0.0,0.0,0.0,0.0,0.0,0.0,0.0,0.0,0.0,0.0,0.0,0.0,0.0,0.0,0.0,0.0,0.0,0.0,0.0,0.0,0.0,0.0,0.0,0.0,0.0,0.0,0.0,0.0,0.0,0.0,0.0,0.0,0.0,0.0,0.0,0.0,0.0,0.0,0.0,0.0,0.0,1,11,Saturday,9,0,1
2021-09-11,1900-01-01 18:50:00,BRUCKNER BOULEVARD,TIFFANY STREET,1,0,0,0,0,0,1,0,Unspecified,Unspecified,4455894,Station Wagon/Sport Utility Vehicle,Refrigerated Van,BRONX,10459.0,40.817795,-73.89319,"{'latitude': '40.817795', 'longitude': '-73.89319', 'human_address': '{""address"": """", ""city"": """", ""state"": """", ""zip"": """"}'}",Unknown,Unknown,Unknown,Unknown,Unknown,Unknown,Unknown,0.0,0.0,0.0,0.0,0.0,0.0,0.0,0.0,0.0,0.0,0.0,0.0,0.0,0.0,0.0,0.0,0.0,0.0,0.0,0.0,0.0,0.0,0.0,0.0,0.0,0.0,0.0,0.0,0.0,0.0,0.0,0.0,0.0,0.0,0.0,0.0,0.0,0.0,0.0,0.0,0.0,0.0,0.0,0.0,1,18,Saturday,9,1,1
2021-07-02,1900-01-01 07:10:00,MAJOR DEEGAN EXPRESSWAY,Unknown,1,0,0,0,0,0,1,0,Driver Inexperience,Unspecified,4456596,Station Wagon/Sport Utility Vehicle,Station Wagon/Sport Utility Vehicle,Unknown,0.0,40.81915,-73.93062,"{'latitude': '40.81915', 'longitude': '-73.93062', 'human_address': '{""address"": """", ""city"": """", ""state"": """", ""zip"": """"}'}",Unknown,Unknown,Unknown,Unknown,Unknown,Unknown,Unknown,0.0,0.0,0.0,0.0,0.0,0.0,0.0,0.0,0.0,0.0,0.0,0.0,0.0,0.0,0.0,0.0,0.0,0.0,0.0,0.0,0.0,0.0,0.0,0.0,0.0,0.0,0.0,0.0,0.0,0.0,0.0,0.0,0.0,0.0,0.0,0.0,0.0,0.0,0.0,0.0,0.0,0.0,0.0,0.0,1,7,Friday,7,1,0
2021-09-06,1900-01-01 13:26:00,Unknown,Unknown,0,0,0,0,0,0,0,0,Backing Unsafely,Unspecified,4456742,Sedan,Unknown,STATEN ISLAND,10314.0,40.591778,-74.12734,"{'latitude': '40.591778', 'longitude': '-74.12734', 'human_address': '{""address"": """", ""city"": """", ""state"": """", ""zip"": """"}'}",Unknown,Unknown,1466      MANOR ROAD,Unknown,Unknown,Unknown,Unknown,0.0,0.0,0.0,0.0,0.0,0.0,0.0,0.0,0.0,0.0,0.0,0.0,0.0,0.0,0.0,0.0,0.0,0.0,0.0,0.0,0.0,0.0,0.0,0.0,0.0,0.0,0.0,0.0,0.0,0.0,0.0,0.0,0.0,0.0,0.0,0.0,0.0,0.0,0.0,0.0,0.0,0.0,0.0,0.0,0,13,Monday,9,0,0
2021-09-11,1900-01-01 05:30:00,21 STREET,41 AVENUE,1,0,0,0,0,0,1,0,Following Too Closely,Unspecified,4455969,Station Wagon/Sport Utility Vehicle,Sedan,QUEENS,11101.0,40.753994,-73.94244,"{'latitude': '40.753994', 'longitude': '-73.94244', 'human_address': '{""address"": """", ""city"": """", ""state"": """", ""zip"": """"}'}",Unknown,Unknown,Unknown,Unknown,Unknown,Unknown,Unknown,0.0,0.0,0.0,0.0,0.0,0.0,0.0,0.0,0.0,0.0,0.0,0.0,0.0,0.0,0.0,0.0,0.0,0.0,0.0,0.0,0.0,0.0,0.0,0.0,0.0,0.0,0.0,0.0,0.0,0.0,0.0,0.0,0.0,0.0,0.0,0.0,0.0,0.0,0.0,0.0,0.0,0.0,0.0,0.0,1,5,Saturday,9,0,1
2021-09-11,1900-01-01 12:55:00,Unknown,Unknown,1,0,0,0,1,0,0,0,Passing or Lane Usage Improper,Other Vehicular,4455841,Station Wagon/Sport Utility Vehicle,Bike,MANHATTAN,10012.0,40.724846,-73.999,"{'latitude': '40.724846', 'longitude': '-73.999', 'human_address': '{""address"": """", ""city"": """", ""state"": """", ""zip"": """"}'}",Unknown,Unknown,101       PRINCE STREET,Unknown,Unknown,Unknown,Unknown,0.0,0.0,0.0,0.0,0.0,0.0,0.0,0.0,0.0,0.0,0.0,0.0,0.0,0.0,0.0,0.0,0.0,0.0,0.0,0.0,0.0,0.0,0.0,0.0,0.0,0.0,0.0,0.0,0.0,0.0,0.0,0.0,0.0,0.0,0.0,0.0,0.0,0.0,0.0,0.0,0.0,0.0,0.0,0.0,1,12,Saturday,9,0,1