crash_date,crash_time,on_street_name,off_street_name,number_of_persons_injured,number_of_persons_killed,number_of_pedestrians_injured,number_of_pedestrians_killed,number_of_cyclist_injured,number_of_cyclist_killed,number_of_motorist_injured,number_of_motorist_killed,contributing_factor_vehicle_1,contributing_factor_vehicle_2,collision_id,vehicle_type_code1,vehicle_type_code2,borough,zip_code,latitude,longitude,location,contributing_factor_vehicle_3,vehicle_type_code_3,cross_street_name,contributing_factor_vehicle_4,vehicle_type_code_4,contributing_factor_vehicle_5,vehicle_type_code_5,unique_id,crash_date_veh,crash_time_veh,vehicle_id,state_registration,vehicle_type,contributing_factor_1,vehicle_make,vehicle_year,travel_direction,vehicle_occupants,driver_sex,driver_license_status,driver_license_jurisdiction,pre_crash,point_of_impact,vehicle_damage,public_property_damage,contributing_factor_2,vehicle_damage_1,vehicle_damage_2,vehicle_damage_3,vehicle_model,public_property_damage_type,unique_id_pers,crash_date_pers,crash_time_pers,person_id,person_type,person_injury,vehicle_id_pers,ped_role,person_sex,person_age,ejection,emotional_status,bodily_injury,position_in_vehicle,safety_equipment,complaint,ped_location,ped_action,contributing_factor_1_pers,contributing_factor_2_pers,injury_occurred,crash_hour,day_of_week,month,rush_hour,is_weekend
2021-09-11,1900-01-01 14:00:00,CROSS BRONX EXPY RAMP,Unknown,2,0,0,0,0,0,2,0,Following Too Closely,Unspecified,4456497,Station Wagon/Sport Utility Vehicle,Station Wagon/Sport Utility Vehicle,Unknown,0.0,0.0,0.0,Unknown,Unknown,Unknown,Unknown,Unknown,Unknown,Unknown,Unknown,0.0,0.0,0.0,0.0,0.0,0.0,0.0,0.0,0.0,0.0,0.0,0.0,0.0,0.0,0.0,0.0,0.0,0.0,0.0,0.0,0.0,0.0,0.0,0.0,0.0,0.0,0.0,0.0,0.0,0.0,0.0,0.0,0.0,0.0,0.0,0.0,0.0,0.0,0.0,0.0,0.0,0.0,0.0,0.0,1,14,Saturday,9,0,1
2021-07-09,1900-01-01 12:30:00,WEST 147 STREET,Unknown,0,0,0,0,0,0,0,0,Other Vehicular,Other Vehicular,4456711,Box Truck,Sedan,Unknown,0.0,40.822933,-73.93813,"{'latitude': '40.822933', 'longitude': '-73.93813', 'human_address': '{""address"": """", ""city"": """", ""state"": """", ""zip"": """"}'}",Unknown,Unknown,Unknown,Unknown,Unknown,Unknown,Unknown,0.0,0.0,0.0,0.0,0.0,0.0,0.0,0.0,0.0,0.0,0.0,0.0,0.0,0.0,0.0,0.0,0.0,0.0,0.0,0.0,0.0,0.0,0.0,0.0,0.0,0.0,0.0,0.0,0.0,0.0,0.0,0.0,0.0,0.0,0.0,0.0,0.0,0.0,0.0,0.0,0.0,0.0,0.0,0.0,0,12,Friday,7,0,0
2021-09-11,1900-01-01 13:00:00,FULTON STREET,Unknown,1,0,0,0,0,0,0,0,Driver Inattention/Distraction,Driver Inattention/Distraction,4456154,Sedan,E-Scooter,Unknown,0.0,40.680477,-73.951164,"{'latitude': '40.680477', 'longitude': '-73.951164', 'human_address': '{""address"": """", ""city"": """", ""state"": """", ""zip"": """"}'}",Unknown,Unknown,Unknown,Unknown,Unknown,Unknown,Unknown,0.0,0.0,0.0,0.0,0.0,0.0,0.0,0.0,0.0,0.0,0.0,0.0,0.0,0.0,0.0,0.0,0.0,0.0,0.0,0.0,0.0,0.0,0.0,0.0,0.0,0.0,0.0,0.0,0.0,0.0,0.0,0.0,0.0,0.0,0.0,0.0,0.0,0.0,0.0,0.0,0.0,0.0,0.0,0.0,1,13,Saturday,9,0,1
2021-09-11,1900-01-01 15:00:00,TILDEN AVENUE,EAST 51 STREET,0,0,0,0,0,0,0,0,Backing Unsafely,Unspecified,4456204,Sedan,Sedan,BROOKLYN,11203.0,40.648243,-73.929,"{'latitude': '40.648243', 'longitude': '-73.929', 'human_address': '{""address"": """", ""city"": """", ""state"": """", ""zip"": """"}'}",Unknown,Unknown,Unknown,Unknown,Unknown,Unknown,Unknown,0.0,0.0,0.0,0.0,0.0,0.0,0.0,0.0,0.0,0.0,0.0,0.0,0.0,0.0,0.0,0.0,0.0,0.0,0.0,0.0,0.0,0.0,0.0,0.0,0.0,0.0,0.0,0.0,0.0,0.0,0.0,0.0,0.0,0.0,0.0,0.0,0.0,0.0,0.0,0.0,0.0,0.0,0.0,0.0,0,15,Saturday,9,0,1
2021-07-08,1900-01-01 15:30:00,ROCKAWAY PARKWAY,FLATLANDS AVENUE,1,0,1,0,0,0,0,0,Driver Inattention/Distraction,Unknown,4456683,Sedan,Unknown,BROOKLYN,11236.0,40.64366,-73.90067,"{'latitude': '40.64366', 'longitude': '-73.90067', 'human_address': '{""address"": """", ""city"": """", ""state"": """", ""zip"": """"}'}",Unknown,Unknown,Unknown,Unknown,Unknown,Unknown,Unknown,0.0,0.0,0.0,0.0,0.0,0.0,0.0,0.0,0.0,0.0,0.0,0.0,0.0,0.0,0.0,0.0,0.0,0.0,0.0,0.0,0.0,0.0,0.0,0.0,0.0,0.0,0.0,0.0,0.0,0.0,0.0,0.0,0.0,0.0,0.0,0.0,0.0,0.0,0.0,0.0,0.0,0.0,0.0,0.0,1,15,Thursday,7,0,0
2021-07-09,1900-01-01 11:15:00,JEFFERSON AVENUE,Unknown,0,0,0,0,0,0,0,0,Passing Too Closely,Unspecified,4456696,Station Wagon/Sport Utility Vehicle,Station Wagon/Sport Utility Vehicle,Unknown,0.0,40.6843,-73.94121,"{'latitude': '40.6843', 'longitude': '-73.94121', 'human_address': '{""address"": """", ""city"": """", ""state"": """", ""zip"": """"}'}",Unknown,Unknown,Unknown,Unknown,Unknown,Unknown,Unknown,0.0,0.0,0.0,0.0,0.0,0.0,0.0,0.0,0.0,0.0,0.0,0.0,0.0,0.0,0.0,0.0,0.0,0.0,0.0,0.0,0.0,0.0,0.0,0.0,0.0,0.0,0.0,0.0,0.0,0.0,0.0,0.0,0.0,0.0,0.0,0.0,0.0,0.0,0.0,0.0,0.0,0.0,0.0,0.0,0,11,Friday,7,0,0
2021-09-02,1900-01-01 10:45:00,TARGEE STREET,Unknown,1,0,0,0,0,0,1,0,Lost Consciousness,Unspecified,4456521,Sedan,Sedan,Unknown,0.0,40.602425,-74.091354,"{'latitude': '40.602425', 'longitude': '-74.091354', 'human_address': '{""address"": """", ""city"": """", ""state"": """", ""zip"": """"}'}",Unknown,Unknown,Unknown,Unknown,Unknown,Unknown,Unknown,0.0,0.0,0.0,0.0,0.0,0.0,0.0,0.0,0.0,0.0,0.0,0.0,0.0,0.0,0.0,0.0,0.0,0.0,0.0,0.0,0.0,0.0,0.0,0.0,0.0,0.0,0.0,0.0,0.0,0.0,0.0,0.0,0.0,0.0,0.0,0.0,0.0,0.0,0.0,0.0,0.0,0.0,0.0,0.0,1,10,Thursday,9,0,0
2021-09-07,1900-01-01 17:35:00,Unknown,Unknown,1,0,0,0,0,0,1,0,Driver Inattention/Distraction,Driver Inattention/Distraction,4456865,Flat Bed,Station Wagon/Sport Utility Vehicle,BROOKLYN,11225.0,40.662037,-73.95077,"{'latitude': '40.662037', 'longitude': '-73.95077', 'human_address': '{""address"": """", ""city"": """", ""state"": """", ""zip"": """"}'}",Unspecified,Station Wagon/Sport Utility Vehicle,1065      NOSTRAND AVENUE,Unspecified,Sedan,Unknown,Unknown,0.0,0.0,0.0,0.0,0.0,0.0,0.0,0.0,0.0,0.0,0.0,0.0,0.0,0.0,0.0,0.0,0.0,0.0,0.0,0.0,0.0,0.0,0.0,0.0,0.0,0.0,0.0,0.0,0.0,0.0,0.0,0.0,0.0,0.0,0.0,0.0,0.0,0.0,0.0,0.0,0.0,0.0,0.0,0.0,1,17,Tuesday,9,1,0
2021-09-11,1900-01-01 19:08:00,NEVINS STREET,BUTLER STREET,0,0,0,0,0,0,0,0,Following Too Closely,Unspecified,4456389,Taxi,Station Wagon/Sport Utility Vehicle,BROOKLYN,11217.0,40.68164,-73.98568,"{'latitude': '40.68164', 'longitude': '-73.98568', 'human_address': '{""address"": """", ""city"": """", ""state"": """", ""zip"": """"}'}",Unknown,Unknown,Unknown,Unknown,Unknown,Unknown,Unknown,0.0,0.0,0.0,0.0,0.0,0.0,0.0,0.0,0.0,0.0,0.0,0.0,0.0,0.0,0.0,0.0,0.0,0.0,0.0,0.0,0.0,0.0,0.0,0.0,0.0,0.0,0.0,0.0,0.0,0.0,0.0,0.0,0.0,0.0,0.0,0.0,0.0,0.0,0.0,0.0,0.0,0.0,0.0,0.0,0,19,Saturday,9,0,1
2021-09-11,1900-01-01 10:25:00,1 AVENUE,EAST 93 STREET,0,0,0,0,0,0,0,0,Backing Unsafely,Unknown,4456512,Station Wagon/Sport Utility Vehicle,Unknown,MANHATTAN,10128.0,40.781315,-73.94614,"{'latitude': '40.781315', 'longitude': '-73.94614', 'human_address': '{""address"": """", ""city"": """", ""state"": """", ""zip"": """"}'}",Unknown,Unknown,Unknown,Unknown,Unknown,Unknown,Unknown,0.0,0.0,0.0,0.0,0.0,0.0,0.0,0.0,0.0,0.0,0.0,0.0,0.0,0.0,0.0,0.0,0.0,0.0,0.0,0.0,0.0,0.0,0.0,0.0,0.0,0.0,0.0,0.0,0.0,0.0,0.0,0.0,0.0,0.0,0.0,0.0,0.0,0.0,0.0,0.0,0.0,0.0,0.0,0.0,0,10,Saturday,9,0,1
2021-09-11,1900-01-01 14:00:00,72 STREET,41 AVENUE,0,0,0,0,0,0,0,0,Unspecified,Unknown,4455860,Station Wagon/Sport Utility Vehicle,Unknown,Unknown,0.0,40.74498,-73.89325,"{'latitude': '40.74498', 'longitude': '-73.89325', 'human_address': '{""address"": """", ""city"": """", ""state"": """", ""zip"": """"}'}",Unknown,Unknown,Unknown,Unknown,Unknown,Unknown,Unknown,0.0,0.0,0.0,0.0,0.0,0.0,0.0,0.0,0.0,0.0,0.0,0.0,0.0,0.0,0.0,0.0,0.0,0.0,0.0,0.0,0.0,0.0,0.0,0.0,0.0,0.0,0.0,0.0,0.0,0.0,0.0,0.0,0.0,0.0,0.0,0.0,0.0,0.0,0.0,0.0,0.0,0.0,0.0,0.0,0,14,Saturday,9,0,1
2021-08-29,1900-01-01 00:12:00,VICTORY BOULEVARD,HARVEY AVENUE,1,0,0,0,0,0,1,0,Driver Inattention/Distraction,Unspecified,4456782,Motorcycle,Station Wagon/Sport Utility Vehicle,Unknown,0.0,40.6117,-74.13918,"{'latitude': '40.6117', 'longitude': '-74.13918', 'human_address': '{""address"": """", ""city"": """", ""state"": """", ""zip"": """"}'}",Unknown,Unknown,Unknown,Unknown,Unknown,Unknown,Unknown,0.0,0.0,0.0,0.0,0.0,0.0,0.0,0.0,0.0,0.0,0.0,0.0,0.0,0.0,0.0,0.0,0.0,0.0,0.0,0.0,0.0,0.0,0.0,0.0,0.0,0.0,0.0,0.0,0.0,0.0,0.0,0.0,0.0,0.0,0.0,0.0,0.0,0.0,0.0,0.0,0.0,0.0,0.0,0.0,1,0,Sunday,8,0,1
2021-09-11,1900-01-01 23:48:00,FLATBUSH AVENUE,AVENUE O,0,0,0,0,0,0,0,0,Unsafe Speed,Passing or Lane Usage Improper,4455949,Station Wagon/Sport Utility Vehicle,Sedan,BROOKLYN,11234.0,40.616295,-73.92991,"{'latitude': '40.616295', 'longitude': '-73.92991', 'human_address': '{""address"": """", ""city"": """", ""state"": """", ""zip"": """"}'}",Unknown,Unknown,Unknown,Unknown,Unknown,Unknown,Unknown,0.0,0.0,0.0,0.0,0.0,0.0,0.0,0.0,0.0,0.0,0.0,0.0,0.0,0.0,0.0,0.0,0.0,0.0,0.0,0.0,0.0,0.0,0.0,0.0,0.0,0.0,0.0,0.0,0.0,0.0,0.0,0.0,0.0,0.0,0.0,0.0,0.0,0.0,0.0,0.0,0.0,0.0,0.0,0.0,0,23,Saturday,9,0,1
2021-09-11,1900-01-01 01:45:00,18 AVENUE,COLLEGE POINT BOULEVARD,0,0,0,0,0,0,0,0,Failure to Yield Right-of-Way,Unspecified,4456097,Station Wagon/Sport Utility Vehicle,Station Wagon/Sport Utility Vehicle,QUEENS,11356.0,40.78322,-73.84586,"{'latitude': '40.78322', 'longitude': '-73.84586', 'human_address': '{""address"": """", ""city"": """", ""state"": """", ""zip"": """"}'}",Unknown,Unknown,Unknown,Unknown,Unknown,Unknown,Unknown,0.0,0.0,0.0,0.0,0.0,0.0,0.0,0.0,0.0,0.0,0.0,0.0,0.0,0.0,0.0,0.0,0.0,0.0,0.0,0.0,0.0,0.0,0.0,0.0,0.0,0.0,0.0,0.0,0.0,0.0,0.0,0.0,0.0,0.0,0.0,0.0,0.0,0.0,0.0,0.0,0.0,0.0,0.0,0.0,0,1,Saturday,9,0,1
2021-07-08,1900-01-01 17:13:00,Unknown,Unknown,0,0,0,0,0,0,0,0,Driver Inattention/Distraction,Unspecified,4456623,Sedan,Unknown,BRONX,10469.0,40.87122,-73.83709,"{'latitude': '40.87122', 'longitude': '-73.83709', 'human_address': '{""address"": """", ""city"": """", ""state"": """", ""zip"": """"}'}",Unknown,Unknown,1851      ADEE AVENUE,Unknown,Unknown,Unknown,Unknown,0.0,0.0,0.0,0.0,0.0,0.0,0.0,0.0,0.0,0.0,0.0,0.0,0.0,0.0,0.0,0.0,0.0,0.0,0.0,0.0,0.0,0.0,0.0,0.0,0.0,0.0,0.0,0.0,0.0,0.0,0.0,0.0,0.0,0.0,0.0,0.0,0.0,0.0,0.0,0.0,0.0,0.0,0.0,0.0,0,17,Thursday,7,1,0
2021-09-09,1900-01-01 11:39:00,86 STREET,103 AVENUE,0,0,0,0,0,0,0,0,Failure to Yield Right-of-Way,Unspecified,4456775,Sedan,Station Wagon/Sport Utility Vehicle,QUEENS,11416.0,40.680077,-73.852684,"{'latitude': '40.680077', 'longitude': '-73.852684', 'human_address': '{""address"": """", ""city"": """", ""state"": """", ""zip"": """"}'}",Unknown,Unknown,Unknown,Unknown,Unknown,Unknown,Unknown,0.0,0.0,0.0,0.0,0.0,0.0,0.0,0.0,0.0,0.0,0.0,0.0,0.0,0.0,0.0,0.0,0.0,0.0,0.0,0.0,0.0,0.0,0.0,0.0,0.0,0.0,0.0,0.0,0.0,0.0,0.0,0.0,0.0,0.0,0.0,0.0,0.0,0.0,0.0,0.0,0.0,0.0,0.0,0.0,0,11,Thursday,9,0,0
2021-07-06,1900-01-01 19:00:00,Unknown,Unknown,0,0,0,0,0,0,0,0,Driver Inattention/Distraction,Unspecified,4456664,Sedan,Unknown,BRONX,10457.0,40.843384,-73.88987,"{'latitude': '40.843384', 'longitude': '-73.88987', 'human_address': '{""address"": """", ""city"": """", ""state"": """", ""zip"": """"}'}",Unknown,Unknown,1908      PROSPECT AVENUE,Unknown,Unknown,Unknown,Unknown,0.0,0.0,0.0,0.0,0.0,0.0,0.0,0.0,0.0,0.0,0.0,0.0,0.0,0.0,0.0,0.0,0.0,0.0,0.0,0.0,0.0,0.0,0.0,0.0,0.0,0.0,0.0,0.0,0.0,0.0,0.0,0.0,0.0,0.0,0.0,0.0,0.0,0.0,0.0,0.0,0.0,0.0,0.0,0.0,0,19,Tuesday,7,0,0
2021-09-11,1900-01-01 17:19:00,146 STREET,Unknown,0,0,0,0,0,0,0,0,Passing Too Closely,Unspecified,4456370,Sedan,Sedan,Unknown,0.0,40.680023,-73.794624,"{'latitude': '40.680023', 'longitude': '-73.794624', 'human_address': '{""address"": """", ""city"": """", ""state"": """", ""zip"": """"}'}",Unspecified,Station Wagon/Sport Utility Vehicle,Unknown,Unknown,Unknown,Unknown,Unknown,0.0,0.0,0.0,0.0,0.0,0.0,0.0,0.0,0.0,0.0,0.0,0.0,0.0,0.0,0.0,0.0,0.0,0.0,0.0,0.0,0.0,0.0,0.0,0.0,0.0,0.0,0.0,0.0,0.0,0.0,0.0,0.0,0.0,0.0,0.0,0.0,0.0,0.0,0.0,0.0,0.0,0.0,0.0,0.0,0,17,Saturday,9,1,1
2021-07-06,1900-01-01 18:00:00,Unknown,Unknown,0,0,0,0,0,0,0,0,Obstruction/Debris,Unknown,4456567,Sedan,Unknown,BROOKLYN,11222.0,40.72937,-73.955444,"{'latitude': '40.72937', 'longitude': '-73.955444', 'human_address': '{""address"": """", ""city"": """", ""state"": """", ""zip"": """"}'}",Unknown,Unknown,133       MILTON STREET,Unknown,Unknown,Unknown,Unknown,0.0,0.0,0.0,0.0,0.0,0.0,0.0,0.0,0.0,0.0,0.0,0.0,0.0,0.0,0.0,0.0,0.0,0.0,0.0,0.0,0.0,0.0,0.0,0.0,0.0,0.0,0.0,0.0,0.0,0.0,0.0,0.0,0.0,0.0,0.0,0.0,0.0,0.0,0.0,0.0,0.0,0.0,0.0,0.0,0,18,Tuesday,7,1,0
2021-07-05,1900-01-01 17:20:00,ELTON STREET,JAMAICA AVENUE,0,0,0,0,0,0,0,0,Driver Inexperience,Unknown,4456628,E-Bike,Unknown,BROOKLYN,11208.0,40.683754,-73.88565,"{'latitude': '40.683754', 'longitude': '-73.88565', 'human_address': '{""address"": """", ""city"": """", ""state"": """", ""zip"": """"}'}",Unknown,Unknown,Unknown,Unknown,Unknown,Unknown,Unknown,0.0,0.0,0.0,0.0,0.0,0.0,0.0,0.0,0.0,0.0,0.0,0.0,0.0,0.0,0.0,0.0,0.0,0.0,0.0,0.0,0.0,0.0,0.0,0.0,0.0,0.0,0.0,0.0,0.0,0.0,0.0,0.0,0.0,0.0,0.0,0.0,0.0,0.0,0.0,0.0,0.0,0.0,0.0,0.0,0,17,Monday,7,1,0
2021-09-11,1900-01-01 09:10:00,DUNLOP AVENUE,Unknown,0,0,0,0,0,0,0,0,Turning Improperly,Unspecified,4456844,Station Wagon/Sport Utility Vehicle,Station Wagon/Sport Utility Vehicle,Unknown,0.0,40.70413,-73.76984,"{'latitude': '40.70413', 'longitude': '-73.76984', 'human_address': '{""address"": """", ""city"": """", ""state"": """", ""zip"": """"}'}",Unspecified,Station Wagon/Sport Utility Vehicle,Unknown,Unknown,Unknown,Unknown,Unknown,0.0,0.0,0.0,0.0,0.0,0.0,0.0,0.0,0.0,0.0,0.0,0.0,0.0,0.0,0.0,0.0,0.0,0.0,0.0,0.0,0.0,0.0,0.0,0.0,0.0,0.0,0.0,0.0,0.0,0.0,0.0,0.0,0.0,0.0,0.0,0.0,0.0,0.0,0.0,0.0,0.0,0.0,0.0,0.0,0,9,Saturday,9,1,1
2021-09-11,1900-01-01 21:45:00,AVENUE P,CONEY ISLAND AVENUE,0,0,0,0,0,0,0,0,Unspecified,Unknown,4455985,Sedan,Unknown,BROOKLYN,11223.0,40.609985,-73.96239,"{'latitude': '40.609985', 'longitude': '-73.96239', 'human_address': '{""address"": """", ""city"": """", ""state"": """", ""zip"": """"}'}",Unknown,Unknown,Unknown,Unknown,Unknown,Unknown,Unknown,0.0,0.0,0.0,0.0,0.0,0.0,0.0,0.0,0.0,0.0,0.0,0.0,0.0,0.0,0.0,0.0,0.0,0.0,0.0,0.0,0.0,0.0,0.0,0.0,0.0,0.0,0.0,0.0,0.0,0.0,0.0,0.0,0.0,0.0,0.0,0.0,0.0,0.0,0.0,0.0,0.0,0.0,0.0,0.0,0,21,Saturday,9,0,1
2021-07-09,1900-01-01 06:51:00,SUTTER AVENUE,SHERIDAN AVENUE,1,0,1,0,0,0,0,0,View Obstructed/Limited,Unknown,4456655,Sedan,Unknown,BROOKLYN,11208.0,40.673676,-73.86576,"{'latitude': '40.673676', 'longitude': '-73.86576', 'human_address': '{""address"": """", ""city"": """", ""state"": """", ""zip"": """"}'}",Unknown,Unknown,Unknown,Unknown,Unknown,Unknown,Unknown,0.0,0.0,0.0,0.0,0.0,0.0,0.0,0.0,0.0,0.0,0.0,0.0,0.0,0.0,0.0,0.0,0.0,0.0,0.0,0.0,0.0,0.0,0.0,0.0,0.0,0.0,0.0,0.0,0.0,0.0,0.0,0.0,0.0,0.0,0.0,0.0,0.0,0.0,0.0,0.0,0.0,0.0,0.0,0.0,1,6,Friday,7,0,0
2021-09-11,1900-01-01 21:00:00,LEXINGTON AVENUE,EAST 42 STREET,1,0,0,0,0,0,1,0,Unspecified,Unspecified,4456058,Station Wagon/Sport Utility Vehicle,Bus,MANHATTAN,10168.0,40.751442,-73.97606,"{'latitude': '40.751442', 'longitude': '-73.97606', 'human_address': '{""address"": """", ""city"": """", ""state"": """", ""zip"": """"}'}",Unknown,Unknown,Unknown,Unknown,Unknown,Unknown,Unknown,0.0,0.0,0.0,0.0,0.0,0.0,0.0,0.0,0.0,0.0,0.0,0.0,0.0,0.0,0.0,0.0,0.0,0.0,0.0,0.0,0.0,0.0,0.0,0.0,0.0,0.0,0.0,0.0,0.0,0.0,0.0,0.0,0.0,0.0,0.0,0.0,0.0,0.0,0.0,0.0,0.0,0.0,0.0,0.0,1,21,Saturday,9,0,1
2021-07-08,1900-01-01 14:30:00,Unknown,Unknown,1,0,0,0,0,0,1,0,Unspecified,Unspecified,4456600,Sedan,Sedan,BRONX,10464.0,40.86514,-73.801544,"{'latitude': '40.86514', 'longitude': '-73.801544', 'human_address': '{""address"": """", ""city"": """", ""state"": """", ""zip"": """"}'}",Unknown,Unknown,1         ORCHARD BEACH ROAD,Unknown,Unknown,Unknown,Unknown,0.0,0.0,0.0,0.0,0.0,0.0,0.0,0.0,0.0,0.0,0.0,0.0,0.0,0.0,0.0,0.0,0.0,0.0,0.0,0.0,0.0,0.0,0.0,0.0,0.0,0.0,0.0,0.0,0.0,0.0,0.0,0.0,0.0,0.0,0.0,0.0,0.0,0.0,0.0,0.0,0.0,0.0,0.0,0.0,1,14,Thursday,7,0,0
2021-09-11,1900-01-01 18:38:00,Unknown,Unknown,0,0,0,0,0,0,0,0,Passing or Lane Usage Improper,Unspecified,4455907,Sedan,Sedan,QUEENS,11375.0,40.72218,-73.84406,"{'latitude': '40.72218', 'longitude': '-73.84406', 'human_address': '{""address"": """", ""city"": """", ""state"": """", ""zip"": """"}'}",Unknown,Unknown,70-31     108 STREET,Unknown,Unknown,Unknown,Unknown,0.0,0.0,0.0,0.0,0.0,0.0,0.0,0.0,0.0,0.0,0.0,0.0,0.0,0.0,0.0,0.0,0.0,0.0,0.0,0.0,0.0,0.0,0.0,0.0,0.0,0.0,0.0,0.0,0.0,0.0,0.0,0.0,0.0,0.0,0.0,0.0,0.0,0.0,0.0,0.0,0.0,0.0,0.0,0.0,0,18,Saturday,9,1,1
2021-09-11,1900-01-01 15:28:00,Unknown,Unknown,0,0,0,0,0,0,0,0,Unspecified,Unknown,4456549,Station Wagon/Sport Utility Vehicle,Unknown,MANHATTAN,10035.0,40.797924,-73.9296,"{'latitude': '40.797924', 'longitude': '-73.9296', 'human_address': '{""address"": """", ""city"": """", ""state"": """", ""zip"": """"}'}",Unknown,Unknown,90        PALADINO AVENUE,Unknown,Unknown,Unknown,Unknown,0.0,0.0,0.0,0.0,0.0,0.0,0.0,0.0,0.0,0.0,0.0,0.0,0.0,0.0,0.0,0.0,0.0,0.0,0.0,0.0,0.0,0.0,0.0,0.0,0.0,0.0,0.0,0.0,0.0,0.0,0.0,0.0,0.0,0.0,0.0,0.0,0.0,0.0,0.0,0.0,0.0,0.0,0.0,0.0,0,15,Saturday,9,0,1
2021-09-05,1900-01-01 16:40:00,62 STREET,Unknown,0,0,0,0,0,0,0,0,Driver Inattention/Distraction,Driver Inattention/Distraction,4456897,Sedan,Station Wagon/Sport Utility Vehicle,Unknown,0.0,40.626373,-73.99754,"{'latitude': '40.626373', 'longitude': '-73.99754', 'human_address': '{""address"": """", ""city"": """", ""state"": """", ""zip"": """"}'}",Unspecified,Station Wagon/Sport Utility Vehicle,Unknown,Unknown,Unknown,Unknown,Unknown,0.0,0.0,0.0,0.0,0.0,0.0,0.0,0.0,0.0,0.0,0.0,0.0,0.0,0.0,0.0,0.0,0.0,0.0,0.0,0.0,0.0,0.0,0.0,0.0,0.0,0.0,0.0,0.0,0.0,0.0,0.0,0.0,0.0,0.0,0.0,0.0,0.0,0.0,0.0,0.0,0.0,0.0,0.0,0.0,0,16,Sunday,9,1,1
2021-09-11,1900-01-01 05:26:00,WEST GUN HILL ROAD,Unknown,1,0,0,0,0,0,1,0,Lost Consciousness,Unspecified,4456407,Sedan,Sedan,Unknown,0.0,40.883133,-73.882095,"{'latitude': '40.883133', 'longitude': '-73.882095', 'human_address': '{""address"": """", ""city"": """", ""state"": """", ""zip"": """"}'}",Unspecified,Station Wagon/Sport Utility Vehicle,Unknown,Unknown,Unknown,Unknown,Unknown,0.0,0.0,0.0,0.0,0.0,0.0,0.0,0.0,0.0,0.0,0.0,0.0,0.0,0.0,0.0,0.0,0.0,0.0,0.0,0.0,0.0,0.0,0.0,0.0,0.0,0.0,0.0,0.0,0.0,0.0,0.0,0.0,0.0,0.0,0.0,0.0,0.0,0.0,0.0,0.0,0.0,0.0,0.0,0.0,1,5,Saturday,9,0,1
2021-09-11,1900-01-01 12:30:00,Unknown,Unknown,0,0,0,0,0,0,0,0,Aggressive Driving/Road Rage,Unspecified,4456480,Sedan,Unknown,BRONX,10470.0,40.90222,-73.85589,"{'latitude': '40.90222', 'longitude': '-73.85589', 'human_address': '{""address"": """", ""city"": """", ""state"": """", ""zip"": """"}'}",Unknown,Unknown,4526      BRONX BOULEVARD,Unknown,Unknown,Unknown,Unknown,0.0,0.0,0.0,0.0,0.0,0.0,0.0,0.0,0.0,0.0,0.0,0.0,0.0,0.0,0.0,0.0,0.0,0.0,0.0,0.0,0.0,0.0,0.0,0.0,0.0,0.0,0.0,0.0,0.0,0.0,0.0,0.0,0.0,0.0,0.0,0.0,0.0,0.0,0.0,0.0,0.0,0.0,0.0,0.0,0,12,Saturday,9,0,1
2021-09-10,1900-01-01 12:10:00,UNION TURNPIKE,181 STREET,0,0,0,0,0,0,0,0,Backing Unsafely,Unspecified,4456829,Motorcycle,Sedan,QUEENS,11366.0,40.72717,-73.78739,"{'latitude': '40.72717', 'longitude': '-73.78739', 'human_address': '{""address"": """", ""city"": """", ""state"": """", ""zip"": """"}'}",Unknown,Unknown,Unknown,Unknown,Unknown,Unknown,Unknown,0.0,0.0,0.0,0.0,0.0,0.0,0.0,0.0,0.0,0.0,0.0,0.0,0.0,0.0,0.0,0.0,0.0,0.0,0.0,0.0,0.0,0.0,0.0,0.0,0.0,0.0,0.0,0.0,0.0,0.0,0.0,0.0,0.0,0.0,0.0,0.0,0.0,0.0,0.0,0.0,0.0,0.0,0.0,0.0,0,12,Friday,9,0,0
2021-06-26,1900-01-01 10:30:00,Unknown,Unknown,0,0,0,0,0,0,0,0,Unspecified,Unspecified,4456660,Station Wagon/Sport Utility Vehicle,Sedan,QUEENS,11691.0,40.600792,-73.76711,"{'latitude': '40.600792', 'longitude': '-73.76711', 'human_address': '{""address"": """", ""city"": """", ""state"": """", ""zip"": """"}'}",Unknown,Unknown,31-29     DWIGHT AVENUE,Unknown,Unknown,Unknown,Unknown,0.0,0.0,0.0,0.0,0.0,0.0,0.0,0.0,0.0,0.0,0.0,0.0,0.0,0.0,0.0,0.0,0.0,0.0,0.0,0.0,0.0,0.0,0.0,0.0,0.0,0.0,0.0,0.0,0.0,0.0,0.0,0.0,0.0,0.0,0.0,0.0,0.0,0.0,0.0,0.0,0.0,0.0,0.0,0.0,0,10,Saturday,6,0,1