crash_date,crash_time,on_street_name,off_street_name,number_of_persons_injured,number_of_persons_killed,number_of_pedestrians_injured,number_of_pedestrians_killed,number_of_cyclist_injured,number_of_cyclist_killed,number_of_motorist_injured,number_of_motorist_killed,contributing_factor_vehicle_1,contributing_factor_vehicle_2,collision_id,vehicle_type_code1,vehicle_type_code2,borough,zip_code,latitude,longitude,location,contributing_factor_vehicle_3,vehicle_type_code_3,cross_street_name,contributing_factor_vehicle_4,vehicle_type_code_4,contributing_factor_vehicle_5,vehicle_type_code_5,unique_id,crash_date_veh,crash_time_veh,vehicle_id,state_registration,vehicle_type,contributing_factor_1,vehicle_make,vehicle_year,travel_direction,vehicle_occupants,driver_sex,driver_license_status,driver_license_jurisdiction,pre_crash,point_of_impact,vehicle_damage,public_property_damage,contributing_factor_2,vehicle_damage_1,vehicle_damage_2,vehicle_damage_3,vehicle_model,public_property_damage_type,unique_id_pers,crash_date_pers,crash_time_pers,person_id,person_type,person_injury,vehicle_id_pers,ped_role,person_sex,person_age,ejection,emotional_status,bodily_injury,position_in_vehicle,safety_equipment,complaint,ped_location,ped_action,contributing_factor_1_pers,contributing_factor_2_pers,injury_occurred,crash_hour,day_of_week,month,rush_hour,is_weekend
2021-07-01,1900-01-01 21:00:00,JEROME AVENUE,Unknown,0,0,0,0,0,0,0,0,Unsafe Lane Changing,Unspecified,4456715,Sedan,Sedan,Unknown,0.0,40.84434,-73.91475,"{'latitude': '40.84434', 'longitude': '-73.91475', 'human_address': '{""address"": """", ""city"": """", ""state"": """", ""zip"": """"}'}",Unknown,Unknown,Unknown,Unknown,Unknown,Unknown,Unknown,0.0,0.0,0.0,0.0,0.0,0.0,0.0,0.0,0.0,0.0,0.0,0.0,0.0,0.0,0.0,0.0,0.0,0.0,0.0,0.0,0.0,0.0,0.0,0.0,0.0,0.0,0.0,0.0,0.0,0.0,0.0,0.0,0.0,0.0,0.0,0.0,0.0,0.0,0.0,0.0,0.0,0.0,0.0,0.0,0,21,Thursday,7,0,0
2021-04-16,1900-01-01 17:55:00,BROADWAY,CONWAY STREET,0,0,0,0,0,0,0,0,Unspecified,Unknown,4408080,Sedan,Unknown,BROOKLYN,11233.0,40.67922,-73.90405,"{'latitude': '40.67922', 'longitude': '-73.90405', 'human_address': '{""address"": """", ""city"": """", ""state"": """", ""zip"": """"}'}",Unknown,Unknown,Unknown,Unknown,Unknown,Unknown,Unknown,0.0,0.0,0.0,0.0,0.0,0.0,0.0,0.0,0.0,0.0,0.0,0.0,0.0,0.0,0.0,0.0,0.0,0.0,0.0,0.0,0.0,0.0,0.0,0.0,0.0,0.0,0.0,0.0,0.0,0.0,0.0,0.0,0.0,0.0,0.0,0.0,0.0,0.0,0.0,0.0,0.0,0.0,0.0,0.0,0,17,Friday,4,1,0
2021-09-11,1900-01-01 13:10:00,Unknown,Unknown,0,0,0,0,0,0,0,0,Driver Inattention/Distraction,Unspecified,4456543,Taxi,Station Wagon/Sport Utility Vehicle,MANHATTAN,10035.0,40.802982,-73.93815,"{'latitude': '40.802982', 'longitude': '-73.93815', 'human_address': '{""address"": """", ""city"": """", ""state"": """", ""zip"": """"}'}",Unknown,Unknown,129       EAST 123 STREET,Unknown,Unknown,Unknown,Unknown,0.0,0.0,0.0,0.0,0.0,0.0,0.0,0.0,0.0,0.0,0.0,0.0,0.0,0.0,0.0,0.0,0.0,0.0,0.0,0.0,0.0,0.0,0.0,0.0,0.0,0.0,0.0,0.0,0.0,0.0,0.0,0.0,0.0,0.0,0.0,0.0,0.0,0.0,0.0,0.0,0.0,0.0,0.0,0.0,0,13,Saturday,9,0,1
2021-07-04,1900-01-01 00:58:00,Unknown,Unknown,1,0,1,0,0,0,0,0,Driver Inattention/Distraction,Unknown,4456592,Sedan,Unknown,BROOKLYN,11222.0,40.731544,-73.955315,"{'latitude': '40.731544', 'longitude': '-73.955315', 'human_address': '{""address"": """", ""city"": """", ""state"": """", ""zip"": """"}'}",Unknown,Unknown,145       JAVA STREET,Unknown,Unknown,Unknown,Unknown,0.0,0.0,0.0,0.0,0.0,0.0,0.0,0.0,0.0,0.0,0.0,0.0,0.0,0.0,0.0,0.0,0.0,0.0,0.0,0.0,0.0,0.0,0.0,0.0,0.0,0.0,0.0,0.0,0.0,0.0,0.0,0.0,0.0,0.0,0.0,0.0,0.0,0.0,0.0,0.0,0.0,0.0,0.0,0.0,1,0,Sunday,7,0,1
2021-09-11,1900-01-01 02:38:00,Unknown,Unknown,1,0,1,0,0,0,0,0,Unsafe Speed,Unknown,4456140,Station Wagon/Sport Utility Vehicle,Unknown,QUEENS,11420.0,40.683323,-73.80648,"{'latitude': '40.683323', 'longitude': '-73.80648', 'human_address': '{""address"": """", ""city"": """", ""state"": """", ""zip"": """"}'}",Unknown,Unknown,111-48    VANWYCK EXPRESSWAY,Unknown,Unknown,Unknown,Unknown,0.0,0.0,0.0,0.0,0.0,0.0,0.0,0.0,0.0,0.0,0.0,0.0,0.0,0.0,0.0,0.0,0.0,0.0,0.0,0.0,0.0,0.0,0.0,0.0,0.0,0.0,0.0,0.0,0.0,0.0,0.0,0.0,0.0,0.0,0.0,0.0,0.0,0.0,0.0,0.0,0.0,0.0,0.0,0.0,1,2,Saturday,9,0,1
2021-07-04,1900-01-01 21:00:00,FRANKLIN STREET,INDIA STREET,1,0,0,0,1,0,0,0,Alcohol Involvement,Unspecified,4456577,Sedan,E-Bike,BROOKLYN,11222.0,40.732006,-73.95795,"{'latitude': '40.732006', 'longitude': '-73.95795', 'human_address': '{""address"": """", ""city"": """", ""state"": """", ""zip"": """"}'}",Unknown,Unknown,Unknown,Unknown,Unknown,Unknown,Unknown,0.0,0.0,0.0,0.0,0.0,0.0,0.0,0.0,0.0,0.0,0.0,0.0,0.0,0.0,0.0,0.0,0.0,0.0,0.0,0.0,0.0,0.0,0.0,0.0,0.0,0.0,0.0,0.0,0.0,0.0,0.0,0.0,0.0,0.0,0.0,0.0,0.0,0.0,0.0,0.0,0.0,0.0,0.0,0.0,1,21,Sunday,7,0,1
2021-09-11,1900-01-01 18:00:00,LINDEN BOULEVARD,EAST 91 STREET,1,0,0,0,0,0,1,0,Failure to Yield Right-of-Way,Unspecified,4456200,Sedan,Sedan,BROOKLYN,11212.0,40.6544,-73.92044,"{'latitude': '40.6544', 'longitude': '-73.92044', 'human_address': '{""address"": """", ""city"": """", ""state"": """", ""zip"": """"}'}",Unknown,Unknown,Unknown,Unknown,Unknown,Unknown,Unknown,0.0,0.0,0.0,0.0,0.0,0.0,0.0,0.0,0.0,0.0,0.0,0.0,0.0,0.0,0.0,0.0,0.0,0.0,0.0,0.0,0.0,0.0,0.0,0.0,0.0,0.0,0.0,0.0,0.0,0.0,0.0,0.0,0.0,0.0,0.0,0.0,0.0,0.0,0.0,0.0,0.0,0.0,0.0,0.0,1,18,Saturday,9,1,1
2021-07-02,1900-01-01 16:45:00,Unknown,Unknown,0,0,0,0,0,0,0,0,Unsafe Speed,Unspecified,4456687,Sedan,Sedan,QUEENS,11692.0,40.589592,-73.786385,"{'latitude': '40.589592', 'longitude': '-73.786385', 'human_address': '{""address"": """", ""city"": """", ""state"": """", ""zip"": """"}'}",Unknown,Unknown,57-07     SHORE FRONT PARKWAY,Unknown,Unknown,Unknown,Unknown,0.0,0.0,0.0,0.0,0.0,0.0,0.0,0.0,0.0,0.0,0.0,0.0,0.0,0.0,0.0,0.0,0.0,0.0,0.0,0.0,0.0,0.0,0.0,0.0,0.0,0.0,0.0,0.0,0.0,0.0,0.0,0.0,0.0,0.0,0.0,0.0,0.0,0.0,0.0,0.0,0.0,0.0,0.0,0.0,0,16,Friday,7,1,0
2021-09-11,1900-01-01 15:10:00,EAST 22 STREET,Unknown,0,0,0,0,0,0,0,0,Traffic Control Disregarded,Other Vehicular,4456076,Bike,Sedan,Unknown,0.0,40.736164,-73.97891,"{'latitude': '40.736164', 'longitude': '-73.97891', 'human_address': '{""address"": """", ""city"": """", ""state"": """", ""zip"": """"}'}",Unknown,Unknown,Unknown,Unknown,Unknown,Unknown,Unknown,0.0,0.0,0.0,0.0,0.0,0.0,0.0,0.0,0.0,0.0,0.0,0.0,0.0,0.0,0.0,0.0,0.0,0.0,0.0,0.0,0.0,0.0,0.0,0.0,0.0,0.0,0.0,0.0,0.0,0.0,0.0,0.0,0.0,0.0,0.0,0.0,0.0,0.0,0.0,0.0,0.0,0.0,0.0,0.0,0,15,Saturday,9,0,1
2021-07-03,1900-01-01 10:18:00,DEERFIELD ROAD,BEACH 29 STREET,1,0,0,0,0,0,1,0,Failure to Yield Right-of-Way,Unspecified,4456692,Station Wagon/Sport Utility Vehicle,Sedan,QUEENS,11691.0,40.59723,-73.76237,"{'latitude': '40.59723', 'longitude': '-73.76237', 'human_address': '{""address"": """", ""city"": """", ""state"": """", ""zip"": """"}'}",Unknown,Unknown,Unknown,Unknown,Unknown,Unknown,Unknown,0.0,0.0,0.0,0.0,0.0,0.0,0.0,0.0,0.0,0.0,0.0,0.0,0.0,0.0,0.0,0.0,0.0,0.0,0.0,0.0,0.0,0.0,0.0,0.0,0.0,0.0,0.0,0.0,0.0,0.0,0.0,0.0,0.0,0.0,0.0,0.0,0.0,0.0,0.0,0.0,0.0,0.0,0.0,0.0,1,10,Saturday,7,0,1
2021-09-11,1900-01-01 14:40:00,HAMILTON AVENUE,COURT STREET,2,0,0,0,0,0,2,0,Driver Inattention/Distraction,Driver Inattention/Distraction,4456921,Sedan,Sedan,BROOKLYN,11231.0,40.67393,-73.999954,"{'latitude': '40.67393', 'longitude': '-73.999954', 'human_address': '{""address"": """", ""city"": """", ""state"": """", ""zip"": """"}'}",Unknown,Unknown,Unknown,Unknown,Unknown,Unknown,Unknown,0.0,0.0,0.0,0.0,0.0,0.0,0.0,0.0,0.0,0.0,0.0,0.0,0.0,0.0,0.0,0.0,0.0,0.0,0.0,0.0,0.0,0.0,0.0,0.0,0.0,0.0,0.0,0.0,0.0,0.0,0.0,0.0,0.0,0.0,0.0,0.0,0.0,0.0,0.0,0.0,0.0,0.0,0.0,0.0,1,14,Saturday,9,0,1
2021-09-11,1900-01-01 02:00:00,CROSS BRONX EXPY,Unknown,0,0,0,0,0,0,0,0,Unsafe Speed,Unspecified,4456350,Station Wagon/Sport Utility Vehicle,4 dr sedan,Unknown,0.0,40.840153,-73.88572,"{'latitude': '40.840153', 'longitude': '-73.88572', 'human_address': '{""address"": """", ""city"": """", ""state"": """", ""zip"": """"}'}",Unknown,Unknown,Unknown,Unknown,Unknown,Unknown,Unknown,0.0,0.0,0.0,0.0,0.0,0.0,0.0,0.0,0.0,0.0,0.0,0.0,0.0,0.0,0.0,0.0,0.0,0.0,0.0,0.0,0.0,0.0,0.0,0.0,0.0,0.0,0.0,0.0,0.0,0.0,0.0,0.0,0.0,0.0,0.0,0.0,0.0,0.0,0.0,0.0,0.0,0.0,0.0,0.0,0,2,Saturday,9,0,1
2021-09-11,1900-01-01 23:00:00,HASTINGS STREET,Unknown,0,0,0,0,0,0,0,0,Unspecified,Unknown,4456751,Sedan,Unknown,Unknown,0.0,40.599503,-74.067116,"{'latitude': '40.599503', 'longitude': '-74.067116', 'human_address': '{""address"": """", ""city"": """", ""state"": """", ""zip"": """"}'}",Unknown,Unknown,Unknown,Unknown,Unknown,Unknown,Unknown,0.0,0.0,0.0,0.0,0.0,0.0,0.0,0.0,0.0,0.0,0.0,0.0,0.0,0.0,0.0,0.0,0.0,0.0,0.0,0.0,0.0,0.0,0.0,0.0,0.0,0.0,0.0,0.0,0.0,0.0,0.0,0.0,0.0,0.0,0.0,0.0,0.0,0.0,0.0,0.0,0.0,0.0,0.0,0.0,0,23,Saturday,9,0,1
2021-07-04,1900-01-01 08:00:00,Unknown,Unknown,0,0,0,0,0,0,0,0,Unspecified,Unknown,4456619,Sedan,Unknown,BRONX,10473.0,40.822456,-73.868065,"{'latitude': '40.822456', 'longitude': '-73.868065', 'human_address': '{""address"": """", ""city"": """", ""state"": """", ""zip"": """"}'}",Unknown,Unknown,851       NOBLE AVENUE,Unknown,Unknown,Unknown,Unknown,0.0,0.0,0.0,0.0,0.0,0.0,0.0,0.0,0.0,0.0,0.0,0.0,0.0,0.0,0.0,0.0,0.0,0.0,0.0,0.0,0.0,0.0,0.0,0.0,0.0,0.0,0.0,0.0,0.0,0.0,0.0,0.0,0.0,0.0,0.0,0.0,0.0,0.0,0.0,0.0,0.0,0.0,0.0,0.0,0,8,Sunday,7,1,1
2021-09-11,1900-01-01 15:30:00,Unknown,Unknown,0,0,0,0,0,0,0,0,Driver Inattention/Distraction,Unspecified,4456001,Station Wagon/Sport Utility Vehicle,Unknown,BROOKLYN,11223.0,40.59841,-73.97592,"{'latitude': '40.59841', 'longitude': '-73.97592', 'human_address': '{""address"": """", ""city"": """", ""state"": """", ""zip"": """"}'}",Unknown,Unknown,2014      WEST 4 STREET,Unknown,Unknown,Unknown,Unknown,0.0,0.0,0.0,0.0,0.0,0.0,0.0,0.0,0.0,0.0,0.0,0.0,0.0,0.0,0.0,0.0,0.0,0.0,0.0,0.0,0.0,0.0,0.0,0.0,0.0,0.0,0.0,0.0,0.0,0.0,0.0,0.0,0.0,0.0,0.0,0.0,0.0,0.0,0.0,0.0,0.0,0.0,0.0,0.0,0,15,Saturday,9,0,1
2021-09-11,1900-01-01 14:30:00,Unknown,Unknown,0,0,0,0,0,0,0,0,Passing Too Closely,Unspecified,4456560,Station Wagon/Sport Utility Vehicle,Station Wagon/Sport Utility Vehicle,QUEENS,11421.0,40.697083,-73.85476,"{'latitude': '40.697083', 'longitude': '-73.85476', 'human_address': '{""address"": """", ""city"": """", ""state"": """", ""zip"": """"}'}",Unknown,Unknown,84-22     91 STREET,Unknown,Unknown,Unknown,Unknown,0.0,0.0,0.0,0.0,0.0,0.0,0.0,0.0,0.0,0.0,0.0,0.0,0.0,0.0,0.0,0.0,0.0,0.0,0.0,0.0,0.0,0.0,0.0,0.0,0.0,0.0,0.0,0.0,0.0,0.0,0.0,0.0,0.0,0.0,0.0,0.0,0.0,0.0,0.0,0.0,0.0,0.0,0.0,0.0,0,14,Saturday,9,0,1
2021-07-08,1900-01-01 06:00:00,Unknown,Unknown,0,0,0,0,0,0,0,0,Turning Improperly,Unspecified,4456632,Sedan,Sedan,BRONX,10470.0,40.896385,-73.87246,"{'latitude': '40.896385', 'longitude': '-73.87246', 'human_address': '{""address"": """", ""city"": """", ""state"": """", ""zip"": """"}'}",Unspecified,Unknown,4203      ONEIDA AVENUE,Unknown,Unknown,Unknown,Unknown,0.0,0.0,0.0,0.0,0.0,0.0,0.0,0.0,0.0,0.0,0.0,0.0,0.0,0.0,0.0,0.0,0.0,0.0,0.0,0.0,0.0,0.0,0.0,0.0,0.0,0.0,0.0,0.0,0.0,0.0,0.0,0.0,0.0,0.0,0.0,0.0,0.0,0.0,0.0,0.0,0.0,0.0,0.0,0.0,0,6,Thursday,7,0,0
2021-08-11,1900-01-01 00:01:00,105 AVENUE,Unknown,0,0,0,0,0,0,0,0,Unsafe Speed,Unknown,4456853,Sedan,Unknown,Unknown,0.0,40.695637,-73.80372,"{'latitude': '40.695637', 'longitude': '-73.80372', 'human_address': '{""address"": """", ""city"": """", ""state"": """", ""zip"": """"}'}",Unknown,Unknown,Unknown,Unknown,Unknown,Unknown,Unknown,0.0,0.0,0.0,0.0,0.0,0.0,0.0,0.0,0.0,0.0,0.0,0.0,0.0,0.0,0.0,0.0,0.0,0.0,0.0,0.0,0.0,0.0,0.0,0.0,0.0,0.0,0.0,0.0,0.0,0.0,0.0,0.0,0.0,0.0,0.0,0.0,0.0,0.0,0.0,0.0,0.0,0.0,0.0,0.0,0,0,Wednesday,8,0,0
2021-09-11,1900-01-01 09:30:00,BROOKLYN QUEENS EXPRESSWAY,Unknown,0,0,0,0,0,0,0,0,Passing Too Closely,Unspecified,4456250,Station Wagon/Sport Utility Vehicle,Sedan,Unknown,0.0,40.69982,-73.996254,"{'latitude': '40.69982', 'longitude': '-73.996254', 'human_address': '{""address"": """", ""city"": """", ""state"": """", ""zip"": """"}'}",Unknown,Unknown,Unknown,Unknown,Unknown,Unknown,Unknown,0.0,0.0,0.0,0.0,0.0,0.0,0.0,0.0,0.0,0.0,0.0,0.0,0.0,0.0,0.0,0.0,0.0,0.0,0.0,0.0,0.0,0.0,0.0,0.0,0.0,0.0,0.0,0.0,0.0,0.0,0.0,0.0,0.0,0.0,0.0,0.0,0.0,0.0,0.0,0.0,0.0,0.0,0.0,0.0,0,9,Saturday,9,1,1
2021-09-11,1900-01-01 16:40:00,JEFFERSON STREET,Unknown,0,0,0,0,0,0,0,0,Passing or Lane Usage Improper,Unspecified,4456750,Station Wagon/Sport Utility Vehicle,Station Wagon/Sport Utility Vehicle,Unknown,0.0,40.590313,-74.09794,"{'latitude': '40.590313', 'longitude': '-74.09794', 'human_address': '{""address"": """", ""city"": """", ""state"": """", ""zip"": """"}'}",Unknown,Unknown,Unknown,Unknown,Unknown,Unknown,Unknown,0.0,0.0,0.0,0.0,0.0,0.0,0.0,0.0,0.0,0.0,0.0,0.0,0.0,0.0,0.0,0.0,0.0,0.0,0.0,0.0,0.0,0.0,0.0,0.0,0.0,0.0,0.0,0.0,0.0,0.0,0.0,0.0,0.0,0.0,0.0,0.0,0.0,0.0,0.0,0.0,0.0,0.0,0.0,0.0,0,16,Saturday,9,1,1
2021-09-11,1900-01-01 18:05:00,WHITESTONE EXPRESSWAY,Unknown,0,0,0,0,0,0,0,0,Failure to Yield Right-of-Way,Unspecified,4456089,Sedan,Station Wagon/Sport Utility Vehicle,Unknown,0.0,40.787544,-73.82394,"{'latitude': '40.787544', 'longitude': '-73.82394', 'human_address': '{""address"": """", ""city"": """", ""state"": """", ""zip"": """"}'}",Unknown,Unknown,Unknown,Unknown,Unknown,Unknown,Unknown,0.0,0.0,0.0,0.0,0.0,0.0,0.0,0.0,0.0,0.0,0.0,0.0,0.0,0.0,0.0,0.0,0.0,0.0,0.0,0.0,0.0,0.0,0.0,0.0,0.0,0.0,0.0,0.0,0.0,0.0,0.0,0.0,0.0,0.0,0.0,0.0,0.0,0.0,0.0,0.0,0.0,0.0,0.0,0.0,0,18,Saturday,9,1,1
2021-09-11,1900-01-01 02:00:00,SHEPHERD AVENUE,GLENMORE AVENUE,0,0,0,0,0,0,0,0,Driver Inattention/Distraction,Unspecified,4456279,Station Wagon/Sport Utility Vehicle,Station Wagon/Sport Utility Vehicle,BROOKLYN,11208.0,40.67539,-73.88113,"{'latitude': '40.67539', 'longitude': '-73.88113', 'human_address': '{""address"": """", ""city"": """", ""state"": """", ""zip"": """"}'}",Unspecified,Sedan,Unknown,Unspecified,Sedan,Unspecified,Station Wagon/Sport Utility Vehicle,0.0,0.0,0.0,0.0,0.0,0.0,0.0,0.0,0.0,0.0,0.0,0.0,0.0,0.0,0.0,0.0,0.0,0.0,0.0,0.0,0.0,0.0,0.0,0.0,0.0,0.0,0.0,0.0,0.0,0.0,0.0,0.0,0.0,0.0,0.0,0.0,0.0,0.0,0.0,0.0,0.0,0.0,0.0,0.0,0,2,Saturday,9,0,1
2021-09-07,1900-01-01 08:03:00,Unknown,Unknown,1,0,0,0,1,0,0,0,Driver Inattention/Distraction,Unspecified,4456768,E-Bike,Sedan,STATEN ISLAND,10301.0,40.634007,-74.07516,"{'latitude': '40.634007', 'longitude': '-74.07516', 'human_address': '{""address"": """", ""city"": """", ""state"": """", ""zip"": """"}'}",Unknown,Unknown,331       BAY STREET,Unknown,Unknown,Unknown,Unknown,0.0,0.0,0.0,0.0,0.0,0.0,0.0,0.0,0.0,0.0,0.0,0.0,0.0,0.0,0.0,0.0,0.0,0.0,0.0,0.0,0.0,0.0,0.0,0.0,0.0,0.0,0.0,0.0,0.0,0.0,0.0,0.0,0.0,0.0,0.0,0.0,0.0,0.0,0.0,0.0,0.0,0.0,0.0,0.0,1,8,Tuesday,9,1,0
2021-09-11,1900-01-01 13:53:00,Unknown,Unknown,0,0,0,0,0,0,0,0,Backing Unsafely,Unspecified,4456183,Sedan,Sedan,QUEENS,11373.0,40.73844,-73.88628,"{'latitude': '40.73844', 'longitude': '-73.88628', 'human_address': '{""address"": """", ""city"": """", ""state"": """", ""zip"": """"}'}",Unknown,Unknown,77-00     QUEENS BOULEVARD,Unknown,Unknown,Unknown,Unknown,0.0,0.0,0.0,0.0,0.0,0.0,0.0,0.0,0.0,0.0,0.0,0.0,0.0,0.0,0.0,0.0,0.0,0.0,0.0,0.0,0.0,0.0,0.0,0.0,0.0,0.0,0.0,0.0,0.0,0.0,0.0,0.0,0.0,0.0,0.0,0.0,0.0,0.0,0.0,0.0,0.0,0.0,0.0,0.0,0,13,Saturday,9,0,1
2021-07-08,1900-01-01 11:50:00,BRADLEY AVENUE,NORTH GANNON AVENUE,2,0,0,0,0,0,2,0,Driver Inattention/Distraction,Unspecified,4456582,Station Wagon/Sport Utility Vehicle,Station Wagon/Sport Utility Vehicle,Unknown,0.0,40.60855,-74.13216,"{'latitude': '40.60855', 'longitude': '-74.13216', 'human_address': '{""address"": """", ""city"": """", ""state"": """", ""zip"": """"}'}",Unknown,Unknown,Unknown,Unknown,Unknown,Unknown,Unknown,0.0,0.0,0.0,0.0,0.0,0.0,0.0,0.0,0.0,0.0,0.0,0.0,0.0,0.0,0.0,0.0,0.0,0.0,0.0,0.0,0.0,0.0,0.0,0.0,0.0,0.0,0.0,0.0,0.0,0.0,0.0,0.0,0.0,0.0,0.0,0.0,0.0,0.0,0.0,0.0,0.0,0.0,0.0,0.0,1,11,Thursday,7,0,0
2021-09-11,1900-01-01 14:00:00,Unknown,Unknown,0,0,0,0,0,0,0,0,Driver Inattention/Distraction,Unspecified,4456789,Station Wagon/Sport Utility Vehicle,Station Wagon/Sport Utility Vehicle,Unknown,0.0,40.58573,-74.16865,"{'latitude': '40.58573', 'longitude': '-74.16865', 'human_address': '{""address"": """", ""city"": """", ""state"": """", ""zip"": """"}'}",Unknown,Unknown,2505      RICHMOND AVENUE,Unknown,Unknown,Unknown,Unknown,0.0,0.0,0.0,0.0,0.0,0.0,0.0,0.0,0.0,0.0,0.0,0.0,0.0,0.0,0.0,0.0,0.0,0.0,0.0,0.0,0.0,0.0,0.0,0.0,0.0,0.0,0.0,0.0,0.0,0.0,0.0,0.0,0.0,0.0,0.0,0.0,0.0,0.0,0.0,0.0,0.0,0.0,0.0,0.0,0,14,Saturday,9,0,1
2021-09-11,1900-01-01 07:09:00,BEDFORD AVENUE,AVENUE U,1,0,0,0,0,0,1,0,Unspecified,Unspecified,4455757,Sedan,Station Wagon/Sport Utility Vehicle,BROOKLYN,11229.0,40.599907,-73.94664,"{'latitude': '40.599907', 'longitude': '-73.94664', 'human_address': '{""address"": """", ""city"": """", ""state"": """", ""zip"": """"}'}",Unknown,Unknown,Unknown,Unknown,Unknown,Unknown,Unknown,0.0,0.0,0.0,0.0,0.0,0.0,0.0,0.0,0.0,0.0,0.0,0.0,0.0,0.0,0.0,0.0,0.0,0.0,0.0,0.0,0.0,0.0,0.0,0.0,0.0,0.0,0.0,0.0,0.0,0.0,0.0,0.0,0.0,0.0,0.0,0.0,0.0,0.0,0.0,0.0,0.0,0.0,0.0,0.0,1,7,Saturday,9,1,1
2021-07-08,1900-01-01 15:40:00,Unknown,Unknown,0,0,0,0,0,0,0,0,Driver Inexperience,Unspecified,4456604,Station Wagon/Sport Utility Vehicle,Station Wagon/Sport Utility Vehicle,MANHATTAN,10035.0,40.806713,-73.93782,"{'latitude': '40.806713', 'longitude': '-73.93782', 'human_address': '{""address"": """", ""city"": """", ""state"": """", ""zip"": """"}'}",Unknown,Unknown,1871      PARK AVENUE,Unknown,Unknown,Unknown,Unknown,0.0,0.0,0.0,0.0,0.0,0.0,0.0,0.0,0.0,0.0,0.0,0.0,0.0,0.0,0.0,0.0,0.0,0.0,0.0,0.0,0.0,0.0,0.0,0.0,0.0,0.0,0.0,0.0,0.0,0.0,0.0,0.0,0.0,0.0,0.0,0.0,0.0,0.0,0.0,0.0,0.0,0.0,0.0,0.0,0,15,Thursday,7,0,0
2021-09-07,1900-01-01 03:00:00,ROOSEVELT AVENUE,89 STREET,1,0,0,0,0,0,1,0,Driver Inattention/Distraction,Unspecified,4457032,Sedan,Unknown,QUEENS,11372.0,40.748318,-73.87742,"{'latitude': '40.748318', 'longitude': '-73.87742', 'human_address': '{""address"": """", ""city"": """", ""state"": """", ""zip"": """"}'}",Unknown,Unknown,Unknown,Unknown,Unknown,Unknown,Unknown,0.0,0.0,0.0,0.0,0.0,0.0,0.0,0.0,0.0,0.0,0.0,0.0,0.0,0.0,0.0,0.0,0.0,0.0,0.0,0.0,0.0,0.0,0.0,0.0,0.0,0.0,0.0,0.0,0.0,0.0,0.0,0.0,0.0,0.0,0.0,0.0,0.0,0.0,0.0,0.0,0.0,0.0,0.0,0.0,1,3,Tuesday,9,0,0
2021-07-05,1900-01-01 06:00:00,BAISLEY BOULEVARD,119 ROAD,0,0,0,0,0,0,0,0,Other Vehicular,Unspecified,4456651,Sedan,Sedan,QUEENS,11434.0,40.68651,-73.76815,"{'latitude': '40.68651', 'longitude': '-73.76815', 'human_address': '{""address"": """", ""city"": """", ""state"": """", ""zip"": """"}'}",Unknown,Unknown,Unknown,Unknown,Unknown,Unknown,Unknown,0.0,0.0,0.0,0.0,0.0,0.0,0.0,0.0,0.0,0.0,0.0,0.0,0.0,0.0,0.0,0.0,0.0,0.0,0.0,0.0,0.0,0.0,0.0,0.0,0.0,0.0,0.0,0.0,0.0,0.0,0.0,0.0,0.0,0.0,0.0,0.0,0.0,0.0,0.0,0.0,0.0,0.0,0.0,0.0,0,6,Monday,7,0,0
2021-09-11,1900-01-01 10:48:00,BRONX RIVER PARKWAY RAMP,Unknown,1,0,0,0,0,0,1,0,Unspecified,Unspecified,4456045,Station Wagon/Sport Utility Vehicle,Station Wagon/Sport Utility Vehicle,Unknown,0.0,0.0,0.0,Unknown,Unknown,Unknown,Unknown,Unknown,Unknown,Unknown,Unknown,0.0,0.0,0.0,0.0,0.0,0.0,0.0,0.0,0.0,0.0,0.0,0.0,0.0,0.0,0.0,0.0,0.0,0.0,0.0,0.0,0.0,0.0,0.0,0.0,0.0,0.0,0.0,0.0,0.0,0.0,0.0,0.0,0.0,0.0,0.0,0.0,0.0,0.0,0.0,0.0,0.0,0.0,0.0,0.0,1,10,Saturday,9,0,1