crash_date,crash_time,on_street_name,off_street_name,number_of_persons_injured,number_of_persons_killed,number_of_pedestrians_injured,number_of_pedestrians_killed,number_of_cyclist_injured,number_of_cyclist_killed,number_of_motorist_injured,number_of_motorist_killed,contributing_factor_vehicle_1,contributing_factor_vehicle_2,collision_id,vehicle_type_code1,vehicle_type_code2,borough,zip_code,latitude,longitude,location,contributing_factor_vehicle_3,vehicle_type_code_3,cross_street_name,contributing_factor_vehicle_4,vehicle_type_code_4,contributing_factor_vehicle_5,vehicle_type_code_5,unique_id,crash_date_veh,crash_time_veh,vehicle_id,state_registration,vehicle_type,contributing_factor_1,vehicle_make,vehicle_year,travel_direction,vehicle_occupants,driver_sex,driver_license_status,driver_license_jurisdiction,pre_crash,point_of_impact,vehicle_damage,public_property_damage,contributing_factor_2,vehicle_damage_1,vehicle_damage_2,vehicle_damage_3,vehicle_model,public_property_damage_type,unique_id_pers,crash_date_pers,crash_time_pers,person_id,person_type,person_injury,vehicle_id_pers,ped_role,person_sex,person_age,ejection,emotional_status,bodily_injury,position_in_vehicle,safety_equipment,complaint,ped_location,ped_action,contributing_factor_1_pers,contributing_factor_2_pers,injury_occurred,crash_hour,day_of_week,month,rush_hour,is_weekend
2021-09-10,1900-01-01 19:15:00,STATEN ISLAND EXPRESSWAY,Unknown,0,0,0,0,0,0,0,0,Passing or Lane Usage Improper,Unspecified,4456537,Sedan,Unknown,Unknown,0.0,40.624203,-74.177124,"{'latitude': '40.624203', 'longitude': '-74.177124', 'human_address': '{""address"": """", ""city"": """", ""state"": """", ""zip"": """"}'}",Unknown,Unknown,Unknown,Unknown,Unknown,Unknown,Unknown,0.0,0.0,0.0,0.0,0.0,0.0,0.0,0.0,0.0,0.0,0.0,0.0,0.0,0.0,0.0,0.0,0.0,0.0,0.0,0.0,0.0,0.0,0.0,0.0,0.0,0.0,0.0,0.0,0.0,0.0,0.0,0.0,0.0,0.0,0.0,0.0,0.0,0.0,0.0,0.0,0.0,0.0,0.0,0.0,0,19,Friday,9,0,0
2021-07-06,1900-01-01 09:37:00,CLEARVIEW EXPRESSWAY,Unknown,2,0,0,0,0,0,2,0,Driver Inattention/Distraction,Unspecified,4456646,Box Truck,Box Truck,Unknown,0.0,40.744526,-73.77161,"{'latitude': '40.744526', 'longitude': '-73.77161', 'human_address': '{""address"": """", ""city"": """", ""state"": """", ""zip"": """"}'}",Unknown,Unknown,Unknown,Unknown,Unknown,Unknown,Unknown,0.0,0.0,0.0,0.0,0.0,0.0,0.0,0.0,0.0,0.0,0.0,0.0,0.0,0.0,0.0,0.0,0.0,0.0,0.0,0.0,0.0,0.0,0.0,0.0,0.0,0.0,0.0,0.0,0.0,0.0,0.0,0.0,0.0,0.0,0.0,0.0,0.0,0.0,0.0,0.0,0.0,0.0,0.0,0.0,1,9,Tuesday,7,1,0
2021-07-01,1900-01-01 15:30:00,RICHMOND AVENUE,YUKON AVENUE,0,0,0,0,0,0,0,0,Driver Inattention/Distraction,Unknown,4456631,Sedan,Unknown,Unknown,0.0,40.576965,-74.16974,"{'latitude': '40.576965', 'longitude': '-74.16974', 'human_address': '{""address"": """", ""city"": """", ""state"": """", ""zip"": """"}'}",Unknown,Unknown,Unknown,Unknown,Unknown,Unknown,Unknown,0.0,0.0,0.0,0.0,0.0,0.0,0.0,0.0,0.0,0.0,0.0,0.0,0.0,0.0,0.0,0.0,0.0,0.0,0.0,0.0,0.0,0.0,0.0,0.0,0.0,0.0,0.0,0.0,0.0,0.0,0.0,0.0,0.0,0.0,0.0,0.0,0.0,0.0,0.0,0.0,0.0,0.0,0.0,0.0,0,15,Thursday,7,0,0
2021-07-07,1900-01-01 18:04:00,ARNOW PLACE,WESTCHESTER AVENUE,1,0,0,0,0,0,1,0,Following Too Closely,Unspecified,4456572,Station Wagon/Sport Utility Vehicle,Station Wagon/Sport Utility Vehicle,BRONX,10461.0,40.8502,-73.8302,"{'latitude': '40.8502', 'longitude': '-73.8302', 'human_address': '{""address"": """", ""city"": """", ""state"": """", ""zip"": """"}'}",Unknown,Unknown,Unknown,Unknown,Unknown,Unknown,Unknown,0.0,0.0,0.0,0.0,0.0,0.0,0.0,0.0,0.0,0.0,0.0,0.0,0.0,0.0,0.0,0.0,0.0,0.0,0.0,0.0,0.0,0.0,0.0,0.0,0.0,0.0,0.0,0.0,0.0,0.0,0.0,0.0,0.0,0.0,0.0,0.0,0.0,0.0,0.0,0.0,0.0,0.0,0.0,0.0,1,18,Wednesday,7,1,0
2021-09-08,1900-01-01 17:40:00,Unknown,Unknown,0,0,0,0,0,0,0,0,Driver Inattention/Distraction,Unspecified,4456851,Box Truck,Sedan,MANHATTAN,10013.0,40.715477,-73.998085,"{'latitude': '40.715477', 'longitude': '-73.998085', 'human_address': '{""address"": """", ""city"": """", ""state"": """", ""zip"": """"}'}",Unspecified,Sedan,65        BAYARD STREET,Unknown,Unknown,Unknown,Unknown,0.0,0.0,0.0,0.0,0.0,0.0,0.0,0.0,0.0,0.0,0.0,0.0,0.0,0.0,0.0,0.0,0.0,0.0,0.0,0.0,0.0,0.0,0.0,0.0,0.0,0.0,0.0,0.0,0.0,0.0,0.0,0.0,0.0,0.0,0.0,0.0,0.0,0.0,0.0,0.0,0.0,0.0,0.0,0.0,0,17,Wednesday,9,1,0
2021-09-11,1900-01-01 07:33:00,BEDFORD AVENUE,AVENUE P,1,0,0,0,0,0,1,0,Unspecified,Unspecified,4455822,Station Wagon/Sport Utility Vehicle,Taxi,BROOKLYN,11229.0,40.611477,-73.94883,"{'latitude': '40.611477', 'longitude': '-73.94883', 'human_address': '{""address"": """", ""city"": """", ""state"": """", ""zip"": """"}'}",Unknown,Unknown,Unknown,Unknown,Unknown,Unknown,Unknown,0.0,0.0,0.0,0.0,0.0,0.0,0.0,0.0,0.0,0.0,0.0,0.0,0.0,0.0,0.0,0.0,0.0,0.0,0.0,0.0,0.0,0.0,0.0,0.0,0.0,0.0,0.0,0.0,0.0,0.0,0.0,0.0,0.0,0.0,0.0,0.0,0.0,0.0,0.0,0.0,0.0,0.0,0.0,0.0,1,7,Saturday,9,1,1
2021-07-08,1900-01-01 11:50:00,BUSHWICK AVENUE,EASTERN PARKWAY,1,0,0,0,0,0,1,0,Passing or Lane Usage Improper,Unspecified,4456587,Station Wagon/Sport Utility Vehicle,Sedan,Unknown,0.0,40.681515,-73.90412,"{'latitude': '40.681515', 'longitude': '-73.90412', 'human_address': '{""address"": """", ""city"": """", ""state"": """", ""zip"": """"}'}",Unknown,Unknown,Unknown,Unknown,Unknown,Unknown,Unknown,0.0,0.0,0.0,0.0,0.0,0.0,0.0,0.0,0.0,0.0,0.0,0.0,0.0,0.0,0.0,0.0,0.0,0.0,0.0,0.0,0.0,0.0,0.0,0.0,0.0,0.0,0.0,0.0,0.0,0.0,0.0,0.0,0.0,0.0,0.0,0.0,0.0,0.0,0.0,0.0,0.0,0.0,0.0,0.0,1,11,Thursday,7,0,0
2021-09-11,1900-01-01 08:00:00,BAY RIDGE PARKWAY,NEW UTRECHT AVENUE,0,0,0,0,0,0,0,0,Driver Inattention/Distraction,Unspecified,4455993,Ambulance,Bike,BROOKLYN,11204.0,40.61578,-73.99995,"{'latitude': '40.61578', 'longitude': '-73.99995', 'human_address': '{""address"": """", ""city"": """", ""state"": """", ""zip"": """"}'}",Unknown,Unknown,Unknown,Unknown,Unknown,Unknown,Unknown,0.0,0.0,0.0,0.0,0.0,0.0,0.0,0.0,0.0,0.0,0.0,0.0,0.0,0.0,0.0,0.0,0.0,0.0,0.0,0.0,0.0,0.0,0.0,0.0,0.0,0.0,0.0,0.0,0.0,0.0,0.0,0.0,0.0,0.0,0.0,0.0,0.0,0.0,0.0,0.0,0.0,0.0,0.0,0.0,0,8,Saturday,9,1,1
2021-09-08,1900-01-01 08:43:00,WEST 140 STREET,AMSTERDAM AVENUE,1,0,1,0,0,0,0,0,Driver Inattention/Distraction,Unknown,4456721,Sedan,Unknown,MANHATTAN,10031.0,40.82207,-73.94993,"{'latitude': '40.82207', 'longitude': '-73.94993', 'human_address': '{""address"": """", ""city"": """", ""state"": """", ""zip"": """"}'}",Unknown,Unknown,Unknown,Unknown,Unknown,Unknown,Unknown,0.0,0.0,0.0,0.0,0.0,0.0,0.0,0.0,0.0,0.0,0.0,0.0,0.0,0.0,0.0,0.0,0.0,0.0,0.0,0.0,0.0,0.0,0.0,0.0,0.0,0.0,0.0,0.0,0.0,0.0,0.0,0.0,0.0,0.0,0.0,0.0,0.0,0.0,0.0,0.0,0.0,0.0,0.0,0.0,1,8,Wednesday,9,1,0
2021-09-11,1900-01-01 23:00:00,Unknown,Unknown,0,0,0,0,0,0,0,0,Unspecified,Unknown,4456186,Sedan,Unknown,QUEENS,11368.0,40.74606,-73.85583,"{'latitude': '40.74606', 'longitude': '-73.85583', 'human_address': '{""address"": """", ""city"": """", ""state"": """", ""zip"": """"}'}",Unknown,Unknown,108-10    48 AVENUE,Unknown,Unknown,Unknown,Unknown,0.0,0.0,0.0,0.0,0.0,0.0,0.0,0.0,0.0,0.0,0.0,0.0,0.0,0.0,0.0,0.0,0.0,0.0,0.0,0.0,0.0,0.0,0.0,0.0,0.0,0.0,0.0,0.0,0.0,0.0,0.0,0.0,0.0,0.0,0.0,0.0,0.0,0.0,0.0,0.0,0.0,0.0,0.0,0.0,0,23,Saturday,9,0,1
2021-09-09,1900-01-01 12:00:00,GRAND CENTRAL PARKWAY,UTOPIA PARKWAY,1,0,0,0,0,0,1,0,Unspecified,Unknown,4456819,Motorcycle,Unknown,QUEENS,0.0,40.72013,-73.79038,"{'latitude': '40.72013', 'longitude': '-73.79038', 'human_address': '{""address"": """", ""city"": """", ""state"": """", ""zip"": """"}'}",Unknown,Unknown,Unknown,Unknown,Unknown,Unknown,Unknown,0.0,0.0,0.0,0.0,0.0,0.0,0.0,0.0,0.0,0.0,0.0,0.0,0.0,0.0,0.0,0.0,0.0,0.0,0.0,0.0,0.0,0.0,0.0,0.0,0.0,0.0,0.0,0.0,0.0,0.0,0.0,0.0,0.0,0.0,0.0,0.0,0.0,0.0,0.0,0.0,0.0,0.0,0.0,0.0,1,12,Thursday,9,0,0
2021-07-07,1900-01-01 17:13:00,LINDEN BOULEVARD,BEDELL STREET,1,0,0,0,0,0,0,0,Driver Inattention/Distraction,Unspecified,4456609,Station Wagon/Sport Utility Vehicle,E-Bike,QUEENS,11433.0,40.688435,-73.78765,"{'latitude': '40.688435', 'longitude': '-73.78765', 'human_address': '{""address"": """", ""city"": """", ""state"": """", ""zip"": """"}'}",Unknown,Unknown,Unknown,Unknown,Unknown,Unknown,Unknown,0.0,0.0,0.0,0.0,0.0,0.0,0.0,0.0,0.0,0.0,0.0,0.0,0.0,0.0,0.0,0.0,0.0,0.0,0.0,0.0,0.0,0.0,0.0,0.0,0.0,0.0,0.0,0.0,0.0,0.0,0.0,0.0,0.0,0.0,0.0,0.0,0.0,0.0,0.0,0.0,0.0,0.0,0.0,0.0,1,17,Wednesday,7,1,0
2021-09-11,1900-01-01 18:03:00,EAST 179 STREET,WASHINGTON AVENUE,2,0,0,0,0,0,2,0,Failure to Yield Right-of-Way,Unspecified,4456078,Station Wagon/Sport Utility Vehicle,Sedan,BRONX,10457.0,40.84964,-73.89661,"{'latitude': '40.84964', 'longitude': '-73.89661', 'human_address': '{""address"": """", ""city"": """", ""state"": """", ""zip"": """"}'}",Unknown,Unknown,Unknown,Unknown,Unknown,Unknown,Unknown,0.0,0.0,0.0,0.0,0.0,0.0,0.0,0.0,0.0,0.0,0.0,0.0,0.0,0.0,0.0,0.0,0.0,0.0,0.0,0.0,0.0,0.0,0.0,0.0,0.0,0.0,0.0,0.0,0.0,0.0,0.0,0.0,0.0,0.0,0.0,0.0,0.0,0.0,0.0,0.0,0.0,0.0,0.0,0.0,1,18,Saturday,9,1,1
2021-09-09,1900-01-01 17:00:00,Unknown,Unknown,0,0,0,0,0,0,0,0,Driver Inexperience,Unspecified,4456529,Sedan,Unknown,QUEENS,11416.0,40.68329,-73.85491,"{'latitude': '40.68329', 'longitude': '-73.85491', 'human_address': '{""address"": """", ""city"": """", ""state"": """", ""zip"": """"}'}",Unknown,Unknown,85-01     ROCKAWAY BOULEVARD,Unknown,Unknown,Unknown,Unknown,0.0,0.0,0.0,0.0,0.0,0.0,0.0,0.0,0.0,0.0,0.0,0.0,0.0,0.0,0.0,0.0,0.0,0.0,0.0,0.0,0.0,0.0,0.0,0.0,0.0,0.0,0.0,0.0,0.0,0.0,0.0,0.0,0.0,0.0,0.0,0.0,0.0,0.0,0.0,0.0,0.0,0.0,0.0,0.0,0,17,Thursday,9,1,0
2021-09-08,1900-01-01 18:13:00,Unknown,Unknown,0,0,0,0,0,0,0,0,Driver Inexperience,Unknown,4456726,Taxi,Unknown,MANHATTAN,10027.0,40.812912,-73.95364,"{'latitude': '40.812912', 'longitude': '-73.95364', 'human_address': '{""address"": """", ""city"": """", ""state"": """", ""zip"": """"}'}",Unknown,Unknown,415       WEST 127 STREET,Unknown,Unknown,Unknown,Unknown,0.0,0.0,0.0,0.0,0.0,0.0,0.0,0.0,0.0,0.0,0.0,0.0,0.0,0.0,0.0,0.0,0.0,0.0,0.0,0.0,0.0,0.0,0.0,0.0,0.0,0.0,0.0,0.0,0.0,0.0,0.0,0.0,0.0,0.0,0.0,0.0,0.0,0.0,0.0,0.0,0.0,0.0,0.0,0.0,0,18,Wednesday,9,1,0
2021-09-11,1900-01-01 20:50:00,Unknown,Unknown,0,0,0,0,0,0,0,0,Passing or Lane Usage Improper,Unspecified,4456558,Station Wagon/Sport Utility Vehicle,Unknown,QUEENS,11434.0,40.6639,-73.7804,"{'latitude': '40.6639', 'longitude': '-73.7804', 'human_address': '{""address"": """", ""city"": """", ""state"": """", ""zip"": """"}'}",Unknown,Unknown,145-26    158 STREET,Unknown,Unknown,Unknown,Unknown,0.0,0.0,0.0,0.0,0.0,0.0,0.0,0.0,0.0,0.0,0.0,0.0,0.0,0.0,0.0,0.0,0.0,0.0,0.0,0.0,0.0,0.0,0.0,0.0,0.0,0.0,0.0,0.0,0.0,0.0,0.0,0.0,0.0,0.0,0.0,0.0,0.0,0.0,0.0,0.0,0.0,0.0,0.0,0.0,0,20,Saturday,9,0,1
2021-07-05,1900-01-01 00:16:00,EDGEMERE AVENUE,BEACH 41 STREET,0,0,0,0,0,0,0,0,Driver Inexperience,Unknown,4456705,Sedan,Unknown,QUEENS,11691.0,40.59312,-73.772705,"{'latitude': '40.59312', 'longitude': '-73.772705', 'human_address': '{""address"": """", ""city"": """", ""state"": """", ""zip"": """"}'}",Unknown,Unknown,Unknown,Unknown,Unknown,Unknown,Unknown,0.0,0.0,0.0,0.0,0.0,0.0,0.0,0.0,0.0,0.0,0.0,0.0,0.0,0.0,0.0,0.0,0.0,0.0,0.0,0.0,0.0,0.0,0.0,0.0,0.0,0.0,0.0,0.0,0.0,0.0,0.0,0.0,0.0,0.0,0.0,0.0,0.0,0.0,0.0,0.0,0.0,0.0,0.0,0.0,0,0,Monday,7,0,0
2021-09-11,1900-01-01 18:21:00,VERRAZANO BRIDGE LOWER,Unknown,0,0,0,0,0,0,0,0,Unspecified,Unspecified,4456123,Sedan,Sedan,Unknown,0.0,0.0,0.0,Unknown,Unknown,Unknown,Unknown,Unknown,Unknown,Unknown,Unknown,0.0,0.0,0.0,0.0,0.0,0.0,0.0,0.0,0.0,0.0,0.0,0.0,0.0,0.0,0.0,0.0,0.0,0.0,0.0,0.0,0.0,0.0,0.0,0.0,0.0,0.0,0.0,0.0,0.0,0.0,0.0,0.0,0.0,0.0,0.0,0.0,0.0,0.0,0.0,0.0,0.0,0.0,0.0,0.0,0,18,Saturday,9,1,1
2021-06-29,1900-01-01 16:26:00,BEACH 9 STREET,SEAGIRT BOULEVARD,0,0,0,0,0,0,0,0,Following Too Closely,Unspecified,4456673,Station Wagon/Sport Utility Vehicle,Unknown,Unknown,0.0,40.596687,-73.74422,"{'latitude': '40.596687', 'longitude': '-73.74422', 'human_address': '{""address"": """", ""city"": """", ""state"": """", ""zip"": """"}'}",Unknown,Unknown,Unknown,Unknown,Unknown,Unknown,Unknown,0.0,0.0,0.0,0.0,0.0,0.0,0.0,0.0,0.0,0.0,0.0,0.0,0.0,0.0,0.0,0.0,0.0,0.0,0.0,0.0,0.0,0.0,0.0,0.0,0.0,0.0,0.0,0.0,0.0,0.0,0.0,0.0,0.0,0.0,0.0,0.0,0.0,0.0,0.0,0.0,0.0,0.0,0.0,0.0,0,16,Tuesday,6,1,0
2021-07-09,1900-01-01 03:52:00,HENRY HUDSON PARKWAY RAMP,Unknown,0,0,0,0,0,0,0,0,Pavement Slippery,Unknown,4456641,Sedan,Unknown,Unknown,0.0,0.0,0.0,Unknown,Unknown,Unknown,Unknown,Unknown,Unknown,Unknown,Unknown,0.0,0.0,0.0,0.0,0.0,0.0,0.0,0.0,0.0,0.0,0.0,0.0,0.0,0.0,0.0,0.0,0.0,0.0,0.0,0.0,0.0,0.0,0.0,0.0,0.0,0.0,0.0,0.0,0.0,0.0,0.0,0.0,0.0,0.0,0.0,0.0,0.0,0.0,0.0,0.0,0.0,0.0,0.0,0.0,0,3,Friday,7,0,0
2021-07-08,1900-01-01 08:50:00,BROOKLYN QUEENS EXPRESSWAY,Unknown,0,0,0,0,0,0,0,0,Unsafe Lane Changing,Unspecified,4456599,Tow Truck / Wrecker,Sedan,Unknown,0.0,40.673107,-73.99959,"{'latitude': '40.673107', 'longitude': '-73.99959', 'human_address': '{""address"": """", ""city"": """", ""state"": """", ""zip"": """"}'}",Unknown,Unknown,Unknown,Unknown,Unknown,Unknown,Unknown,0.0,0.0,0.0,0.0,0.0,0.0,0.0,0.0,0.0,0.0,0.0,0.0,0.0,0.0,0.0,0.0,0.0,0.0,0.0,0.0,0.0,0.0,0.0,0.0,0.0,0.0,0.0,0.0,0.0,0.0,0.0,0.0,0.0,0.0,0.0,0.0,0.0,0.0,0.0,0.0,0.0,0.0,0.0,0.0,0,8,Thursday,7,1,0
2021-07-09,1900-01-01 10:38:00,ROCKAWAY PARKWAY,AVENUE L,1,0,1,0,0,0,0,0,Tinted Windows,Unknown,4456688,Sedan,Unknown,BROOKLYN,11236.0,40.63874,-73.8952,"{'latitude': '40.63874', 'longitude': '-73.8952', 'human_address': '{""address"": """", ""city"": """", ""state"": """", ""zip"": """"}'}",Unknown,Unknown,Unknown,Unknown,Unknown,Unknown,Unknown,0.0,0.0,0.0,0.0,0.0,0.0,0.0,0.0,0.0,0.0,0.0,0.0,0.0,0.0,0.0,0.0,0.0,0.0,0.0,0.0,0.0,0.0,0.0,0.0,0.0,0.0,0.0,0.0,0.0,0.0,0.0,0.0,0.0,0.0,0.0,0.0,0.0,0.0,0.0,0.0,0.0,0.0,0.0,0.0,1,10,Friday,7,0,0
2021-09-11,1900-01-01 17:45:00,BROOKVILLE BOULEVARD,133 AVENUE,0,0,0,0,0,0,0,0,Driver Inattention/Distraction,Unspecified,4455904,Sedan,Tow Truck / Wrecker,QUEENS,11422.0,40.675255,-73.73207,"{'latitude': '40.675255', 'longitude': '-73.73207', 'human_address': '{""address"": """", ""city"": """", ""state"": """", ""zip"": """"}'}",Unknown,Unknown,Unknown,Unknown,Unknown,Unknown,Unknown,0.0,0.0,0.0,0.0,0.0,0.0,0.0,0.0,0.0,0.0,0.0,0.0,0.0,0.0,0.0,0.0,0.0,0.0,0.0,0.0,0.0,0.0,0.0,0.0,0.0,0.0,0.0,0.0,0.0,0.0,0.0,0.0,0.0,0.0,0.0,0.0,0.0,0.0,0.0,0.0,0.0,0.0,0.0,0.0,0,17,Saturday,9,1,1
2021-09-11,1900-01-01 01:30:00,Unknown,Unknown,0,0,0,0,0,0,0,0,Passing Too Closely,Unspecified,4455927,Dump,Sedan,BRONX,10453.0,40.846313,-73.92385,"{'latitude': '40.846313', 'longitude': '-73.92385', 'human_address': '{""address"": """", ""city"": """", ""state"": """", ""zip"": """"}'}",Unknown,Unknown,1523      UNDERCLIFF AVENUE,Unknown,Unknown,Unknown,Unknown,0.0,0.0,0.0,0.0,0.0,0.0,0.0,0.0,0.0,0.0,0.0,0.0,0.0,0.0,0.0,0.0,0.0,0.0,0.0,0.0,0.0,0.0,0.0,0.0,0.0,0.0,0.0,0.0,0.0,0.0,0.0,0.0,0.0,0.0,0.0,0.0,0.0,0.0,0.0,0.0,0.0,0.0,0.0,0.0,0,1,Saturday,9,0,1
2021-09-11,1900-01-01 02:00:00,EAST 16 STREET,QUENTIN ROAD,1,0,1,0,0,0,0,0,Driver Inattention/Distraction,Unknown,4456395,Unknown,Unknown,BROOKLYN,11229.0,40.608364,-73.95727,"{'latitude': '40.608364', 'longitude': '-73.95727', 'human_address': '{""address"": """", ""city"": """", ""state"": """", ""zip"": """"}'}",Unknown,Unknown,Unknown,Unknown,Unknown,Unknown,Unknown,0.0,0.0,0.0,0.0,0.0,0.0,0.0,0.0,0.0,0.0,0.0,0.0,0.0,0.0,0.0,0.0,0.0,0.0,0.0,0.0,0.0,0.0,0.0,0.0,0.0,0.0,0.0,0.0,0.0,0.0,0.0,0.0,0.0,0.0,0.0,0.0,0.0,0.0,0.0,0.0,0.0,0.0,0.0,0.0,1,2,Saturday,9,0,1
2021-09-11,1900-01-01 17:08:00,VERRAZANO BRIDGE UPPER,Unknown,0,0,0,0,0,0,0,0,Following Too Closely,Unspecified,4456745,Sedan,Sedan,Unknown,0.0,0.0,0.0,Unknown,Unknown,Unknown,Unknown,Unknown,Unknown,Unknown,Unknown,0.0,0.0,0.0,0.0,0.0,0.0,0.0,0.0,0.0,0.0,0.0,0.0,0.0,0.0,0.0,0.0,0.0,0.0,0.0,0.0,0.0,0.0,0.0,0.0,0.0,0.0,0.0,0.0,0.0,0.0,0.0,0.0,0.0,0.0,0.0,0.0,0.0,0.0,0.0,0.0,0.0,0.0,0.0,0.0,0,17,Saturday,9,1,1
2021-07-08,1900-01-01 23:25:00,ELTON STREET,RIDGEWOOD AVENUE,0,0,0,0,0,0,0,0,Driver Inattention/Distraction,Unspecified,4456636,Station Wagon/Sport Utility Vehicle,Tractor Truck Diesel,BROOKLYN,11208.0,40.682724,-73.88539,"{'latitude': '40.682724', 'longitude': '-73.88539', 'human_address': '{""address"": """", ""city"": """", ""state"": """", ""zip"": """"}'}",Unknown,Unknown,Unknown,Unknown,Unknown,Unknown,Unknown,0.0,0.0,0.0,0.0,0.0,0.0,0.0,0.0,0.0,0.0,0.0,0.0,0.0,0.0,0.0,0.0,0.0,0.0,0.0,0.0,0.0,0.0,0.0,0.0,0.0,0.0,0.0,0.0,0.0,0.0,0.0,0.0,0.0,0.0,0.0,0.0,0.0,0.0,0.0,0.0,0.0,0.0,0.0,0.0,0,23,Thursday,7,0,0
2021-09-11,1900-01-01 01:20:00,SOUND VIEW AVENUE,STEPHENS AVENUE,0,0,0,0,0,0,0,0,Aggressive Driving/Road Rage,Aggressive Driving/Road Rage,4456036,Sedan,Sedan,BRONX,10473.0,40.80789,-73.852844,"{'latitude': '40.80789', 'longitude': '-73.852844', 'human_address': '{""address"": """", ""city"": """", ""state"": """", ""zip"": """"}'}",Unspecified,Sedan,Unknown,Unknown,Unknown,Unknown,Unknown,0.0,0.0,0.0,0.0,0.0,0.0,0.0,0.0,0.0,0.0,0.0,0.0,0.0,0.0,0.0,0.0,0.0,0.0,0.0,0.0,0.0,0.0,0.0,0.0,0.0,0.0,0.0,0.0,0.0,0.0,0.0,0.0,0.0,0.0,0.0,0.0,0.0,0.0,0.0,0.0,0.0,0.0,0.0,0.0,0,1,Saturday,9,0,1
2021-09-10,1900-01-01 00:00:00,BRADLEY AVENUE,SOUTH GANNON AVENUE,1,0,0,0,0,0,1,0,Failure to Yield Right-of-Way,Unspecified,4456785,Station Wagon/Sport Utility Vehicle,Station Wagon/Sport Utility Vehicle,Unknown,0.0,40.607754,-74.13205,"{'latitude': '40.607754', 'longitude': '-74.13205', 'human_address': '{""address"": """", ""city"": """", ""state"": """", ""zip"": """"}'}",Unknown,Unknown,Unknown,Unknown,Unknown,Unknown,Unknown,0.0,0.0,0.0,0.0,0.0,0.0,0.0,0.0,0.0,0.0,0.0,0.0,0.0,0.0,0.0,0.0,0.0,0.0,0.0,0.0,0.0,0.0,0.0,0.0,0.0,0.0,0.0,0.0,0.0,0.0,0.0,0.0,0.0,0.0,0.0,0.0,0.0,0.0,0.0,0.0,0.0,0.0,0.0,0.0,1,0,Friday,9,0,0
2021-09-08,1900-01-01 16:33:00,WEST 33 STREET,7 AVENUE,0,0,0,0,0,0,0,0,Unsafe Lane Changing,Unspecified,4456517,Station Wagon/Sport Utility Vehicle,Sedan,MANHATTAN,10001.0,0.0,0.0,Unknown,Unknown,Unknown,Unknown,Unknown,Unknown,Unknown,Unknown,0.0,0.0,0.0,0.0,0.0,0.0,0.0,0.0,0.0,0.0,0.0,0.0,0.0,0.0,0.0,0.0,0.0,0.0,0.0,0.0,0.0,0.0,0.0,0.0,0.0,0.0,0.0,0.0,0.0,0.0,0.0,0.0,0.0,0.0,0.0,0.0,0.0,0.0,0.0,0.0,0.0,0.0,0.0,0.0,0,16,Wednesday,9,1,0
2021-09-10,1900-01-01 11:17:00,JACKIE ROBINSON PKWY,Unknown,1,0,0,0,0,0,1,0,Following Too Closely,Unspecified,4456764,Taxi,Unknown,Unknown,0.0,40.708324,-73.84314,"{'latitude': '40.708324', 'longitude': '-73.84314', 'human_address': '{""address"": """", ""city"": """", ""state"": """", ""zip"": """"}'}",Unknown,Unknown,Unknown,Unknown,Unknown,Unknown,Unknown,0.0,0.0,0.0,0.0,0.0,0.0,0.0,0.0,0.0,0.0,0.0,0.0,0.0,0.0,0.0,0.0,0.0,0.0,0.0,0.0,0.0,0.0,0.0,0.0,0.0,0.0,0.0,0.0,0.0,0.0,0.0,0.0,0.0,0.0,0.0,0.0,0.0,0.0,0.0,0.0,0.0,0.0,0.0,0.0,1,11,Friday,9,0,0
2021-09-10,1900-01-01 17:08:00,Unknown,Unknown,1,0,0,0,0,0,1,0,Unspecified,Unspecified,4456791,Taxi,Sedan,MANHATTAN,10029.0,40.79194,-73.95281,"{'latitude': '40.79194', 'longitude': '-73.95281', 'human_address': '{""address"": """", ""city"": """", ""state"": """", ""zip"": """"}'}",Unspecified,Sedan,1212      5 AVENUE,Unspecified,Sedan,Unspecified,Unknown,0.0,0.0,0.0,0.0,0.0,0.0,0.0,0.0,0.0,0.0,0.0,0.0,0.0,0.0,0.0,0.0,0.0,0.0,0.0,0.0,0.0,0.0,0.0,0.0,0.0,0.0,0.0,0.0,0.0,0.0,0.0,0.0,0.0,0.0,0.0,0.0,0.0,0.0,0.0,0.0,0.0,0.0,0.0,0.0,1,17,Friday,9,1,0
2021-07-08,1900-01-01 17:55:00,DELANCEY STREET,LUDLOW STREET,1,0,0,0,0,0,1,0,Driver Inattention/Distraction,Unspecified,4456614,Motorcycle,Unknown,MANHATTAN,10002.0,40.718792,-73.98902,"{'latitude': '40.718792', 'longitude': '-73.98902', 'human_address': '{""address"": """", ""city"": """", ""state"": """", ""zip"": """"}'}",Unknown,Unknown,Unknown,Unknown,Unknown,Unknown,Unknown,0.0,0.0,0.0,0.0,0.0,0.0,0.0,0.0,0.0,0.0,0.0,0.0,0.0,0.0,0.0,0.0,0.0,0.0,0.0,0.0,0.0,0.0,0.0,0.0,0.0,0.0,0.0,0.0,0.0,0.0,0.0,0.0,0.0,0.0,0.0,0.0,0.0,0.0,0.0,0.0,0.0,0.0,0.0,0.0,1,17,Thursday,7,1,0