crash_date,crash_time,on_street_name,off_street_name,number_of_persons_injured,number_of_persons_killed,number_of_pedestrians_injured,number_of_pedestrians_killed,number_of_cyclist_injured,number_of_cyclist_killed,number_of_motorist_injured,number_of_motorist_killed,contributing_factor_vehicle_1,contributing_factor_vehicle_2,collision_id,vehicle_type_code1,vehicle_type_code2,borough,zip_code,latitude,longitude,location,contributing_factor_vehicle_3,vehicle_type_code_3,cross_street_name,contributing_factor_vehicle_4,vehicle_type_code_4,contributing_factor_vehicle_5,vehicle_type_code_5,unique_id,crash_date_veh,crash_time_veh,vehicle_id,state_registration,vehicle_type,contributing_factor_1,vehicle_make,vehicle_year,travel_direction,vehicle_occupants,driver_sex,driver_license_status,driver_license_jurisdiction,pre_crash,point_of_impact,vehicle_damage,public_property_damage,contributing_factor_2,vehicle_damage_1,vehicle_damage_2,vehicle_damage_3,vehicle_model,public_property_damage_type,unique_id_pers,crash_date_pers,crash_time_pers,person_id,person_type,person_injury,vehicle_id_pers,ped_role,person_sex,person_age,ejection,emotional_status,bodily_injury,position_in_vehicle,safety_equipment,complaint,ped_location,ped_action,contributing_factor_1_pers,contributing_factor_2_pers,injury_occurred,crash_hour,day_of_week,month,rush_hour,is_weekend
2021-09-11,1900-01-01 13:35:00,EAST 194 STREET,Unknown,0,0,0,0,0,0,0,0,Driver Inattention/Distraction,Unspecified,4455863,Sedan,Unknown,Unknown,0.0,40.86463,-73.892136,"{'latitude': '40.86463', 'longitude': '-73.892136', 'human_address': '{""address"": """", ""city"": """", ""state"": """", ""zip"": """"}'}",Unknown,Unknown,Unknown,Unknown,Unknown,Unknown,Unknown,0.0,0.0,0.0,0.0,0.0,0.0,0.0,0.0,0.0,0.0,0.0,0.0,0.0,0.0,0.0,0.0,0.0,0.0,0.0,0.0,0.0,0.0,0.0,0.0,0.0,0.0,0.0,0.0,0.0,0.0,0.0,0.0,0.0,0.0,0.0,0.0,0.0,0.0,0.0,0.0,0.0,0.0,0.0,0.0,0,13,Saturday,9,0,1
2021-09-11,1900-01-01 00:50:00,FULTON STREET,BARBEY STREET,0,0,0,0,0,0,0,0,Fell Asleep,Unspecified,4456313,Sedan,Sedan,BROOKLYN,11207.0,40.67856,-73.889015,"{'latitude': '40.67856', 'longitude': '-73.889015', 'human_address': '{""address"": """", ""city"": """", ""state"": """", ""zip"": """"}'}",Unspecified,Sedan,Unknown,Unknown,Unknown,Unknown,Unknown,0.0,0.0,0.0,0.0,0.0,0.0,0.0,0.0,0.0,0.0,0.0,0.0,0.0,0.0,0.0,0.0,0.0,0.0,0.0,0.0,0.0,0.0,0.0,0.0,0.0,0.0,0.0,0.0,0.0,0.0,0.0,0.0,0.0,0.0,0.0,0.0,0.0,0.0,0.0,0.0,0.0,0.0,0.0,0.0,0,0,Saturday,9,0,1
2021-09-11,1900-01-01 03:00:00,EAST HOUSTON STREET,Unknown,0,0,0,0,0,0,0,0,Passing Too Closely,Unspecified,4456409,Tow Truck / Wrecker,Garbage or Refuse,Unknown,0.0,40.721474,-73.98383,"{'latitude': '40.721474', 'longitude': '-73.98383', 'human_address': '{""address"": """", ""city"": """", ""state"": """", ""zip"": """"}'}",Unknown,Unknown,Unknown,Unknown,Unknown,Unknown,Unknown,0.0,0.0,0.0,0.0,0.0,0.0,0.0,0.0,0.0,0.0,0.0,0.0,0.0,0.0,0.0,0.0,0.0,0.0,0.0,0.0,0.0,0.0,0.0,0.0,0.0,0.0,0.0,0.0,0.0,0.0,0.0,0.0,0.0,0.0,0.0,0.0,0.0,0.0,0.0,0.0,0.0,0.0,0.0,0.0,0,3,Saturday,9,0,1
2021-09-11,1900-01-01 04:41:00,EAST 111 STREET,FDR DRIVE,0,0,0,0,0,0,0,0,Unspecified,Unknown,4455916,Sedan,Unknown,MANHATTAN,10029.0,40.79184,-73.93556,"{'latitude': '40.79184', 'longitude': '-73.93556', 'human_address': '{""address"": """", ""city"": """", ""state"": """", ""zip"": """"}'}",Unknown,Unknown,Unknown,Unknown,Unknown,Unknown,Unknown,0.0,0.0,0.0,0.0,0.0,0.0,0.0,0.0,0.0,0.0,0.0,0.0,0.0,0.0,0.0,0.0,0.0,0.0,0.0,0.0,0.0,0.0,0.0,0.0,0.0,0.0,0.0,0.0,0.0,0.0,0.0,0.0,0.0,0.0,0.0,0.0,0.0,0.0,0.0,0.0,0.0,0.0,0.0,0.0,0,4,Saturday,9,0,1
2021-09-11,1900-01-01 21:05:00,WHITESTONE EXPRESSWAY,Unknown,0,0,0,0,0,0,0,0,Passing or Lane Usage Improper,Unspecified,4456096,Sedan,Sedan,Unknown,0.0,40.78076,-73.825424,"{'latitude': '40.78076', 'longitude': '-73.825424', 'human_address': '{""address"": """", ""city"": """", ""state"": """", ""zip"": """"}'}",Unknown,Unknown,Unknown,Unknown,Unknown,Unknown,Unknown,0.0,0.0,0.0,0.0,0.0,0.0,0.0,0.0,0.0,0.0,0.0,0.0,0.0,0.0,0.0,0.0,0.0,0.0,0.0,0.0,0.0,0.0,0.0,0.0,0.0,0.0,0.0,0.0,0.0,0.0,0.0,0.0,0.0,0.0,0.0,0.0,0.0,0.0,0.0,0.0,0.0,0.0,0.0,0.0,0,21,Saturday,9,0,1
2021-09-11,1900-01-01 20:59:00,BROOKLYN QUEENS EXPRESSWAY,Unknown,0,0,0,0,0,0,0,0,Driver Inattention/Distraction,Unspecified,4456878,Sedan,Station Wagon/Sport Utility Vehicle,Unknown,0.0,40.7359,-73.91338,"{'latitude': '40.7359', 'longitude': '-73.91338', 'human_address': '{""address"": """", ""city"": """", ""state"": """", ""zip"": """"}'}",Unspecified,Station Wagon/Sport Utility Vehicle,Unknown,Unspecified,Station Wagon/Sport Utility Vehicle,Unknown,Unknown,0.0,0.0,0.0,0.0,0.0,0.0,0.0,0.0,0.0,0.0,0.0,0.0,0.0,0.0,0.0,0.0,0.0,0.0,0.0,0.0,0.0,0.0,0.0,0.0,0.0,0.0,0.0,0.0,0.0,0.0,0.0,0.0,0.0,0.0,0.0,0.0,0.0,0.0,0.0,0.0,0.0,0.0,0.0,0.0,0,20,Saturday,9,0,1
2021-07-04,1900-01-01 22:22:00,LAYTON AVENUE,THROGMORTAN AVENUE,1,0,1,0,0,0,0,0,Unknown,Unknown,4456568,Unknown,Unknown,Unknown,0.0,0.0,0.0,Unknown,Unknown,Unknown,Unknown,Unknown,Unknown,Unknown,Unknown,0.0,0.0,0.0,0.0,0.0,0.0,0.0,0.0,0.0,0.0,0.0,0.0,0.0,0.0,0.0,0.0,0.0,0.0,0.0,0.0,0.0,0.0,0.0,0.0,0.0,0.0,0.0,0.0,0.0,0.0,0.0,0.0,0.0,0.0,0.0,0.0,0.0,0.0,0.0,0.0,0.0,0.0,0.0,0.0,1,22,Sunday,7,0,1
2021-09-10,1900-01-01 21:03:00,Unknown,Unknown,1,0,0,0,0,0,0,0,Unspecified,Unspecified,4456953,Sedan,E-Scooter,MANHATTAN,10002.0,40.710697,-73.984634,"{'latitude': '40.710697', 'longitude': '-73.984634', 'human_address': '{""address"": """", ""city"": """", ""state"": """", ""zip"": """"}'}",Unknown,Unknown,299       SOUTH STREET,Unknown,Unknown,Unknown,Unknown,0.0,0.0,0.0,0.0,0.0,0.0,0.0,0.0,0.0,0.0,0.0,0.0,0.0,0.0,0.0,0.0,0.0,0.0,0.0,0.0,0.0,0.0,0.0,0.0,0.0,0.0,0.0,0.0,0.0,0.0,0.0,0.0,0.0,0.0,0.0,0.0,0.0,0.0,0.0,0.0,0.0,0.0,0.0,0.0,1,21,Friday,9,0,0
2021-09-10,1900-01-01 14:35:00,FDR DRIVE,Unknown,1,0,0,0,0,0,1,0,Following Too Closely,Unspecified,4456522,Sedan,Pick-up Truck,Unknown,0.0,40.760777,-73.95702,"{'latitude': '40.760777', 'longitude': '-73.95702', 'human_address': '{""address"": """", ""city"": """", ""state"": """", ""zip"": """"}'}",Unknown,Unknown,Unknown,Unknown,Unknown,Unknown,Unknown,0.0,0.0,0.0,0.0,0.0,0.0,0.0,0.0,0.0,0.0,0.0,0.0,0.0,0.0,0.0,0.0,0.0,0.0,0.0,0.0,0.0,0.0,0.0,0.0,0.0,0.0,0.0,0.0,0.0,0.0,0.0,0.0,0.0,0.0,0.0,0.0,0.0,0.0,0.0,0.0,0.0,0.0,0.0,0.0,1,14,Friday,9,0,0
2021-06-26,1900-01-01 17:23:00,Unknown,Unknown,0,0,0,0,0,0,0,0,Unspecified,Unknown,4456700,Sedan,Unknown,BRONX,10474.0,40.81358,-73.89385,"{'latitude': '40.81358', 'longitude': '-73.89385', 'human_address': '{""address"": """", ""city"": """", ""state"": """", ""zip"": """"}'}",Unknown,Unknown,770       BARRY STREET,Unknown,Unknown,Unknown,Unknown,0.0,0.0,0.0,0.0,0.0,0.0,0.0,0.0,0.0,0.0,0.0,0.0,0.0,0.0,0.0,0.0,0.0,0.0,0.0,0.0,0.0,0.0,0.0,0.0,0.0,0.0,0.0,0.0,0.0,0.0,0.0,0.0,0.0,0.0,0.0,0.0,0.0,0.0,0.0,0.0,0.0,0.0,0.0,0.0,0,17,Saturday,6,1,1
2021-09-11,1900-01-01 23:18:00,SURF AVENUE,Unknown,1,0,0,0,0,0,1,0,Passing or Lane Usage Improper,Turning Improperly,4456023,Sedan,Sedan,Unknown,0.0,40.575302,-73.98453,"{'latitude': '40.575302', 'longitude': '-73.98453', 'human_address': '{""address"": """", ""city"": """", ""state"": """", ""zip"": """"}'}",Unknown,Unknown,Unknown,Unknown,Unknown,Unknown,Unknown,0.0,0.0,0.0,0.0,0.0,0.0,0.0,0.0,0.0,0.0,0.0,0.0,0.0,0.0,0.0,0.0,0.0,0.0,0.0,0.0,0.0,0.0,0.0,0.0,0.0,0.0,0.0,0.0,0.0,0.0,0.0,0.0,0.0,0.0,0.0,0.0,0.0,0.0,0.0,0.0,0.0,0.0,0.0,0.0,1,23,Saturday,9,0,1
2021-09-10,1900-01-01 13:10:00,PITKIN AVENUE,GRAFTON STREET,0,0,0,0,0,0,0,0,Driver Inattention/Distraction,Unspecified,4456810,Sedan,E-Bike,BROOKLYN,11212.0,40.66843,-73.91919,"{'latitude': '40.66843', 'longitude': '-73.91919', 'human_address': '{""address"": """", ""city"": """", ""state"": """", ""zip"": """"}'}",Unknown,Unknown,Unknown,Unknown,Unknown,Unknown,Unknown,0.0,0.0,0.0,0.0,0.0,0.0,0.0,0.0,0.0,0.0,0.0,0.0,0.0,0.0,0.0,0.0,0.0,0.0,0.0,0.0,0.0,0.0,0.0,0.0,0.0,0.0,0.0,0.0,0.0,0.0,0.0,0.0,0.0,0.0,0.0,0.0,0.0,0.0,0.0,0.0,0.0,0.0,0.0,0.0,0,13,Friday,9,0,0
2021-09-11,1900-01-01 15:45:00,SAINT CLAIR PLACE,Unknown,0,0,0,0,0,0,0,0,Unspecified,Unspecified,4456105,Sedan,Station Wagon/Sport Utility Vehicle,Unknown,0.0,40.81701,-73.9595,"{'latitude': '40.81701', 'longitude': '-73.9595', 'human_address': '{""address"": """", ""city"": """", ""state"": """", ""zip"": """"}'}",Unknown,Unknown,Unknown,Unknown,Unknown,Unknown,Unknown,0.0,0.0,0.0,0.0,0.0,0.0,0.0,0.0,0.0,0.0,0.0,0.0,0.0,0.0,0.0,0.0,0.0,0.0,0.0,0.0,0.0,0.0,0.0,0.0,0.0,0.0,0.0,0.0,0.0,0.0,0.0,0.0,0.0,0.0,0.0,0.0,0.0,0.0,0.0,0.0,0.0,0.0,0.0,0.0,0,15,Saturday,9,0,1
2021-07-08,1900-01-01 16:00:00,Unknown,Unknown,0,0,0,0,0,0,0,0,Backing Unsafely,Unspecified,4456668,Station Wagon/Sport Utility Vehicle,Unknown,BRONX,10458.0,40.85755,-73.882835,"{'latitude': '40.85755', 'longitude': '-73.882835', 'human_address': '{""address"": """", ""city"": """", ""state"": """", ""zip"": """"}'}",Unknown,Unknown,2488      CAMBRELENG AVENUE,Unknown,Unknown,Unknown,Unknown,0.0,0.0,0.0,0.0,0.0,0.0,0.0,0.0,0.0,0.0,0.0,0.0,0.0,0.0,0.0,0.0,0.0,0.0,0.0,0.0,0.0,0.0,0.0,0.0,0.0,0.0,0.0,0.0,0.0,0.0,0.0,0.0,0.0,0.0,0.0,0.0,0.0,0.0,0.0,0.0,0.0,0.0,0.0,0.0,0,16,Thursday,7,1,0
2021-09-02,1900-01-01 19:56:00,MAJOR DEEGAN EXPRESSWAY,Unknown,0,0,0,0,0,0,0,0,Unspecified,Unknown,4456867,Sedan,Unknown,Unknown,0.0,40.89711,-73.88008,"{'latitude': '40.89711', 'longitude': '-73.88008', 'human_address': '{""address"": """", ""city"": """", ""state"": """", ""zip"": """"}'}",Unknown,Unknown,Unknown,Unknown,Unknown,Unknown,Unknown,0.0,0.0,0.0,0.0,0.0,0.0,0.0,0.0,0.0,0.0,0.0,0.0,0.0,0.0,0.0,0.0,0.0,0.0,0.0,0.0,0.0,0.0,0.0,0.0,0.0,0.0,0.0,0.0,0.0,0.0,0.0,0.0,0.0,0.0,0.0,0.0,0.0,0.0,0.0,0.0,0.0,0.0,0.0,0.0,0,19,Thursday,9,0,0
2021-09-11,1900-01-01 15:45:00,BUSHWICK AVENUE,Unknown,0,0,0,0,0,0,0,0,Following Too Closely,Unspecified,4456988,Station Wagon/Sport Utility Vehicle,Unknown,Unknown,0.0,40.685795,-73.911644,"{'latitude': '40.685795', 'longitude': '-73.911644', 'human_address': '{""address"": """", ""city"": """", ""state"": """", ""zip"": """"}'}",Unknown,Unknown,Unknown,Unknown,Unknown,Unknown,Unknown,0.0,0.0,0.0,0.0,0.0,0.0,0.0,0.0,0.0,0.0,0.0,0.0,0.0,0.0,0.0,0.0,0.0,0.0,0.0,0.0,0.0,0.0,0.0,0.0,0.0,0.0,0.0,0.0,0.0,0.0,0.0,0.0,0.0,0.0,0.0,0.0,0.0,0.0,0.0,0.0,0.0,0.0,0.0,0.0,0,15,Saturday,9,0,1
2021-09-07,1900-01-01 22:30:00,108 AVENUE,SUTPHIN BOULEVARD,0,0,0,0,0,0,0,0,Driver Inattention/Distraction,Unspecified,4456859,Station Wagon/Sport Utility Vehicle,Station Wagon/Sport Utility Vehicle,Unknown,0.0,40.69305,-73.799446,"{'latitude': '40.69305', 'longitude': '-73.799446', 'human_address': '{""address"": """", ""city"": """", ""state"": """", ""zip"": """"}'}",Unspecified,Station Wagon/Sport Utility Vehicle,Unknown,Unknown,Unknown,Unknown,Unknown,0.0,0.0,0.0,0.0,0.0,0.0,0.0,0.0,0.0,0.0,0.0,0.0,0.0,0.0,0.0,0.0,0.0,0.0,0.0,0.0,0.0,0.0,0.0,0.0,0.0,0.0,0.0,0.0,0.0,0.0,0.0,0.0,0.0,0.0,0.0,0.0,0.0,0.0,0.0,0.0,0.0,0.0,0.0,0.0,0,22,Tuesday,9,0,0
2021-06-25,1900-01-01 14:35:00,BEACH CHANNEL DRIVE,HASSOCK STREET,0,0,0,0,0,0,0,0,Unspecified,Unspecified,4456663,Pick-up Truck,Unknown,QUEENS,11691.0,40.609535,-73.75372,"{'latitude': '40.609535', 'longitude': '-73.75372', 'human_address': '{""address"": """", ""city"": """", ""state"": """", ""zip"": """"}'}",Unknown,Unknown,Unknown,Unknown,Unknown,Unknown,Unknown,0.0,0.0,0.0,0.0,0.0,0.0,0.0,0.0,0.0,0.0,0.0,0.0,0.0,0.0,0.0,0.0,0.0,0.0,0.0,0.0,0.0,0.0,0.0,0.0,0.0,0.0,0.0,0.0,0.0,0.0,0.0,0.0,0.0,0.0,0.0,0.0,0.0,0.0,0.0,0.0,0.0,0.0,0.0,0.0,0,14,Friday,6,0,0
2021-07-08,1900-01-01 18:40:00,AVENUE OF THE AMERICAS,Unknown,0,0,0,0,0,0,0,0,Unsafe Lane Changing,Unspecified,4456624,Sedan,Sedan,Unknown,0.0,40.720627,-74.00522,"{'latitude': '40.720627', 'longitude': '-74.00522', 'human_address': '{""address"": """", ""city"": """", ""state"": """", ""zip"": """"}'}",Unknown,Unknown,Unknown,Unknown,Unknown,Unknown,Unknown,0.0,0.0,0.0,0.0,0.0,0.0,0.0,0.0,0.0,0.0,0.0,0.0,0.0,0.0,0.0,0.0,0.0,0.0,0.0,0.0,0.0,0.0,0.0,0.0,0.0,0.0,0.0,0.0,0.0,0.0,0.0,0.0,0.0,0.0,0.0,0.0,0.0,0.0,0.0,0.0,0.0,0.0,0.0,0.0,0,18,Thursday,7,1,0
2021-07-04,1900-01-01 04:00:00,Unknown,Unknown,1,0,1,0,0,0,0,0,Unspecified,Unknown,4456563,Station Wagon/Sport Utility Vehicle,Unknown,QUEENS,11369.0,40.763496,-73.87814,"{'latitude': '40.763496', 'longitude': '-73.87814', 'human_address': '{""address"": """", ""city"": """", ""state"": """", ""zip"": """"}'}",Unknown,Unknown,91-07     ASTORIA BOULEVARD,Unknown,Unknown,Unknown,Unknown,0.0,0.0,0.0,0.0,0.0,0.0,0.0,0.0,0.0,0.0,0.0,0.0,0.0,0.0,0.0,0.0,0.0,0.0,0.0,0.0,0.0,0.0,0.0,0.0,0.0,0.0,0.0,0.0,0.0,0.0,0.0,0.0,0.0,0.0,0.0,0.0,0.0,0.0,0.0,0.0,0.0,0.0,0.0,0.0,1,4,Sunday,7,0,1
2021-07-08,1900-01-01 21:19:00,93 STREET,95 AVENUE,1,0,0,0,0,0,1,0,Unsafe Speed,Unspecified,4456656,Sedan,Station Wagon/Sport Utility Vehicle,QUEENS,11416.0,40.686646,-73.849075,"{'latitude': '40.686646', 'longitude': '-73.849075', 'human_address': '{""address"": """", ""city"": """", ""state"": """", ""zip"": """"}'}",Unspecified,Sedan,Unknown,Unknown,Unknown,Unknown,Unknown,0.0,0.0,0.0,0.0,0.0,0.0,0.0,0.0,0.0,0.0,0.0,0.0,0.0,0.0,0.0,0.0,0.0,0.0,0.0,0.0,0.0,0.0,0.0,0.0,0.0,0.0,0.0,0.0,0.0,0.0,0.0,0.0,0.0,0.0,0.0,0.0,0.0,0.0,0.0,0.0,0.0,0.0,0.0,0.0,1,21,Thursday,7,0,0
2021-09-11,1900-01-01 15:01:00,Unknown,Unknown,0,0,0,0,0,0,0,0,Driver Inattention/Distraction,Unspecified,4456388,Sedan,Station Wagon/Sport Utility Vehicle,BROOKLYN,11235.0,40.579445,-73.9544,"{'latitude': '40.579445', 'longitude': '-73.9544', 'human_address': '{""address"": """", ""city"": """", ""state"": """", ""zip"": """"}'}",Unspecified,Unknown,101       CORBIN PLACE,Unknown,Unknown,Unknown,Unknown,0.0,0.0,0.0,0.0,0.0,0.0,0.0,0.0,0.0,0.0,0.0,0.0,0.0,0.0,0.0,0.0,0.0,0.0,0.0,0.0,0.0,0.0,0.0,0.0,0.0,0.0,0.0,0.0,0.0,0.0,0.0,0.0,0.0,0.0,0.0,0.0,0.0,0.0,0.0,0.0,0.0,0.0,0.0,0.0,0,15,Saturday,9,0,1
2021-09-10,1900-01-01 19:00:00,5 AVENUE,EAST 57 STREET,0,0,0,0,0,0,0,0,Driver Inattention/Distraction,Unspecified,4456757,Sedan,Motorcycle,MANHATTAN,10019.0,40.762966,-73.973976,"{'latitude': '40.762966', 'longitude': '-73.973976', 'human_address': '{""address"": """", ""city"": """", ""state"": """", ""zip"": """"}'}",Unspecified,Unknown,Unknown,Unknown,Unknown,Unknown,Unknown,0.0,0.0,0.0,0.0,0.0,0.0,0.0,0.0,0.0,0.0,0.0,0.0,0.0,0.0,0.0,0.0,0.0,0.0,0.0,0.0,0.0,0.0,0.0,0.0,0.0,0.0,0.0,0.0,0.0,0.0,0.0,0.0,0.0,0.0,0.0,0.0,0.0,0.0,0.0,0.0,0.0,0.0,0.0,0.0,0,19,Friday,9,0,0
2021-09-11,1900-01-01 00:20:00,VAN WYCK EXPWY,Unknown,3,0,0,0,0,0,3,0,Driver Inexperience,Unspecified,4455827,Sedan,Station Wagon/Sport Utility Vehicle,Unknown,0.0,40.76555,-73.83911,"{'latitude': '40.76555', 'longitude': '-73.83911', 'human_address': '{""address"": """", ""city"": """", ""state"": """", ""zip"": """"}'}",Unknown,Unknown,Unknown,Unknown,Unknown,Unknown,Unknown,0.0,0.0,0.0,0.0,0.0,0.0,0.0,0.0,0.0,0.0,0.0,0.0,0.0,0.0,0.0,0.0,0.0,0.0,0.0,0.0,0.0,0.0,0.0,0.0,0.0,0.0,0.0,0.0,0.0,0.0,0.0,0.0,0.0,0.0,0.0,0.0,0.0,0.0,0.0,0.0,0.0,0.0,0.0,0.0,1,0,Saturday,9,0,1
2021-09-10,1900-01-01 10:55:00,Unknown,Unknown,0,0,0,0,0,0,0,0,Backing Unsafely,Unknown,4456511,Sedan,Unknown,MANHATTAN,10028.0,40.779602,-73.95553,"{'latitude': '40.779602', 'longitude': '-73.95553', 'human_address': '{""address"": """", ""city"": """", ""state"": """", ""zip"": """"}'}",Unknown,Unknown,1280      LEXINGTON AVENUE,Unknown,Unknown,Unknown,Unknown,0.0,0.0,0.0,0.0,0.0,0.0,0.0,0.0,0.0,0.0,0.0,0.0,0.0,0.0,0.0,0.0,0.0,0.0,0.0,0.0,0.0,0.0,0.0,0.0,0.0,0.0,0.0,0.0,0.0,0.0,0.0,0.0,0.0,0.0,0.0,0.0,0.0,0.0,0.0,0.0,0.0,0.0,0.0,0.0,0,10,Friday,9,0,0
2021-09-11,1900-01-01 01:39:00,RIDGEWOOD AVENUE,GENESEE AVENUE,0,0,0,0,0,0,0,0,Unsafe Speed,Unspecified,4456741,Sedan,Station Wagon/Sport Utility Vehicle,STATEN ISLAND,10312.0,40.553192,-74.164345,"{'latitude': '40.553192', 'longitude': '-74.164345', 'human_address': '{""address"": """", ""city"": """", ""state"": """", ""zip"": """"}'}",Unknown,Unknown,Unknown,Unknown,Unknown,Unknown,Unknown,0.0,0.0,0.0,0.0,0.0,0.0,0.0,0.0,0.0,0.0,0.0,0.0,0.0,0.0,0.0,0.0,0.0,0.0,0.0,0.0,0.0,0.0,0.0,0.0,0.0,0.0,0.0,0.0,0.0,0.0,0.0,0.0,0.0,0.0,0.0,0.0,0.0,0.0,0.0,0.0,0.0,0.0,0.0,0.0,0,1,Saturday,9,0,1
2021-09-11,1900-01-01 18:16:00,Unknown,Unknown,0,0,0,0,0,0,0,0,Failure to Yield Right-of-Way,Unspecified,4455973,E-Bike,Station Wagon/Sport Utility Vehicle,BRONX,10460.0,40.836094,-73.883995,"{'latitude': '40.836094', 'longitude': '-73.883995', 'human_address': '{""address"": """", ""city"": """", ""state"": """", ""zip"": """"}'}",Unknown,Unknown,1005      EAST 174 STREET,Unknown,Unknown,Unknown,Unknown,0.0,0.0,0.0,0.0,0.0,0.0,0.0,0.0,0.0,0.0,0.0,0.0,0.0,0.0,0.0,0.0,0.0,0.0,0.0,0.0,0.0,0.0,0.0,0.0,0.0,0.0,0.0,0.0,0.0,0.0,0.0,0.0,0.0,0.0,0.0,0.0,0.0,0.0,0.0,0.0,0.0,0.0,0.0,0.0,0,18,Saturday,9,1,1
2021-07-08,1900-01-01 12:58:00,Unknown,Unknown,0,0,0,0,0,0,0,0,Unspecified,Unknown,4456695,Sedan,Unknown,BROOKLYN,11229.0,40.59692,-73.94122,"{'latitude': '40.59692', 'longitude': '-73.94122', 'human_address': '{""address"": """", ""city"": """", ""state"": """", ""zip"": """"}'}",Unknown,Unknown,3540      NOSTRAND AVENUE,Unknown,Unknown,Unknown,Unknown,0.0,0.0,0.0,0.0,0.0,0.0,0.0,0.0,0.0,0.0,0.0,0.0,0.0,0.0,0.0,0.0,0.0,0.0,0.0,0.0,0.0,0.0,0.0,0.0,0.0,0.0,0.0,0.0,0.0,0.0,0.0,0.0,0.0,0.0,0.0,0.0,0.0,0.0,0.0,0.0,0.0,0.0,0.0,0.0,0,12,Thursday,7,0,0
2021-09-11,1900-01-01 22:30:00,18 AVENUE,58 STREET,0,0,0,0,0,0,0,0,Unspecified,Unspecified,4456420,Sedan,Sedan,BROOKLYN,11204.0,40.62318,-73.98611,"{'latitude': '40.62318', 'longitude': '-73.98611', 'human_address': '{""address"": """", ""city"": """", ""state"": """", ""zip"": """"}'}",Unknown,Unknown,Unknown,Unknown,Unknown,Unknown,Unknown,0.0,0.0,0.0,0.0,0.0,0.0,0.0,0.0,0.0,0.0,0.0,0.0,0.0,0.0,0.0,0.0,0.0,0.0,0.0,0.0,0.0,0.0,0.0,0.0,0.0,0.0,0.0,0.0,0.0,0.0,0.0,0.0,0.0,0.0,0.0,0.0,0.0,0.0,0.0,0.0,0.0,0.0,0.0,0.0,0,22,Saturday,9,0,1
2021-09-11,1900-01-01 18:55:00,LIBERTY AVENUE,BARBEY STREET,0,0,0,0,0,0,0,0,Unspecified,Unspecified,4456317,Tow Truck / Wrecker,Sedan,BROOKLYN,11207.0,40.67562,-73.88826,"{'latitude': '40.67562', 'longitude': '-73.88826', 'human_address': '{""address"": """", ""city"": """", ""state"": """", ""zip"": """"}'}",Unknown,Unknown,Unknown,Unknown,Unknown,Unknown,Unknown,0.0,0.0,0.0,0.0,0.0,0.0,0.0,0.0,0.0,0.0,0.0,0.0,0.0,0.0,0.0,0.0,0.0,0.0,0.0,0.0,0.0,0.0,0.0,0.0,0.0,0.0,0.0,0.0,0.0,0.0,0.0,0.0,0.0,0.0,0.0,0.0,0.0,0.0,0.0,0.0,0.0,0.0,0.0,0.0,0,18,Saturday,9,1,1
2021-09-07,1900-01-01 12:42:00,Unknown,Unknown,0,0,0,0,0,0,0,0,Unsafe Speed,Unknown,4456781,Sedan,Unknown,MANHATTAN,10026.0,40.80609,-73.95414,"{'latitude': '40.80609', 'longitude': '-73.95414', 'human_address': '{""address"": """", ""city"": """", ""state"": """", ""zip"": """"}'}",Unknown,Unknown,2200      8 AVENUE,Unknown,Unknown,Unknown,Unknown,0.0,0.0,0.0,0.0,0.0,0.0,0.0,0.0,0.0,0.0,0.0,0.0,0.0,0.0,0.0,0.0,0.0,0.0,0.0,0.0,0.0,0.0,0.0,0.0,0.0,0.0,0.0,0.0,0.0,0.0,0.0,0.0,0.0,0.0,0.0,0.0,0.0,0.0,0.0,0.0,0.0,0.0,0.0,0.0,0,12,Tuesday,9,0,0
2021-09-10,1900-01-01 17:39:00,WHITE PLAINS ROAD,EAST GUN HILL ROAD,1,0,0,0,0,0,0,0,Unsafe Lane Changing,Driver Inattention/Distraction,4457006,Station Wagon/Sport Utility Vehicle,E-Bike,BRONX,10467.0,40.87739,-73.8665,"{'latitude': '40.87739', 'longitude': '-73.8665', 'human_address': '{""address"": """", ""city"": """", ""state"": """", ""zip"": """"}'}",Unknown,Unknown,Unknown,Unknown,Unknown,Unknown,Unknown,0.0,0.0,0.0,0.0,0.0,0.0,0.0,0.0,0.0,0.0,0.0,0.0,0.0,0.0,0.0,0.0,0.0,0.0,0.0,0.0,0.0,0.0,0.0,0.0,0.0,0.0,0.0,0.0,0.0,0.0,0.0,0.0,0.0,0.0,0.0,0.0,0.0,0.0,0.0,0.0,0.0,0.0,0.0,0.0,1,17,Friday,9,1,0