crash_date,crash_time,on_street_name,off_street_name,number_of_persons_injured,number_of_persons_killed,number_of_pedestrians_injured,number_of_pedestrians_killed,number_of_cyclist_injured,number_of_cyclist_killed,number_of_motorist_injured,number_of_motorist_killed,contributing_factor_vehicle_1,contributing_factor_vehicle_2,collision_id,vehicle_type_code1,vehicle_type_code2,borough,zip_code,latitude,longitude,location,contributing_factor_vehicle_3,vehicle_type_code_3,cross_street_name,contributing_factor_vehicle_4,vehicle_type_code_4,contributing_factor_vehicle_5,vehicle_type_code_5,unique_id,crash_date_veh,crash_time_veh,vehicle_id,state_registration,vehicle_type,contributing_factor_1,vehicle_make,vehicle_year,travel_direction,vehicle_occupants,driver_sex,driver_license_status,driver_license_jurisdiction,pre_crash,point_of_impact,vehicle_damage,public_property_damage,contributing_factor_2,vehicle_damage_1,vehicle_damage_2,vehicle_damage_3,vehicle_model,public_property_damage_type,unique_id_pers,crash_date_pers,crash_time_pers,person_id,person_type,person_injury,vehicle_id_pers,ped_role,person_sex,person_age,ejection,emotional_status,bodily_injury,position_in_vehicle,safety_equipment,complaint,ped_location,ped_action,contributing_factor_1_pers,contributing_factor_2_pers,injury_occurred,crash_hour,day_of_week,month,rush_hour,is_weekend
2021-06-30,1900-01-01 11:47:00,203 STREET,118 AVENUE,0,0,0,0,0,0,0,0,Passing Too Closely,Unspecified,4456603,Station Wagon/Sport Utility Vehicle,Station Wagon/Sport Utility Vehicle,QUEENS,11412.0,40.694294,-73.74868,"{'latitude': '40.694294', 'longitude': '-73.74868', 'human_address': '{""address"": """", ""city"": """", ""state"": """", ""zip"": """"}'}",Unspecified,Unknown,Unknown,Unknown,Unknown,Unknown,Unknown,0.0,0.0,0.0,0.0,0.0,0.0,0.0,0.0,0.0,0.0,0.0,0.0,0.0,0.0,0.0,0.0,0.0,0.0,0.0,0.0,0.0,0.0,0.0,0.0,0.0,0.0,0.0,0.0,0.0,0.0,0.0,0.0,0.0,0.0,0.0,0.0,0.0,0.0,0.0,0.0,0.0,0.0,0.0,0.0,0,11,Wednesday,6,0,0
2021-04-14,1900-01-01 20:14:00,7 AVENUE,Unknown,0,0,0,0,0,0,0,0,Driver Inattention/Distraction,Unspecified,4407765,Sedan,Sedan,Unknown,0.0,40.801285,-73.95394,"{'latitude': '40.801285', 'longitude': '-73.95394', 'human_address': '{""address"": """", ""city"": """", ""state"": """", ""zip"": """"}'}",Unknown,Unknown,Unknown,Unknown,Unknown,Unknown,Unknown,0.0,0.0,0.0,0.0,0.0,0.0,0.0,0.0,0.0,0.0,0.0,0.0,0.0,0.0,0.0,0.0,0.0,0.0,0.0,0.0,0.0,0.0,0.0,0.0,0.0,0.0,0.0,0.0,0.0,0.0,0.0,0.0,0.0,0.0,0.0,0.0,0.0,0.0,0.0,0.0,0.0,0.0,0.0,0.0,0,20,Wednesday,4,0,0
2021-04-14,1900-01-01 15:16:00,Unknown,Unknown,1,0,0,0,0,0,1,0,Passing Too Closely,Unspecified,4407821,Sedan,Sedan,BROOKLYN,11220.0,40.633976,-74.02211,"{'latitude': '40.633976', 'longitude': '-74.02211', 'human_address': '{""address"": """", ""city"": """", ""state"": """", ""zip"": """"}'}",Unknown,Unknown,459       BAY RIDGE AVENUE,Unknown,Unknown,Unknown,Unknown,0.0,0.0,0.0,0.0,0.0,0.0,0.0,0.0,0.0,0.0,0.0,0.0,0.0,0.0,0.0,0.0,0.0,0.0,0.0,0.0,0.0,0.0,0.0,0.0,0.0,0.0,0.0,0.0,0.0,0.0,0.0,0.0,0.0,0.0,0.0,0.0,0.0,0.0,0.0,0.0,0.0,0.0,0.0,0.0,1,15,Wednesday,4,0,0
2021-04-15,1900-01-01 19:30:00,GOWANUS EXPY (BQE),Unknown,0,0,0,0,0,0,0,0,Unspecified,Unknown,4407971,Sedan,Unknown,Unknown,0.0,40.670296,-73.997604,"{'latitude': '40.670296', 'longitude': '-73.997604', 'human_address': '{""address"": """", ""city"": """", ""state"": """", ""zip"": """"}'}",Unknown,Unknown,Unknown,Unknown,Unknown,Unknown,Unknown,0.0,0.0,0.0,0.0,0.0,0.0,0.0,0.0,0.0,0.0,0.0,0.0,0.0,0.0,0.0,0.0,0.0,0.0,0.0,0.0,0.0,0.0,0.0,0.0,0.0,0.0,0.0,0.0,0.0,0.0,0.0,0.0,0.0,0.0,0.0,0.0,0.0,0.0,0.0,0.0,0.0,0.0,0.0,0.0,0,19,Thursday,4,0,0
2021-04-16,1900-01-01 13:15:00,HOWARD AVENUE,BLAKE AVENUE,0,0,0,0,0,0,0,0,View Obstructed/Limited,Driver Inexperience,4408071,Station Wagon/Sport Utility Vehicle,Sedan,Unknown,0.0,40.66423,-73.919106,"{'latitude': '40.66423', 'longitude': '-73.919106', 'human_address': '{""address"": """", ""city"": """", ""state"": """", ""zip"": """"}'}",Unknown,Unknown,Unknown,Unknown,Unknown,Unknown,Unknown,0.0,0.0,0.0,0.0,0.0,0.0,0.0,0.0,0.0,0.0,0.0,0.0,0.0,0.0,0.0,0.0,0.0,0.0,0.0,0.0,0.0,0.0,0.0,0.0,0.0,0.0,0.0,0.0,0.0,0.0,0.0,0.0,0.0,0.0,0.0,0.0,0.0,0.0,0.0,0.0,0.0,0.0,0.0,0.0,0,13,Friday,4,0,0
2021-04-14,1900-01-01 21:08:00,Unknown,Unknown,0,0,0,0,0,0,0,0,Steering Failure,Unspecified,4407430,Station Wagon/Sport Utility Vehicle,Sedan,BRONX,10451.0,40.817696,-73.922615,"{'latitude': '40.817696', 'longitude': '-73.922615', 'human_address': '{""address"": """", ""city"": """", ""state"": """", ""zip"": """"}'}",Unknown,Unknown,558       MORRIS AVENUE,Unknown,Unknown,Unknown,Unknown,0.0,0.0,0.0,0.0,0.0,0.0,0.0,0.0,0.0,0.0,0.0,0.0,0.0,0.0,0.0,0.0,0.0,0.0,0.0,0.0,0.0,0.0,0.0,0.0,0.0,0.0,0.0,0.0,0.0,0.0,0.0,0.0,0.0,0.0,0.0,0.0,0.0,0.0,0.0,0.0,0.0,0.0,0.0,0.0,0,21,Wednesday,4,0,0
2021-04-13,1900-01-01 20:34:00,EASTERN PARKWAY,BUFFALO AVENUE,1,0,1,0,0,0,0,0,Failure to Yield Right-of-Way,Unknown,4408259,Sedan,Unknown,BROOKLYN,11213.0,40.668495,-73.925606,"{'latitude': '40.668495', 'longitude': '-73.925606', 'human_address': '{""address"": """", ""city"": """", ""state"": """", ""zip"": """"}'}",Unknown,Unknown,Unknown,Unknown,Unknown,Unknown,Unknown,0.0,0.0,0.0,0.0,0.0,0.0,0.0,0.0,0.0,0.0,0.0,0.0,0.0,0.0,0.0,0.0,0.0,0.0,0.0,0.0,0.0,0.0,0.0,0.0,0.0,0.0,0.0,0.0,0.0,0.0,0.0,0.0,0.0,0.0,0.0,0.0,0.0,0.0,0.0,0.0,0.0,0.0,0.0,0.0,1,20,Tuesday,4,0,0
2021-04-13,1900-01-01 14:10:00,Unknown,Unknown,0,0,0,0,0,0,0,0,Unspecified,Unknown,4407049,Sedan,Unknown,QUEENS,11434.0,40.662476,-73.768326,"{'latitude': '40.662476', 'longitude': '-73.768326', 'human_address': '{""address"": """", ""city"": """", ""state"": """", ""zip"": """"}'}",Unknown,Unknown,146-22    BREWER BOULEVARD,Unknown,Unknown,Unknown,Unknown,0.0,0.0,0.0,0.0,0.0,0.0,0.0,0.0,0.0,0.0,0.0,0.0,0.0,0.0,0.0,0.0,0.0,0.0,0.0,0.0,0.0,0.0,0.0,0.0,0.0,0.0,0.0,0.0,0.0,0.0,0.0,0.0,0.0,0.0,0.0,0.0,0.0,0.0,0.0,0.0,0.0,0.0,0.0,0.0,0,14,Tuesday,4,0,0
2021-04-14,1900-01-01 22:00:00,ROCKAWAY BOULEVARD,225 STREET,3,0,0,0,0,0,3,0,Unspecified,Unknown,4408369,Station Wagon/Sport Utility Vehicle,Unknown,Unknown,0.0,0.0,0.0,Unknown,Unknown,Unknown,Unknown,Unknown,Unknown,Unknown,Unknown,0.0,0.0,0.0,0.0,0.0,0.0,0.0,0.0,0.0,0.0,0.0,0.0,0.0,0.0,0.0,0.0,0.0,0.0,0.0,0.0,0.0,0.0,0.0,0.0,0.0,0.0,0.0,0.0,0.0,0.0,0.0,0.0,0.0,0.0,0.0,0.0,0.0,0.0,0.0,0.0,0.0,0.0,0.0,0.0,1,22,Wednesday,4,0,0
2021-04-15,1900-01-01 12:16:00,EAST TREMONT AVENUE,WHITE PLAINS ROAD,0,0,0,0,0,0,0,0,Traffic Control Disregarded,Unspecified,4407592,Station Wagon/Sport Utility Vehicle,Station Wagon/Sport Utility Vehicle,BRONX,10460.0,40.841087,-73.86447,"{'latitude': '40.841087', 'longitude': '-73.86447', 'human_address': '{""address"": """", ""city"": """", ""state"": """", ""zip"": """"}'}",Unknown,Unknown,Unknown,Unknown,Unknown,Unknown,Unknown,0.0,0.0,0.0,0.0,0.0,0.0,0.0,0.0,0.0,0.0,0.0,0.0,0.0,0.0,0.0,0.0,0.0,0.0,0.0,0.0,0.0,0.0,0.0,0.0,0.0,0.0,0.0,0.0,0.0,0.0,0.0,0.0,0.0,0.0,0.0,0.0,0.0,0.0,0.0,0.0,0.0,0.0,0.0,0.0,0,12,Thursday,4,0,0
2021-04-15,1900-01-01 18:15:00,HAVEMEYER STREET,SOUTH 5 STREET,0,0,0,0,0,0,0,0,Unspecified,Unknown,4407674,Sedan,Unknown,BROOKLYN,11211.0,40.70955,-73.95887,"{'latitude': '40.70955', 'longitude': '-73.95887', 'human_address': '{""address"": """", ""city"": """", ""state"": """", ""zip"": """"}'}",Unknown,Unknown,Unknown,Unknown,Unknown,Unknown,Unknown,0.0,0.0,0.0,0.0,0.0,0.0,0.0,0.0,0.0,0.0,0.0,0.0,0.0,0.0,0.0,0.0,0.0,0.0,0.0,0.0,0.0,0.0,0.0,0.0,0.0,0.0,0.0,0.0,0.0,0.0,0.0,0.0,0.0,0.0,0.0,0.0,0.0,0.0,0.0,0.0,0.0,0.0,0.0,0.0,0,18,Thursday,4,1,0
2021-04-15,1900-01-01 19:30:00,LONG ISLAND EXPRESSWAY,Unknown,1,0,0,0,0,0,1,0,Passing or Lane Usage Improper,Unspecified,4407708,Sedan,Sedan,Unknown,0.0,40.733376,-73.86665,"{'latitude': '40.733376', 'longitude': '-73.86665', 'human_address': '{""address"": """", ""city"": """", ""state"": """", ""zip"": """"}'}",Unknown,Unknown,Unknown,Unknown,Unknown,Unknown,Unknown,0.0,0.0,0.0,0.0,0.0,0.0,0.0,0.0,0.0,0.0,0.0,0.0,0.0,0.0,0.0,0.0,0.0,0.0,0.0,0.0,0.0,0.0,0.0,0.0,0.0,0.0,0.0,0.0,0.0,0.0,0.0,0.0,0.0,0.0,0.0,0.0,0.0,0.0,0.0,0.0,0.0,0.0,0.0,0.0,1,19,Thursday,4,0,0
2021-04-14,1900-01-01 21:04:00,Unknown,Unknown,1,0,0,0,0,0,1,0,Drugs (illegal),Unspecified,4408396,Station Wagon/Sport Utility Vehicle,Station Wagon/Sport Utility Vehicle,BROOKLYN,11206.0,40.700356,-73.95732,"{'latitude': '40.700356', 'longitude': '-73.95732', 'human_address': '{""address"": """", ""city"": """", ""state"": """", ""zip"": """"}'}",Unknown,Unknown,693       BEDFORD AVENUE,Unknown,Unknown,Unknown,Unknown,0.0,0.0,0.0,0.0,0.0,0.0,0.0,0.0,0.0,0.0,0.0,0.0,0.0,0.0,0.0,0.0,0.0,0.0,0.0,0.0,0.0,0.0,0.0,0.0,0.0,0.0,0.0,0.0,0.0,0.0,0.0,0.0,0.0,0.0,0.0,0.0,0.0,0.0,0.0,0.0,0.0,0.0,0.0,0.0,1,21,Wednesday,4,0,0
2021-04-14,1900-01-01 01:40:00,BRONX RIVER PARKWAY,Unknown,0,0,0,0,0,0,0,0,Other Vehicular,Unsafe Speed,4407152,Sedan,Sedan,Unknown,0.0,40.83801,-73.87329,"{'latitude': '40.83801', 'longitude': '-73.87329', 'human_address': '{""address"": """", ""city"": """", ""state"": """", ""zip"": """"}'}",Unknown,Unknown,Unknown,Unknown,Unknown,Unknown,Unknown,0.0,0.0,0.0,0.0,0.0,0.0,0.0,0.0,0.0,0.0,0.0,0.0,0.0,0.0,0.0,0.0,0.0,0.0,0.0,0.0,0.0,0.0,0.0,0.0,0.0,0.0,0.0,0.0,0.0,0.0,0.0,0.0,0.0,0.0,0.0,0.0,0.0,0.0,0.0,0.0,0.0,0.0,0.0,0.0,0,1,Wednesday,4,0,0
2021-04-16,1900-01-01 18:00:00,BELT PARKWAY,Unknown,0,0,0,0,0,0,0,0,Reaction to Uninvolved Vehicle,Unspecified,4407862,Sedan,Station Wagon/Sport Utility Vehicle,Unknown,0.0,40.66584,-73.75551,"{'latitude': '40.66584', 'longitude': '-73.75551', 'human_address': '{""address"": """", ""city"": """", ""state"": """", ""zip"": """"}'}",Unknown,Unknown,Unknown,Unknown,Unknown,Unknown,Unknown,0.0,0.0,0.0,0.0,0.0,0.0,0.0,0.0,0.0,0.0,0.0,0.0,0.0,0.0,0.0,0.0,0.0,0.0,0.0,0.0,0.0,0.0,0.0,0.0,0.0,0.0,0.0,0.0,0.0,0.0,0.0,0.0,0.0,0.0,0.0,0.0,0.0,0.0,0.0,0.0,0.0,0.0,0.0,0.0,0,18,Friday,4,1,0
2021-04-14,1900-01-01 08:30:00,WHITESTONE EXPRESSWAY,Unknown,0,0,0,0,0,0,0,0,Following Too Closely,Unspecified,4407435,Sedan,Station Wagon/Sport Utility Vehicle,Unknown,0.0,0.0,0.0,Unknown,Unknown,Unknown,Unknown,Unknown,Unknown,Unknown,Unknown,0.0,0.0,0.0,0.0,0.0,0.0,0.0,0.0,0.0,0.0,0.0,0.0,0.0,0.0,0.0,0.0,0.0,0.0,0.0,0.0,0.0,0.0,0.0,0.0,0.0,0.0,0.0,0.0,0.0,0.0,0.0,0.0,0.0,0.0,0.0,0.0,0.0,0.0,0.0,0.0,0.0,0.0,0.0,0.0,0,8,Wednesday,4,1,0
2021-04-15,1900-01-01 12:05:00,BELL BOULEVARD,Unknown,1,0,1,0,0,0,0,0,Driver Inattention/Distraction,Unknown,4407636,Station Wagon/Sport Utility Vehicle,Unknown,Unknown,0.0,40.761436,-73.76995,"{'latitude': '40.761436', 'longitude': '-73.76995', 'human_address': '{""address"": """", ""city"": """", ""state"": """", ""zip"": """"}'}",Unknown,Unknown,Unknown,Unknown,Unknown,Unknown,Unknown,0.0,0.0,0.0,0.0,0.0,0.0,0.0,0.0,0.0,0.0,0.0,0.0,0.0,0.0,0.0,0.0,0.0,0.0,0.0,0.0,0.0,0.0,0.0,0.0,0.0,0.0,0.0,0.0,0.0,0.0,0.0,0.0,0.0,0.0,0.0,0.0,0.0,0.0,0.0,0.0,0.0,0.0,0.0,0.0,1,12,Thursday,4,0,0
2021-04-16,1900-01-01 11:00:00,Unknown,Unknown,1,0,0,0,1,0,0,0,Turning Improperly,Unspecified,4407792,Station Wagon/Sport Utility Vehicle,Bike,QUEENS,11368.0,40.74958,-73.86541,"{'latitude': '40.74958', 'longitude': '-73.86541', 'human_address': '{""address"": """", ""city"": """", ""state"": """", ""zip"": """"}'}",Unknown,Unknown,100-10    ROOSEVELT AVENUE,Unknown,Unknown,Unknown,Unknown,0.0,0.0,0.0,0.0,0.0,0.0,0.0,0.0,0.0,0.0,0.0,0.0,0.0,0.0,0.0,0.0,0.0,0.0,0.0,0.0,0.0,0.0,0.0,0.0,0.0,0.0,0.0,0.0,0.0,0.0,0.0,0.0,0.0,0.0,0.0,0.0,0.0,0.0,0.0,0.0,0.0,0.0,0.0,0.0,1,11,Friday,4,0,0
2021-04-16,1900-01-01 17:00:00,73 AVENUE,184 STREET,5,0,0,0,0,0,5,0,Traffic Control Disregarded,Unspecified,4407853,Sedan,Station Wagon/Sport Utility Vehicle,QUEENS,11366.0,40.73197,-73.78651,"{'latitude': '40.73197', 'longitude': '-73.78651', 'human_address': '{""address"": """", ""city"": """", ""state"": """", ""zip"": """"}'}",Unknown,Unknown,Unknown,Unknown,Unknown,Unknown,Unknown,0.0,0.0,0.0,0.0,0.0,0.0,0.0,0.0,0.0,0.0,0.0,0.0,0.0,0.0,0.0,0.0,0.0,0.0,0.0,0.0,0.0,0.0,0.0,0.0,0.0,0.0,0.0,0.0,0.0,0.0,0.0,0.0,0.0,0.0,0.0,0.0,0.0,0.0,0.0,0.0,0.0,0.0,0.0,0.0,1,17,Friday,4,1,0
2021-04-16,1900-01-01 12:00:00,VAN WYCK EXPWY,Unknown,0,0,0,0,0,0,0,0,Unspecified,Unspecified,4408205,Box Truck,Dump,Unknown,0.0,40.76249,-73.839584,"{'latitude': '40.76249', 'longitude': '-73.839584', 'human_address': '{""address"": """", ""city"": """", ""state"": """", ""zip"": """"}'}",Unknown,Unknown,Unknown,Unknown,Unknown,Unknown,Unknown,0.0,0.0,0.0,0.0,0.0,0.0,0.0,0.0,0.0,0.0,0.0,0.0,0.0,0.0,0.0,0.0,0.0,0.0,0.0,0.0,0.0,0.0,0.0,0.0,0.0,0.0,0.0,0.0,0.0,0.0,0.0,0.0,0.0,0.0,0.0,0.0,0.0,0.0,0.0,0.0,0.0,0.0,0.0,0.0,0,12,Friday,4,0,0
2021-04-16,1900-01-01 20:27:00,140 AVENUE,155 STREET,0,0,0,0,0,0,0,0,Unspecified,Unknown,4407945,Sedan,Unknown,Unknown,0.0,40.668507,-73.779625,"{'latitude': '40.668507', 'longitude': '-73.779625', 'human_address': '{""address"": """", ""city"": """", ""state"": """", ""zip"": """"}'}",Unknown,Unknown,Unknown,Unknown,Unknown,Unknown,Unknown,0.0,0.0,0.0,0.0,0.0,0.0,0.0,0.0,0.0,0.0,0.0,0.0,0.0,0.0,0.0,0.0,0.0,0.0,0.0,0.0,0.0,0.0,0.0,0.0,0.0,0.0,0.0,0.0,0.0,0.0,0.0,0.0,0.0,0.0,0.0,0.0,0.0,0.0,0.0,0.0,0.0,0.0,0.0,0.0,0,20,Friday,4,0,0
2021-04-15,1900-01-01 18:25:00,Unknown,Unknown,0,0,0,0,0,0,0,0,Unspecified,Unspecified,4408118,Sedan,Station Wagon/Sport Utility Vehicle,BROOKLYN,11203.0,40.638268,-73.93187,"{'latitude': '40.638268', 'longitude': '-73.93187', 'human_address': '{""address"": """", ""city"": """", ""state"": """", ""zip"": """"}'}",Unknown,Unknown,1411      SCHENECTADY AVENUE,Unknown,Unknown,Unknown,Unknown,0.0,0.0,0.0,0.0,0.0,0.0,0.0,0.0,0.0,0.0,0.0,0.0,0.0,0.0,0.0,0.0,0.0,0.0,0.0,0.0,0.0,0.0,0.0,0.0,0.0,0.0,0.0,0.0,0.0,0.0,0.0,0.0,0.0,0.0,0.0,0.0,0.0,0.0,0.0,0.0,0.0,0.0,0.0,0.0,0,18,Thursday,4,1,0
2021-04-12,1900-01-01 16:08:00,BROADWAY,STUYVESANT AVENUE,1,0,0,0,0,0,1,0,Unspecified,Unspecified,4408242,Station Wagon/Sport Utility Vehicle,Station Wagon/Sport Utility Vehicle,BROOKLYN,11221.0,40.696735,-73.93481,"{'latitude': '40.696735', 'longitude': '-73.93481', 'human_address': '{""address"": """", ""city"": """", ""state"": """", ""zip"": """"}'}",Unknown,Unknown,Unknown,Unknown,Unknown,Unknown,Unknown,0.0,0.0,0.0,0.0,0.0,0.0,0.0,0.0,0.0,0.0,0.0,0.0,0.0,0.0,0.0,0.0,0.0,0.0,0.0,0.0,0.0,0.0,0.0,0.0,0.0,0.0,0.0,0.0,0.0,0.0,0.0,0.0,0.0,0.0,0.0,0.0,0.0,0.0,0.0,0.0,0.0,0.0,0.0,0.0,1,16,Monday,4,1,0
2021-04-14,1900-01-01 11:55:00,BRONX RIVER PARKWAY,Unknown,0,0,0,0,0,0,0,0,Aggressive Driving/Road Rage,Unspecified,4407563,Sedan,Unknown,Unknown,0.0,40.870823,-73.8721,"{'latitude': '40.870823', 'longitude': '-73.8721', 'human_address': '{""address"": """", ""city"": """", ""state"": """", ""zip"": """"}'}",Unknown,Unknown,Unknown,Unknown,Unknown,Unknown,Unknown,0.0,0.0,0.0,0.0,0.0,0.0,0.0,0.0,0.0,0.0,0.0,0.0,0.0,0.0,0.0,0.0,0.0,0.0,0.0,0.0,0.0,0.0,0.0,0.0,0.0,0.0,0.0,0.0,0.0,0.0,0.0,0.0,0.0,0.0,0.0,0.0,0.0,0.0,0.0,0.0,0.0,0.0,0.0,0.0,0,11,Wednesday,4,0,0
2021-04-14,1900-01-01 01:30:00,WEST 35 STREET,Unknown,0,0,0,0,0,0,0,0,Driver Inattention/Distraction,Unspecified,4408098,Sedan,Sedan,Unknown,0.0,40.574867,-74.00069,"{'latitude': '40.574867', 'longitude': '-74.00069', 'human_address': '{""address"": """", ""city"": """", ""state"": """", ""zip"": """"}'}",Unknown,Unknown,Unknown,Unknown,Unknown,Unknown,Unknown,0.0,0.0,0.0,0.0,0.0,0.0,0.0,0.0,0.0,0.0,0.0,0.0,0.0,0.0,0.0,0.0,0.0,0.0,0.0,0.0,0.0,0.0,0.0,0.0,0.0,0.0,0.0,0.0,0.0,0.0,0.0,0.0,0.0,0.0,0.0,0.0,0.0,0.0,0.0,0.0,0.0,0.0,0.0,0.0,0,1,Wednesday,4,0,0
2021-04-14,1900-01-01 03:25:00,BRONX RIVER PARKWAY,Unknown,3,0,0,0,0,0,3,0,Unsafe Speed,Unknown,4407169,Station Wagon/Sport Utility Vehicle,Unknown,Unknown,0.0,40.866577,-73.8722,"{'latitude': '40.866577', 'longitude': '-73.8722', 'human_address': '{""address"": """", ""city"": """", ""state"": """", ""zip"": """"}'}",Unknown,Unknown,Unknown,Unknown,Unknown,Unknown,Unknown,0.0,0.0,0.0,0.0,0.0,0.0,0.0,0.0,0.0,0.0,0.0,0.0,0.0,0.0,0.0,0.0,0.0,0.0,0.0,0.0,0.0,0.0,0.0,0.0,0.0,0.0,0.0,0.0,0.0,0.0,0.0,0.0,0.0,0.0,0.0,0.0,0.0,0.0,0.0,0.0,0.0,0.0,0.0,0.0,1,3,Wednesday,4,0,0
2021-04-16,1900-01-01 08:05:00,24 STREET,24 AVENUE,1,0,0,0,0,0,1,0,Following Too Closely,Unspecified,4407798,Station Wagon/Sport Utility Vehicle,Sedan,QUEENS,11102.0,40.775414,-73.91984,"{'latitude': '40.775414', 'longitude': '-73.91984', 'human_address': '{""address"": """", ""city"": """", ""state"": """", ""zip"": """"}'}",Unknown,Unknown,Unknown,Unknown,Unknown,Unknown,Unknown,0.0,0.0,0.0,0.0,0.0,0.0,0.0,0.0,0.0,0.0,0.0,0.0,0.0,0.0,0.0,0.0,0.0,0.0,0.0,0.0,0.0,0.0,0.0,0.0,0.0,0.0,0.0,0.0,0.0,0.0,0.0,0.0,0.0,0.0,0.0,0.0,0.0,0.0,0.0,0.0,0.0,0.0,0.0,0.0,1,8,Friday,4,1,0
2021-04-15,1900-01-01 20:13:00,EAST TREMONT AVENUE,PARK AVENUE,1,0,1,0,0,0,0,0,Driver Inattention/Distraction,Unknown,4407797,Unknown,Unknown,BRONX,10457.0,40.84744,-73.89968,"{'latitude': '40.84744', 'longitude': '-73.89968', 'human_address': '{""address"": """", ""city"": """", ""state"": """", ""zip"": """"}'}",Unknown,Unknown,Unknown,Unknown,Unknown,Unknown,Unknown,0.0,0.0,0.0,0.0,0.0,0.0,0.0,0.0,0.0,0.0,0.0,0.0,0.0,0.0,0.0,0.0,0.0,0.0,0.0,0.0,0.0,0.0,0.0,0.0,0.0,0.0,0.0,0.0,0.0,0.0,0.0,0.0,0.0,0.0,0.0,0.0,0.0,0.0,0.0,0.0,0.0,0.0,0.0,0.0,1,20,Thursday,4,0,0
2021-04-14,1900-01-01 16:30:00,ARMSTRONG AVENUE,SYCAMORE STREET,2,0,0,0,0,0,2,0,Failure to Yield Right-of-Way,Unspecified,4407349,Station Wagon/Sport Utility Vehicle,Sedan,STATEN ISLAND,10308.0,40.542908,-74.15579,"{'latitude': '40.542908', 'longitude': '-74.15579', 'human_address': '{""address"": """", ""city"": """", ""state"": """", ""zip"": """"}'}",Unspecified,Sedan,Unknown,Unspecified,Sedan,Unknown,Unknown,0.0,0.0,0.0,0.0,0.0,0.0,0.0,0.0,0.0,0.0,0.0,0.0,0.0,0.0,0.0,0.0,0.0,0.0,0.0,0.0,0.0,0.0,0.0,0.0,0.0,0.0,0.0,0.0,0.0,0.0,0.0,0.0,0.0,0.0,0.0,0.0,0.0,0.0,0.0,0.0,0.0,0.0,0.0,0.0,1,16,Wednesday,4,1,0
2021-04-14,1900-01-01 20:15:00,CLINTONVILLE STREET,Unknown,0,0,0,0,0,0,0,0,Passing Too Closely,Unspecified,4407994,Station Wagon/Sport Utility Vehicle,Station Wagon/Sport Utility Vehicle,Unknown,0.0,40.78468,-73.80911,"{'latitude': '40.78468', 'longitude': '-73.80911', 'human_address': '{""address"": """", ""city"": """", ""state"": """", ""zip"": """"}'}",Unspecified,Unknown,Unknown,Unknown,Unknown,Unknown,Unknown,0.0,0.0,0.0,0.0,0.0,0.0,0.0,0.0,0.0,0.0,0.0,0.0,0.0,0.0,0.0,0.0,0.0,0.0,0.0,0.0,0.0,0.0,0.0,0.0,0.0,0.0,0.0,0.0,0.0,0.0,0.0,0.0,0.0,0.0,0.0,0.0,0.0,0.0,0.0,0.0,0.0,0.0,0.0,0.0,0,20,Wednesday,4,0,0
2021-04-15,1900-01-01 16:37:00,Unknown,Unknown,1,0,1,0,0,0,0,0,Driver Inattention/Distraction,Unknown,4408032,Sedan,Unknown,BROOKLYN,11210.0,40.632416,-73.94724,"{'latitude': '40.632416', 'longitude': '-73.94724', 'human_address': '{""address"": """", ""city"": """", ""state"": """", ""zip"": """"}'}",Unknown,Unknown,1582      FLATBUSH AVENUE,Unknown,Unknown,Unknown,Unknown,0.0,0.0,0.0,0.0,0.0,0.0,0.0,0.0,0.0,0.0,0.0,0.0,0.0,0.0,0.0,0.0,0.0,0.0,0.0,0.0,0.0,0.0,0.0,0.0,0.0,0.0,0.0,0.0,0.0,0.0,0.0,0.0,0.0,0.0,0.0,0.0,0.0,0.0,0.0,0.0,0.0,0.0,0.0,0.0,1,16,Thursday,4,1,0
2021-04-15,1900-01-01 06:05:00,METROPOLITAN AVENUE,STEWART AVENUE,1,0,0,0,0,0,1,0,Driver Inattention/Distraction,Driver Inattention/Distraction,4407478,Sedan,Sedan,BROOKLYN,11237.0,40.714207,-73.92817,"{'latitude': '40.714207', 'longitude': '-73.92817', 'human_address': '{""address"": """", ""city"": """", ""state"": """", ""zip"": """"}'}",Unknown,Unknown,Unknown,Unknown,Unknown,Unknown,Unknown,0.0,0.0,0.0,0.0,0.0,0.0,0.0,0.0,0.0,0.0,0.0,0.0,0.0,0.0,0.0,0.0,0.0,0.0,0.0,0.0,0.0,0.0,0.0,0.0,0.0,0.0,0.0,0.0,0.0,0.0,0.0,0.0,0.0,0.0,0.0,0.0,0.0,0.0,0.0,0.0,0.0,0.0,0.0,0.0,1,6,Thursday,4,0,0