crash_date,crash_time,on_street_name,off_street_name,number_of_persons_injured,number_of_persons_killed,number_of_pedestrians_injured,number_of_pedestrians_killed,number_of_cyclist_injured,number_of_cyclist_killed,number_of_motorist_injured,number_of_motorist_killed,contributing_factor_vehicle_1,contributing_factor_vehicle_2,collision_id,vehicle_type_code1,vehicle_type_code2,borough,zip_code,latitude,longitude,location,contributing_factor_vehicle_3,vehicle_type_code_3,cross_street_name,contributing_factor_vehicle_4,vehicle_type_code_4,contributing_factor_vehicle_5,vehicle_type_code_5,unique_id,crash_date_veh,crash_time_veh,vehicle_id,state_registration,vehicle_type,contributing_factor_1,vehicle_make,vehicle_year,travel_direction,vehicle_occupants,driver_sex,driver_license_status,driver_license_jurisdiction,pre_crash,point_of_impact,vehicle_damage,public_property_damage,contributing_factor_2,vehicle_damage_1,vehicle_damage_2,vehicle_damage_3,vehicle_model,public_property_damage_type,unique_id_pers,crash_date_pers,crash_time_pers,person_id,person_type,person_injury,vehicle_id_pers,ped_role,person_sex,person_age,ejection,emotional_status,bodily_injury,position_in_vehicle,safety_equipment,complaint,ped_location,ped_action,contributing_factor_1_pers,contributing_factor_2_pers,injury_occurred,crash_hour,day_of_week,month,rush_hour,is_weekend
2021-04-16,1900-01-01 08:40:00,ELIOT AVENUE,85 STREET,1,0,1,0,0,0,0,0,Failure to Yield Right-of-Way,Unknown,4407924,Sedan,Unknown,QUEENS,11379.0,40.727913,-73.873245,"{'latitude': '40.727913', 'longitude': '-73.873245', 'human_address': '{""address"": """", ""city"": """", ""state"": """", ""zip"": """"}'}",Unknown,Unknown,Unknown,Unknown,Unknown,Unknown,Unknown,0.0,0.0,0.0,0.0,0.0,0.0,0.0,0.0,0.0,0.0,0.0,0.0,0.0,0.0,0.0,0.0,0.0,0.0,0.0,0.0,0.0,0.0,0.0,0.0,0.0,0.0,0.0,0.0,0.0,0.0,0.0,0.0,0.0,0.0,0.0,0.0,0.0,0.0,0.0,0.0,0.0,0.0,0.0,0.0,1,8,Friday,4,1,0
2021-04-15,1900-01-01 20:15:00,Unknown,Unknown,0,0,0,0,0,0,0,0,Turning Improperly,Unknown,4408315,Ambulance,Unknown,BRONX,10461.0,40.854485,-73.854645,"{'latitude': '40.854485', 'longitude': '-73.854645', 'human_address': '{""address"": """", ""city"": """", ""state"": """", ""zip"": """"}'}",Unknown,Unknown,2013      WILLIAMSBRIDGE ROAD,Unknown,Unknown,Unknown,Unknown,0.0,0.0,0.0,0.0,0.0,0.0,0.0,0.0,0.0,0.0,0.0,0.0,0.0,0.0,0.0,0.0,0.0,0.0,0.0,0.0,0.0,0.0,0.0,0.0,0.0,0.0,0.0,0.0,0.0,0.0,0.0,0.0,0.0,0.0,0.0,0.0,0.0,0.0,0.0,0.0,0.0,0.0,0.0,0.0,0,20,Thursday,4,0,0
2021-04-13,1900-01-01 23:00:00,Unknown,Unknown,0,0,0,0,0,0,0,0,Driver Inattention/Distraction,Unspecified,4407892,Sedan,Unknown,BROOKLYN,11237.0,40.698986,-73.91671,"{'latitude': '40.698986', 'longitude': '-73.91671', 'human_address': '{""address"": """", ""city"": """", ""state"": """", ""zip"": """"}'}",Unknown,Unknown,1479      MYRTLE AVENUE,Unknown,Unknown,Unknown,Unknown,0.0,0.0,0.0,0.0,0.0,0.0,0.0,0.0,0.0,0.0,0.0,0.0,0.0,0.0,0.0,0.0,0.0,0.0,0.0,0.0,0.0,0.0,0.0,0.0,0.0,0.0,0.0,0.0,0.0,0.0,0.0,0.0,0.0,0.0,0.0,0.0,0.0,0.0,0.0,0.0,0.0,0.0,0.0,0.0,0,23,Tuesday,4,0,0
2021-04-16,1900-01-01 20:55:00,Unknown,Unknown,0,0,0,0,0,0,0,0,Driver Inattention/Distraction,Unspecified,4408280,Sedan,Station Wagon/Sport Utility Vehicle,MANHATTAN,10032.0,40.841717,-73.94435,"{'latitude': '40.841717', 'longitude': '-73.94435', 'human_address': '{""address"": """", ""city"": """", ""state"": """", ""zip"": """"}'}",Unknown,Unknown,1051      RIVERSIDE DRIVE,Unknown,Unknown,Unknown,Unknown,0.0,0.0,0.0,0.0,0.0,0.0,0.0,0.0,0.0,0.0,0.0,0.0,0.0,0.0,0.0,0.0,0.0,0.0,0.0,0.0,0.0,0.0,0.0,0.0,0.0,0.0,0.0,0.0,0.0,0.0,0.0,0.0,0.0,0.0,0.0,0.0,0.0,0.0,0.0,0.0,0.0,0.0,0.0,0.0,0,20,Friday,4,0,0
2021-04-15,1900-01-01 17:25:00,Unknown,Unknown,0,0,0,0,0,0,0,0,Unspecified,Unknown,4408403,Sedan,Unknown,BRONX,10475.0,40.861687,-73.82435,"{'latitude': '40.861687', 'longitude': '-73.82435', 'human_address': '{""address"": """", ""city"": """", ""state"": """", ""zip"": """"}'}",Unknown,Unknown,2400      HUNTER AVENUE,Unknown,Unknown,Unknown,Unknown,0.0,0.0,0.0,0.0,0.0,0.0,0.0,0.0,0.0,0.0,0.0,0.0,0.0,0.0,0.0,0.0,0.0,0.0,0.0,0.0,0.0,0.0,0.0,0.0,0.0,0.0,0.0,0.0,0.0,0.0,0.0,0.0,0.0,0.0,0.0,0.0,0.0,0.0,0.0,0.0,0.0,0.0,0.0,0.0,0,17,Thursday,4,1,0
2021-04-16,1900-01-01 06:45:00,BUSHWICK AVENUE,GROVE STREET,0,0,0,0,0,0,0,0,Reaction to Uninvolved Vehicle,Driver Inattention/Distraction,4407753,Station Wagon/Sport Utility Vehicle,Garbage or Refuse,BROOKLYN,11221.0,40.691822,-73.92223,"{'latitude': '40.691822', 'longitude': '-73.92223', 'human_address': '{""address"": """", ""city"": """", ""state"": """", ""zip"": """"}'}",Unknown,Unknown,Unknown,Unknown,Unknown,Unknown,Unknown,0.0,0.0,0.0,0.0,0.0,0.0,0.0,0.0,0.0,0.0,0.0,0.0,0.0,0.0,0.0,0.0,0.0,0.0,0.0,0.0,0.0,0.0,0.0,0.0,0.0,0.0,0.0,0.0,0.0,0.0,0.0,0.0,0.0,0.0,0.0,0.0,0.0,0.0,0.0,0.0,0.0,0.0,0.0,0.0,0,6,Friday,4,0,0
2021-04-10,1900-01-01 12:00:00,WEST 180 STREET,ANDREWS AVENUE,0,0,0,0,0,0,0,0,Unspecified,Unspecified,4408003,Sedan,Station Wagon/Sport Utility Vehicle,BRONX,10453.0,40.856014,-73.91213,"{'latitude': '40.856014', 'longitude': '-73.91213', 'human_address': '{""address"": """", ""city"": """", ""state"": """", ""zip"": """"}'}",Unspecified,Sedan,Unknown,Unknown,Unknown,Unknown,Unknown,0.0,0.0,0.0,0.0,0.0,0.0,0.0,0.0,0.0,0.0,0.0,0.0,0.0,0.0,0.0,0.0,0.0,0.0,0.0,0.0,0.0,0.0,0.0,0.0,0.0,0.0,0.0,0.0,0.0,0.0,0.0,0.0,0.0,0.0,0.0,0.0,0.0,0.0,0.0,0.0,0.0,0.0,0.0,0.0,0,12,Saturday,4,0,1
2021-04-14,1900-01-01 15:53:00,GERARD AVENUE,Unknown,0,0,0,0,0,0,0,0,Reaction to Uninvolved Vehicle,Unspecified,4407497,Station Wagon/Sport Utility Vehicle,Station Wagon/Sport Utility Vehicle,Unknown,0.0,40.83383,-73.921234,"{'latitude': '40.83383', 'longitude': '-73.921234', 'human_address': '{""address"": """", ""city"": """", ""state"": """", ""zip"": """"}'}",Unspecified,Station Wagon/Sport Utility Vehicle,Unknown,Unknown,Unknown,Unknown,Unknown,0.0,0.0,0.0,0.0,0.0,0.0,0.0,0.0,0.0,0.0,0.0,0.0,0.0,0.0,0.0,0.0,0.0,0.0,0.0,0.0,0.0,0.0,0.0,0.0,0.0,0.0,0.0,0.0,0.0,0.0,0.0,0.0,0.0,0.0,0.0,0.0,0.0,0.0,0.0,0.0,0.0,0.0,0.0,0.0,0,15,Wednesday,4,0,0
2021-04-09,1900-01-01 17:00:00,MADISON STREET,Unknown,0,0,0,0,0,0,0,0,Backing Unsafely,Unspecified,4408229,Station Wagon/Sport Utility Vehicle,Unknown,Unknown,0.0,40.68781,-73.9237,"{'latitude': '40.68781', 'longitude': '-73.9237', 'human_address': '{""address"": """", ""city"": """", ""state"": """", ""zip"": """"}'}",Unknown,Unknown,Unknown,Unknown,Unknown,Unknown,Unknown,0.0,0.0,0.0,0.0,0.0,0.0,0.0,0.0,0.0,0.0,0.0,0.0,0.0,0.0,0.0,0.0,0.0,0.0,0.0,0.0,0.0,0.0,0.0,0.0,0.0,0.0,0.0,0.0,0.0,0.0,0.0,0.0,0.0,0.0,0.0,0.0,0.0,0.0,0.0,0.0,0.0,0.0,0.0,0.0,0,17,Friday,4,1,0
2021-04-14,1900-01-01 19:10:00,STORY STREET,CHURCH AVENUE,0,0,0,0,0,0,0,0,Unspecified,Unspecified,4407525,Sedan,Station Wagon/Sport Utility Vehicle,BROOKLYN,11218.0,40.642044,-73.98124,"{'latitude': '40.642044', 'longitude': '-73.98124', 'human_address': '{""address"": """", ""city"": """", ""state"": """", ""zip"": """"}'}",Unknown,Unknown,Unknown,Unknown,Unknown,Unknown,Unknown,0.0,0.0,0.0,0.0,0.0,0.0,0.0,0.0,0.0,0.0,0.0,0.0,0.0,0.0,0.0,0.0,0.0,0.0,0.0,0.0,0.0,0.0,0.0,0.0,0.0,0.0,0.0,0.0,0.0,0.0,0.0,0.0,0.0,0.0,0.0,0.0,0.0,0.0,0.0,0.0,0.0,0.0,0.0,0.0,0,19,Wednesday,4,0,0
2021-04-16,1900-01-01 13:55:00,COOPER AVENUE,64 PLACE,0,0,0,0,0,0,0,0,Unsafe Speed,Failure to Yield Right-of-Way,4407817,Station Wagon/Sport Utility Vehicle,Station Wagon/Sport Utility Vehicle,QUEENS,11385.0,40.69814,-73.89111,"{'latitude': '40.69814', 'longitude': '-73.89111', 'human_address': '{""address"": """", ""city"": """", ""state"": """", ""zip"": """"}'}",Unknown,Unknown,Unknown,Unknown,Unknown,Unknown,Unknown,0.0,0.0,0.0,0.0,0.0,0.0,0.0,0.0,0.0,0.0,0.0,0.0,0.0,0.0,0.0,0.0,0.0,0.0,0.0,0.0,0.0,0.0,0.0,0.0,0.0,0.0,0.0,0.0,0.0,0.0,0.0,0.0,0.0,0.0,0.0,0.0,0.0,0.0,0.0,0.0,0.0,0.0,0.0,0.0,0,13,Friday,4,0,0
2021-04-14,1900-01-01 00:00:00,KINGS HIGHWAY,BEVERLEY ROAD,2,0,0,0,0,0,2,0,Driver Inattention/Distraction,Unspecified,4407539,Station Wagon/Sport Utility Vehicle,PK,BROOKLYN,11203.0,40.64664,-73.9246,"{'latitude': '40.64664', 'longitude': '-73.9246', 'human_address': '{""address"": """", ""city"": """", ""state"": """", ""zip"": """"}'}",Unknown,Unknown,Unknown,Unknown,Unknown,Unknown,Unknown,0.0,0.0,0.0,0.0,0.0,0.0,0.0,0.0,0.0,0.0,0.0,0.0,0.0,0.0,0.0,0.0,0.0,0.0,0.0,0.0,0.0,0.0,0.0,0.0,0.0,0.0,0.0,0.0,0.0,0.0,0.0,0.0,0.0,0.0,0.0,0.0,0.0,0.0,0.0,0.0,0.0,0.0,0.0,0.0,1,0,Wednesday,4,0,0
2021-09-11,1900-01-01 20:00:00,MURDOCK AVENUE,223 STREET,0,0,0,0,0,0,0,0,Unspecified,Unspecified,4455944,Sedan,Sedan,QUEENS,11429.0,40.703217,-73.73427,"{'latitude': '40.703217', 'longitude': '-73.73427', 'human_address': '{""address"": """", ""city"": """", ""state"": """", ""zip"": """"}'}",Unknown,Unknown,Unknown,Unknown,Unknown,Unknown,Unknown,0.0,0.0,0.0,0.0,0.0,0.0,0.0,0.0,0.0,0.0,0.0,0.0,0.0,0.0,0.0,0.0,0.0,0.0,0.0,0.0,0.0,0.0,0.0,0.0,0.0,0.0,0.0,0.0,0.0,0.0,0.0,0.0,0.0,0.0,0.0,0.0,0.0,0.0,0.0,0.0,0.0,0.0,0.0,0.0,0,20,Saturday,9,0,1
2021-04-16,1900-01-01 16:00:00,ARLINGTON PLACE,Unknown,0,0,0,0,0,0,0,0,Driver Inattention/Distraction,Unspecified,4408306,Sedan,Station Wagon/Sport Utility Vehicle,Unknown,0.0,40.680897,-73.95118,"{'latitude': '40.680897', 'longitude': '-73.95118', 'human_address': '{""address"": """", ""city"": """", ""state"": """", ""zip"": """"}'}",Unknown,Unknown,Unknown,Unknown,Unknown,Unknown,Unknown,0.0,0.0,0.0,0.0,0.0,0.0,0.0,0.0,0.0,0.0,0.0,0.0,0.0,0.0,0.0,0.0,0.0,0.0,0.0,0.0,0.0,0.0,0.0,0.0,0.0,0.0,0.0,0.0,0.0,0.0,0.0,0.0,0.0,0.0,0.0,0.0,0.0,0.0,0.0,0.0,0.0,0.0,0.0,0.0,0,16,Friday,4,1,0
2021-04-15,1900-01-01 22:25:00,WEST 42 STREET,11 AVENUE,1,0,1,0,0,0,0,0,Failure to Yield Right-of-Way,Unknown,4407830,Sedan,Unknown,MANHATTAN,10036.0,40.760822,-73.99832,"{'latitude': '40.760822', 'longitude': '-73.99832', 'human_address': '{""address"": """", ""city"": """", ""state"": """", ""zip"": """"}'}",Unknown,Unknown,Unknown,Unknown,Unknown,Unknown,Unknown,0.0,0.0,0.0,0.0,0.0,0.0,0.0,0.0,0.0,0.0,0.0,0.0,0.0,0.0,0.0,0.0,0.0,0.0,0.0,0.0,0.0,0.0,0.0,0.0,0.0,0.0,0.0,0.0,0.0,0.0,0.0,0.0,0.0,0.0,0.0,0.0,0.0,0.0,0.0,0.0,0.0,0.0,0.0,0.0,1,22,Thursday,4,0,0
2021-04-14,1900-01-01 10:09:00,2 AVENUE,EAST 36 STREET,0,0,0,0,0,0,0,0,Unspecified,Unspecified,4407282,Tow Truck / Wrecker,Dump,MANHATTAN,10016.0,40.74608,-73.974945,"{'latitude': '40.74608', 'longitude': '-73.974945', 'human_address': '{""address"": """", ""city"": """", ""state"": """", ""zip"": """"}'}",Unknown,Unknown,Unknown,Unknown,Unknown,Unknown,Unknown,0.0,0.0,0.0,0.0,0.0,0.0,0.0,0.0,0.0,0.0,0.0,0.0,0.0,0.0,0.0,0.0,0.0,0.0,0.0,0.0,0.0,0.0,0.0,0.0,0.0,0.0,0.0,0.0,0.0,0.0,0.0,0.0,0.0,0.0,0.0,0.0,0.0,0.0,0.0,0.0,0.0,0.0,0.0,0.0,0,10,Wednesday,4,0,0
2021-04-16,1900-01-01 00:01:00,FORT HAMILTON PARKWAY,74 STREET,0,0,0,0,0,0,0,0,Driver Inexperience,Unspecified,4407688,Station Wagon/Sport Utility Vehicle,Sedan,BROOKLYN,11228.0,40.626293,-74.01572,"{'latitude': '40.626293', 'longitude': '-74.01572', 'human_address': '{""address"": """", ""city"": """", ""state"": """", ""zip"": """"}'}",Unknown,Unknown,Unknown,Unknown,Unknown,Unknown,Unknown,0.0,0.0,0.0,0.0,0.0,0.0,0.0,0.0,0.0,0.0,0.0,0.0,0.0,0.0,0.0,0.0,0.0,0.0,0.0,0.0,0.0,0.0,0.0,0.0,0.0,0.0,0.0,0.0,0.0,0.0,0.0,0.0,0.0,0.0,0.0,0.0,0.0,0.0,0.0,0.0,0.0,0.0,0.0,0.0,0,0,Friday,4,0,0
2021-04-15,1900-01-01 20:45:00,EAST 66 STREET,MADISON AVENUE,0,0,0,0,0,0,0,0,Driver Inattention/Distraction,Unknown,4407701,Sedan,Unknown,MANHATTAN,10065.0,40.767967,-73.96822,"{'latitude': '40.767967', 'longitude': '-73.96822', 'human_address': '{""address"": """", ""city"": """", ""state"": """", ""zip"": """"}'}",Unknown,Unknown,Unknown,Unknown,Unknown,Unknown,Unknown,0.0,0.0,0.0,0.0,0.0,0.0,0.0,0.0,0.0,0.0,0.0,0.0,0.0,0.0,0.0,0.0,0.0,0.0,0.0,0.0,0.0,0.0,0.0,0.0,0.0,0.0,0.0,0.0,0.0,0.0,0.0,0.0,0.0,0.0,0.0,0.0,0.0,0.0,0.0,0.0,0.0,0.0,0.0,0.0,0,20,Thursday,4,0,0
2021-04-15,1900-01-01 07:00:00,Unknown,Unknown,0,0,0,0,0,0,0,0,Driver Inattention/Distraction,Unspecified,4407728,Sedan,Unknown,BROOKLYN,11207.0,40.673634,-73.89294,"{'latitude': '40.673634', 'longitude': '-73.89294', 'human_address': '{""address"": """", ""city"": """", ""state"": """", ""zip"": """"}'}",Unknown,Unknown,472       GLENMORE AVENUE,Unknown,Unknown,Unknown,Unknown,0.0,0.0,0.0,0.0,0.0,0.0,0.0,0.0,0.0,0.0,0.0,0.0,0.0,0.0,0.0,0.0,0.0,0.0,0.0,0.0,0.0,0.0,0.0,0.0,0.0,0.0,0.0,0.0,0.0,0.0,0.0,0.0,0.0,0.0,0.0,0.0,0.0,0.0,0.0,0.0,0.0,0.0,0.0,0.0,0,7,Thursday,4,1,0
2021-04-15,1900-01-01 10:45:00,WEST 8 STREET,SHEEPSHEAD BAY ROAD,0,0,0,0,0,0,0,0,Following Too Closely,Unspecified,4408052,Station Wagon/Sport Utility Vehicle,Sedan,BROOKLYN,11224.0,40.579212,-73.976265,"{'latitude': '40.579212', 'longitude': '-73.976265', 'human_address': '{""address"": """", ""city"": """", ""state"": """", ""zip"": """"}'}",Unknown,Unknown,Unknown,Unknown,Unknown,Unknown,Unknown,0.0,0.0,0.0,0.0,0.0,0.0,0.0,0.0,0.0,0.0,0.0,0.0,0.0,0.0,0.0,0.0,0.0,0.0,0.0,0.0,0.0,0.0,0.0,0.0,0.0,0.0,0.0,0.0,0.0,0.0,0.0,0.0,0.0,0.0,0.0,0.0,0.0,0.0,0.0,0.0,0.0,0.0,0.0,0.0,0,10,Thursday,4,0,0
2021-04-16,1900-01-01 12:00:00,EDISON STREET,BACHE AVENUE,0,0,0,0,0,0,0,0,Failure to Yield Right-of-Way,Unspecified,4407849,Sedan,Sedan,STATEN ISLAND,10306.0,40.57365,-74.11252,"{'latitude': '40.57365', 'longitude': '-74.11252', 'human_address': '{""address"": """", ""city"": """", ""state"": """", ""zip"": """"}'}",Unknown,Unknown,Unknown,Unknown,Unknown,Unknown,Unknown,0.0,0.0,0.0,0.0,0.0,0.0,0.0,0.0,0.0,0.0,0.0,0.0,0.0,0.0,0.0,0.0,0.0,0.0,0.0,0.0,0.0,0.0,0.0,0.0,0.0,0.0,0.0,0.0,0.0,0.0,0.0,0.0,0.0,0.0,0.0,0.0,0.0,0.0,0.0,0.0,0.0,0.0,0.0,0.0,0,12,Friday,4,0,0
2021-04-14,1900-01-01 06:50:00,LONG ISLAND EXPRESSWAY,Unknown,0,0,0,0,0,0,0,0,Following Too Closely,Following Too Closely,4407320,Station Wagon/Sport Utility Vehicle,Station Wagon/Sport Utility Vehicle,Unknown,0.0,40.73632,-73.85631,"{'latitude': '40.73632', 'longitude': '-73.85631', 'human_address': '{""address"": """", ""city"": """", ""state"": """", ""zip"": """"}'}",Unspecified,Sedan,Unknown,Unknown,Unknown,Unknown,Unknown,0.0,0.0,0.0,0.0,0.0,0.0,0.0,0.0,0.0,0.0,0.0,0.0,0.0,0.0,0.0,0.0,0.0,0.0,0.0,0.0,0.0,0.0,0.0,0.0,0.0,0.0,0.0,0.0,0.0,0.0,0.0,0.0,0.0,0.0,0.0,0.0,0.0,0.0,0.0,0.0,0.0,0.0,0.0,0.0,0,6,Wednesday,4,0,0
2021-04-14,1900-01-01 03:39:00,OCEAN PARKWAY,AVENUE L,0,0,0,0,0,0,0,0,Unspecified,Unspecified,4407291,Sedan,Station Wagon/Sport Utility Vehicle,BROOKLYN,11230.0,40.619396,-73.969574,"{'latitude': '40.619396', 'longitude': '-73.969574', 'human_address': '{""address"": """", ""city"": """", ""state"": """", ""zip"": """"}'}",Unspecified,Sedan,Unknown,Unspecified,Station Wagon/Sport Utility Vehicle,Unknown,Unknown,0.0,0.0,0.0,0.0,0.0,0.0,0.0,0.0,0.0,0.0,0.0,0.0,0.0,0.0,0.0,0.0,0.0,0.0,0.0,0.0,0.0,0.0,0.0,0.0,0.0,0.0,0.0,0.0,0.0,0.0,0.0,0.0,0.0,0.0,0.0,0.0,0.0,0.0,0.0,0.0,0.0,0.0,0.0,0.0,0,3,Wednesday,4,0,0
2021-04-16,1900-01-01 22:00:00,RIVER AVENUE,Unknown,0,0,0,0,0,0,0,0,Unspecified,Unknown,4408200,Sedan,Unknown,Unknown,0.0,40.820263,-73.92976,"{'latitude': '40.820263', 'longitude': '-73.92976', 'human_address': '{""address"": """", ""city"": """", ""state"": """", ""zip"": """"}'}",Unknown,Unknown,Unknown,Unknown,Unknown,Unknown,Unknown,0.0,0.0,0.0,0.0,0.0,0.0,0.0,0.0,0.0,0.0,0.0,0.0,0.0,0.0,0.0,0.0,0.0,0.0,0.0,0.0,0.0,0.0,0.0,0.0,0.0,0.0,0.0,0.0,0.0,0.0,0.0,0.0,0.0,0.0,0.0,0.0,0.0,0.0,0.0,0.0,0.0,0.0,0.0,0.0,0,22,Friday,4,0,0
2021-04-14,1900-01-01 00:00:00,BATH AVENUE,Unknown,1,0,0,0,1,0,0,0,Failure to Yield Right-of-Way,Unspecified,4407649,Station Wagon/Sport Utility Vehicle,Bike,Unknown,0.0,40.601864,-74.00232,"{'latitude': '40.601864', 'longitude': '-74.00232', 'human_address': '{""address"": """", ""city"": """", ""state"": """", ""zip"": """"}'}",Unknown,Unknown,Unknown,Unknown,Unknown,Unknown,Unknown,0.0,0.0,0.0,0.0,0.0,0.0,0.0,0.0,0.0,0.0,0.0,0.0,0.0,0.0,0.0,0.0,0.0,0.0,0.0,0.0,0.0,0.0,0.0,0.0,0.0,0.0,0.0,0.0,0.0,0.0,0.0,0.0,0.0,0.0,0.0,0.0,0.0,0.0,0.0,0.0,0.0,0.0,0.0,0.0,1,0,Wednesday,4,0,0
2021-04-15,1900-01-01 19:10:00,LENOX AVENUE,Unknown,0,0,0,0,0,0,0,0,Driver Inattention/Distraction,Unspecified,4407802,Sedan,Unknown,Unknown,0.0,40.810318,-73.943634,"{'latitude': '40.810318', 'longitude': '-73.943634', 'human_address': '{""address"": """", ""city"": """", ""state"": """", ""zip"": """"}'}",Unknown,Unknown,Unknown,Unknown,Unknown,Unknown,Unknown,0.0,0.0,0.0,0.0,0.0,0.0,0.0,0.0,0.0,0.0,0.0,0.0,0.0,0.0,0.0,0.0,0.0,0.0,0.0,0.0,0.0,0.0,0.0,0.0,0.0,0.0,0.0,0.0,0.0,0.0,0.0,0.0,0.0,0.0,0.0,0.0,0.0,0.0,0.0,0.0,0.0,0.0,0.0,0.0,0,19,Thursday,4,0,0
2021-04-14,1900-01-01 13:35:00,BELT PARKWAY,Unknown,1,0,0,0,0,0,1,0,Driver Inattention/Distraction,Unspecified,4407345,Station Wagon/Sport Utility Vehicle,Sedan,Unknown,0.0,40.666306,-73.79171,"{'latitude': '40.666306', 'longitude': '-73.79171', 'human_address': '{""address"": """", ""city"": """", ""state"": """", ""zip"": """"}'}",Unspecified,Sedan,Unknown,Unknown,Unknown,Unknown,Unknown,0.0,0.0,0.0,0.0,0.0,0.0,0.0,0.0,0.0,0.0,0.0,0.0,0.0,0.0,0.0,0.0,0.0,0.0,0.0,0.0,0.0,0.0,0.0,0.0,0.0,0.0,0.0,0.0,0.0,0.0,0.0,0.0,0.0,0.0,0.0,0.0,0.0,0.0,0.0,0.0,0.0,0.0,0.0,0.0,1,13,Wednesday,4,0,0
2021-04-16,1900-01-01 15:05:00,STEWART AVENUE,JOHNSON AVENUE,0,0,0,0,0,0,0,0,Failure to Yield Right-of-Way,Unspecified,4408356,Sedan,Sedan,BROOKLYN,11237.0,40.708805,-73.92577,"{'latitude': '40.708805', 'longitude': '-73.92577', 'human_address': '{""address"": """", ""city"": """", ""state"": """", ""zip"": """"}'}",Unspecified,E-Scooter,Unknown,Unknown,Unknown,Unknown,Unknown,0.0,0.0,0.0,0.0,0.0,0.0,0.0,0.0,0.0,0.0,0.0,0.0,0.0,0.0,0.0,0.0,0.0,0.0,0.0,0.0,0.0,0.0,0.0,0.0,0.0,0.0,0.0,0.0,0.0,0.0,0.0,0.0,0.0,0.0,0.0,0.0,0.0,0.0,0.0,0.0,0.0,0.0,0.0,0.0,0,15,Friday,4,0,0
2021-04-14,1900-01-01 09:33:00,BRUCKNER BOULEVARD,VIRGINIA AVENUE,0,0,0,0,0,0,0,0,Failure to Yield Right-of-Way,Unspecified,4407245,Station Wagon/Sport Utility Vehicle,Station Wagon/Sport Utility Vehicle,BRONX,10472.0,40.826424,-73.85868,"{'latitude': '40.826424', 'longitude': '-73.85868', 'human_address': '{""address"": """", ""city"": """", ""state"": """", ""zip"": """"}'}",Unknown,Unknown,Unknown,Unknown,Unknown,Unknown,Unknown,0.0,0.0,0.0,0.0,0.0,0.0,0.0,0.0,0.0,0.0,0.0,0.0,0.0,0.0,0.0,0.0,0.0,0.0,0.0,0.0,0.0,0.0,0.0,0.0,0.0,0.0,0.0,0.0,0.0,0.0,0.0,0.0,0.0,0.0,0.0,0.0,0.0,0.0,0.0,0.0,0.0,0.0,0.0,0.0,0,9,Wednesday,4,1,0
2021-04-13,1900-01-01 16:05:00,FOSTER AVENUE,EAST 8 STREET,0,0,0,0,0,0,0,0,Unspecified,Unspecified,4408057,Station Wagon/Sport Utility Vehicle,Station Wagon/Sport Utility Vehicle,Unknown,0.0,40.63174,-73.96793,"{'latitude': '40.63174', 'longitude': '-73.96793', 'human_address': '{""address"": """", ""city"": """", ""state"": """", ""zip"": """"}'}",Unspecified,Station Wagon/Sport Utility Vehicle,Unknown,Unknown,Unknown,Unknown,Unknown,0.0,0.0,0.0,0.0,0.0,0.0,0.0,0.0,0.0,0.0,0.0,0.0,0.0,0.0,0.0,0.0,0.0,0.0,0.0,0.0,0.0,0.0,0.0,0.0,0.0,0.0,0.0,0.0,0.0,0.0,0.0,0.0,0.0,0.0,0.0,0.0,0.0,0.0,0.0,0.0,0.0,0.0,0.0,0.0,0,16,Tuesday,4,1,0
2021-04-15,1900-01-01 09:27:00,NORWAY AVENUE,Unknown,0,0,0,0,0,0,0,0,Backing Unsafely,Unspecified,4407538,Station Wagon/Sport Utility Vehicle,Sedan,Unknown,0.0,0.0,0.0,"{'latitude': '0.0', 'longitude': '0.0', 'human_address': '{""address"": """", ""city"": """", ""state"": """", ""zip"": """"}'}",Unknown,Unknown,Unknown,Unknown,Unknown,Unknown,Unknown,0.0,0.0,0.0,0.0,0.0,0.0,0.0,0.0,0.0,0.0,0.0,0.0,0.0,0.0,0.0,0.0,0.0,0.0,0.0,0.0,0.0,0.0,0.0,0.0,0.0,0.0,0.0,0.0,0.0,0.0,0.0,0.0,0.0,0.0,0.0,0.0,0.0,0.0,0.0,0.0,0.0,0.0,0.0,0.0,0,9,Thursday,4,1,0