crash_date,crash_time,on_street_name,off_street_name,number_of_persons_injured,number_of_persons_killed,number_of_pedestrians_injured,number_of_pedestrians_killed,number_of_cyclist_injured,number_of_cyclist_killed,number_of_motorist_injured,number_of_motorist_killed,contributing_factor_vehicle_1,contributing_factor_vehicle_2,collision_id,vehicle_type_code1,vehicle_type_code2,borough,zip_code,latitude,longitude,location,contributing_factor_vehicle_3,vehicle_type_code_3,cross_street_name,contributing_factor_vehicle_4,vehicle_type_code_4,contributing_factor_vehicle_5,vehicle_type_code_5,unique_id,crash_date_veh,crash_time_veh,vehicle_id,state_registration,vehicle_type,contributing_factor_1,vehicle_make,vehicle_year,travel_direction,vehicle_occupants,driver_sex,driver_license_status,driver_license_jurisdiction,pre_crash,point_of_impact,vehicle_damage,public_property_damage,contributing_factor_2,vehicle_damage_1,vehicle_damage_2,vehicle_damage_3,vehicle_model,public_property_damage_type,unique_id_pers,crash_date_pers,crash_time_pers,person_id,person_type,person_injury,vehicle_id_pers,ped_role,person_sex,person_age,ejection,emotional_status,bodily_injury,position_in_vehicle,safety_equipment,complaint,ped_location,ped_action,contributing_factor_1_pers,contributing_factor_2_pers,injury_occurred,crash_hour,day_of_week,month,rush_hour,is_weekend
2021-04-16,1900-01-01 11:45:00,Unknown,Unknown,0,0,0,0,0,0,0,0,Passing Too Closely,Unspecified,4408332,Sedan,Station Wagon/Sport Utility Vehicle,BROOKLYN,11222.0,40.727146,-73.954735,"{'latitude': '40.727146', 'longitude': '-73.954735', 'human_address': '{""address"": """", ""city"": """", ""state"": """", ""zip"": """"}'}",Unspecified,Station Wagon/Sport Utility Vehicle,190       GUERNSEY STREET,Unspecified,Box Truck,Unknown,Unknown,0.0,0.0,0.0,0.0,0.0,0.0,0.0,0.0,0.0,0.0,0.0,0.0,0.0,0.0,0.0,0.0,0.0,0.0,0.0,0.0,0.0,0.0,0.0,0.0,0.0,0.0,0.0,0.0,0.0,0.0,0.0,0.0,0.0,0.0,0.0,0.0,0.0,0.0,0.0,0.0,0.0,0.0,0.0,0.0,0,11,Friday,4,0,0
2021-04-11,1900-01-01 08:56:00,SUTTER AVENUE,Unknown,0,0,0,0,0,0,0,0,Driver Inattention/Distraction,Unspecified,4407785,Sedan,Sedan,Unknown,0.0,40.67253,-73.798386,"{'latitude': '40.67253', 'longitude': '-73.798386', 'human_address': '{""address"": """", ""city"": """", ""state"": """", ""zip"": """"}'}",Unspecified,Station Wagon/Sport Utility Vehicle,Unknown,Unspecified,Sedan,Unspecified,Sedan,0.0,0.0,0.0,0.0,0.0,0.0,0.0,0.0,0.0,0.0,0.0,0.0,0.0,0.0,0.0,0.0,0.0,0.0,0.0,0.0,0.0,0.0,0.0,0.0,0.0,0.0,0.0,0.0,0.0,0.0,0.0,0.0,0.0,0.0,0.0,0.0,0.0,0.0,0.0,0.0,0.0,0.0,0.0,0.0,0,8,Sunday,4,1,1
2021-04-16,1900-01-01 13:02:00,CENTRAL AVENUE,65 STREET,0,0,0,0,0,0,0,0,Driver Inattention/Distraction,Unspecified,4407929,Sedan,Sedan,QUEENS,11385.0,40.702335,-73.89073,"{'latitude': '40.702335', 'longitude': '-73.89073', 'human_address': '{""address"": """", ""city"": """", ""state"": """", ""zip"": """"}'}",Unknown,Unknown,Unknown,Unknown,Unknown,Unknown,Unknown,0.0,0.0,0.0,0.0,0.0,0.0,0.0,0.0,0.0,0.0,0.0,0.0,0.0,0.0,0.0,0.0,0.0,0.0,0.0,0.0,0.0,0.0,0.0,0.0,0.0,0.0,0.0,0.0,0.0,0.0,0.0,0.0,0.0,0.0,0.0,0.0,0.0,0.0,0.0,0.0,0.0,0.0,0.0,0.0,0,13,Friday,4,0,0
2021-04-14,1900-01-01 00:00:00,Unknown,Unknown,0,0,0,0,0,0,0,0,Driver Inattention/Distraction,Unspecified,4407425,Station Wagon/Sport Utility Vehicle,Station Wagon/Sport Utility Vehicle,BROOKLYN,11235.0,40.587894,-73.95504,"{'latitude': '40.587894', 'longitude': '-73.95504', 'human_address': '{""address"": """", ""city"": """", ""state"": """", ""zip"": """"}'}",Unknown,Unknown,1415      AVENUE Z,Unknown,Unknown,Unknown,Unknown,0.0,0.0,0.0,0.0,0.0,0.0,0.0,0.0,0.0,0.0,0.0,0.0,0.0,0.0,0.0,0.0,0.0,0.0,0.0,0.0,0.0,0.0,0.0,0.0,0.0,0.0,0.0,0.0,0.0,0.0,0.0,0.0,0.0,0.0,0.0,0.0,0.0,0.0,0.0,0.0,0.0,0.0,0.0,0.0,0,0,Wednesday,4,0,0
2021-04-16,1900-01-01 05:30:00,Unknown,Unknown,0,0,0,0,0,0,0,0,Driver Inattention/Distraction,Unspecified,4408123,Station Wagon/Sport Utility Vehicle,Sedan,BROOKLYN,11236.0,40.65047,-73.917366,"{'latitude': '40.65047', 'longitude': '-73.917366', 'human_address': '{""address"": """", ""city"": """", ""state"": """", ""zip"": """"}'}",Unknown,Unknown,679       REMSEN AVENUE,Unknown,Unknown,Unknown,Unknown,0.0,0.0,0.0,0.0,0.0,0.0,0.0,0.0,0.0,0.0,0.0,0.0,0.0,0.0,0.0,0.0,0.0,0.0,0.0,0.0,0.0,0.0,0.0,0.0,0.0,0.0,0.0,0.0,0.0,0.0,0.0,0.0,0.0,0.0,0.0,0.0,0.0,0.0,0.0,0.0,0.0,0.0,0.0,0.0,0,5,Friday,4,0,0
2021-04-16,1900-01-01 20:26:00,BROADWAY,WEST 161 STREET,1,0,1,0,0,0,0,0,Failure to Yield Right-of-Way,Unknown,4408290,Unknown,Unknown,MANHATTAN,10032.0,40.836555,-73.94306,"{'latitude': '40.836555', 'longitude': '-73.94306', 'human_address': '{""address"": """", ""city"": """", ""state"": """", ""zip"": """"}'}",Unknown,Unknown,Unknown,Unknown,Unknown,Unknown,Unknown,0.0,0.0,0.0,0.0,0.0,0.0,0.0,0.0,0.0,0.0,0.0,0.0,0.0,0.0,0.0,0.0,0.0,0.0,0.0,0.0,0.0,0.0,0.0,0.0,0.0,0.0,0.0,0.0,0.0,0.0,0.0,0.0,0.0,0.0,0.0,0.0,0.0,0.0,0.0,0.0,0.0,0.0,0.0,0.0,1,20,Friday,4,0,0
2021-04-13,1900-01-01 09:00:00,Unknown,Unknown,0,0,0,0,0,0,0,0,Unspecified,Unknown,4408412,Sedan,Unknown,BRONX,10475.0,40.870056,-73.83222,"{'latitude': '40.870056', 'longitude': '-73.83222', 'human_address': '{""address"": """", ""city"": """", ""state"": """", ""zip"": """"}'}",Unknown,Unknown,100       ALDRICH STREET,Unknown,Unknown,Unknown,Unknown,0.0,0.0,0.0,0.0,0.0,0.0,0.0,0.0,0.0,0.0,0.0,0.0,0.0,0.0,0.0,0.0,0.0,0.0,0.0,0.0,0.0,0.0,0.0,0.0,0.0,0.0,0.0,0.0,0.0,0.0,0.0,0.0,0.0,0.0,0.0,0.0,0.0,0.0,0.0,0.0,0.0,0.0,0.0,0.0,0,9,Tuesday,4,1,0
2021-04-15,1900-01-01 11:45:00,RICHMOND AVENUE,PLATINUM AVENUE,0,0,0,0,0,0,0,0,Passing or Lane Usage Improper,Unspecified,4407757,Station Wagon/Sport Utility Vehicle,Station Wagon/Sport Utility Vehicle,Unknown,0.0,40.579372,-74.16948,"{'latitude': '40.579372', 'longitude': '-74.16948', 'human_address': '{""address"": """", ""city"": """", ""state"": """", ""zip"": """"}'}",Unknown,Unknown,Unknown,Unknown,Unknown,Unknown,Unknown,0.0,0.0,0.0,0.0,0.0,0.0,0.0,0.0,0.0,0.0,0.0,0.0,0.0,0.0,0.0,0.0,0.0,0.0,0.0,0.0,0.0,0.0,0.0,0.0,0.0,0.0,0.0,0.0,0.0,0.0,0.0,0.0,0.0,0.0,0.0,0.0,0.0,0.0,0.0,0.0,0.0,0.0,0.0,0.0,0,11,Thursday,4,0,0
2021-04-01,1900-01-01 00:10:00,WEST 122 STREET,MOUNT MORRIS PARK WEST,0,0,0,0,0,0,0,0,Reaction to Uninvolved Vehicle,Unspecified,4407770,Station Wagon/Sport Utility Vehicle,Sedan,MANHATTAN,10027.0,40.805138,-73.945244,"{'latitude': '40.805138', 'longitude': '-73.945244', 'human_address': '{""address"": """", ""city"": """", ""state"": """", ""zip"": """"}'}",Unspecified,Station Wagon/Sport Utility Vehicle,Unknown,Unknown,Unknown,Unknown,Unknown,0.0,0.0,0.0,0.0,0.0,0.0,0.0,0.0,0.0,0.0,0.0,0.0,0.0,0.0,0.0,0.0,0.0,0.0,0.0,0.0,0.0,0.0,0.0,0.0,0.0,0.0,0.0,0.0,0.0,0.0,0.0,0.0,0.0,0.0,0.0,0.0,0.0,0.0,0.0,0.0,0.0,0.0,0.0,0.0,0,0,Thursday,4,0,0
2021-04-15,1900-01-01 11:41:00,Unknown,Unknown,0,0,0,0,0,0,0,0,Passing Too Closely,Unspecified,4407554,Sedan,Unknown,BRONX,10468.0,40.85968,-73.90427,"{'latitude': '40.85968', 'longitude': '-73.90427', 'human_address': '{""address"": """", ""city"": """", ""state"": """", ""zip"": """"}'}",Unknown,Unknown,2324      DAVIDSON AVENUE,Unknown,Unknown,Unknown,Unknown,0.0,0.0,0.0,0.0,0.0,0.0,0.0,0.0,0.0,0.0,0.0,0.0,0.0,0.0,0.0,0.0,0.0,0.0,0.0,0.0,0.0,0.0,0.0,0.0,0.0,0.0,0.0,0.0,0.0,0.0,0.0,0.0,0.0,0.0,0.0,0.0,0.0,0.0,0.0,0.0,0.0,0.0,0.0,0.0,0,11,Thursday,4,0,0
2021-04-15,1900-01-01 02:00:00,KINGS HIGHWAY,Unknown,0,0,0,0,0,0,0,0,Driver Inattention/Distraction,Unspecified,4407873,Sedan,Pick-up Truck,Unknown,0.0,40.605595,-73.98404,"{'latitude': '40.605595', 'longitude': '-73.98404', 'human_address': '{""address"": """", ""city"": """", ""state"": """", ""zip"": """"}'}",Unspecified,Station Wagon/Sport Utility Vehicle,Unknown,Unknown,Unknown,Unknown,Unknown,0.0,0.0,0.0,0.0,0.0,0.0,0.0,0.0,0.0,0.0,0.0,0.0,0.0,0.0,0.0,0.0,0.0,0.0,0.0,0.0,0.0,0.0,0.0,0.0,0.0,0.0,0.0,0.0,0.0,0.0,0.0,0.0,0.0,0.0,0.0,0.0,0.0,0.0,0.0,0.0,0.0,0.0,0.0,0.0,0,2,Thursday,4,0,0
2021-04-15,1900-01-01 00:05:00,Unknown,Unknown,0,0,0,0,0,0,0,0,Steering Failure,Unspecified,4407502,Station Wagon/Sport Utility Vehicle,Sedan,BRONX,10473.0,40.819214,-73.84662,"{'latitude': '40.819214', 'longitude': '-73.84662', 'human_address': '{""address"": """", ""city"": """", ""state"": """", ""zip"": """"}'}",Unknown,Unknown,2245      RANDALL AVENUE,Unknown,Unknown,Unknown,Unknown,0.0,0.0,0.0,0.0,0.0,0.0,0.0,0.0,0.0,0.0,0.0,0.0,0.0,0.0,0.0,0.0,0.0,0.0,0.0,0.0,0.0,0.0,0.0,0.0,0.0,0.0,0.0,0.0,0.0,0.0,0.0,0.0,0.0,0.0,0.0,0.0,0.0,0.0,0.0,0.0,0.0,0.0,0.0,0.0,0,0,Thursday,4,0,0
2021-04-16,1900-01-01 11:30:00,Unknown,Unknown,0,0,0,0,0,0,0,0,Unspecified,Unknown,4408044,Sedan,Unknown,BRONX,10459.0,40.827972,-73.88707,"{'latitude': '40.827972', 'longitude': '-73.88707', 'human_address': '{""address"": """", ""city"": """", ""state"": """", ""zip"": """"}'}",Unknown,Unknown,1074      HOME STREET,Unknown,Unknown,Unknown,Unknown,0.0,0.0,0.0,0.0,0.0,0.0,0.0,0.0,0.0,0.0,0.0,0.0,0.0,0.0,0.0,0.0,0.0,0.0,0.0,0.0,0.0,0.0,0.0,0.0,0.0,0.0,0.0,0.0,0.0,0.0,0.0,0.0,0.0,0.0,0.0,0.0,0.0,0.0,0.0,0.0,0.0,0.0,0.0,0.0,0,11,Friday,4,0,0
2021-04-16,1900-01-01 15:30:00,BELT PARKWAY,Unknown,0,0,0,0,0,0,0,0,Fell Asleep,Unspecified,4408165,Sedan,Station Wagon/Sport Utility Vehicle,Unknown,0.0,40.66496,-73.82226,"{'latitude': '40.66496', 'longitude': '-73.82226', 'human_address': '{""address"": """", ""city"": """", ""state"": """", ""zip"": """"}'}",Unknown,Unknown,Unknown,Unknown,Unknown,Unknown,Unknown,0.0,0.0,0.0,0.0,0.0,0.0,0.0,0.0,0.0,0.0,0.0,0.0,0.0,0.0,0.0,0.0,0.0,0.0,0.0,0.0,0.0,0.0,0.0,0.0,0.0,0.0,0.0,0.0,0.0,0.0,0.0,0.0,0.0,0.0,0.0,0.0,0.0,0.0,0.0,0.0,0.0,0.0,0.0,0.0,0,15,Friday,4,0,0
2021-04-14,1900-01-01 15:00:00,GRAND CENTRAL PKWY,Unknown,0,0,0,0,0,0,0,0,Driver Inattention/Distraction,Unspecified,4407544,Sedan,Taxi,Unknown,0.0,40.719177,-73.79223,"{'latitude': '40.719177', 'longitude': '-73.79223', 'human_address': '{""address"": """", ""city"": """", ""state"": """", ""zip"": """"}'}",Unknown,Unknown,Unknown,Unknown,Unknown,Unknown,Unknown,0.0,0.0,0.0,0.0,0.0,0.0,0.0,0.0,0.0,0.0,0.0,0.0,0.0,0.0,0.0,0.0,0.0,0.0,0.0,0.0,0.0,0.0,0.0,0.0,0.0,0.0,0.0,0.0,0.0,0.0,0.0,0.0,0.0,0.0,0.0,0.0,0.0,0.0,0.0,0.0,0.0,0.0,0.0,0.0,0,15,Wednesday,4,0,0
2021-04-14,1900-01-01 08:03:00,EAST 42 STREET,1 AVENUE,1,0,1,0,0,0,0,0,Driver Inattention/Distraction,Unknown,4407277,Taxi,Unknown,MANHATTAN,10017.0,40.748825,-73.96984,"{'latitude': '40.748825', 'longitude': '-73.96984', 'human_address': '{""address"": """", ""city"": """", ""state"": """", ""zip"": """"}'}",Unknown,Unknown,Unknown,Unknown,Unknown,Unknown,Unknown,0.0,0.0,0.0,0.0,0.0,0.0,0.0,0.0,0.0,0.0,0.0,0.0,0.0,0.0,0.0,0.0,0.0,0.0,0.0,0.0,0.0,0.0,0.0,0.0,0.0,0.0,0.0,0.0,0.0,0.0,0.0,0.0,0.0,0.0,0.0,0.0,0.0,0.0,0.0,0.0,0.0,0.0,0.0,0.0,1,8,Wednesday,4,1,0
2021-04-16,1900-01-01 07:45:00,Unknown,Unknown,0,0,0,0,0,0,0,0,Driver Inattention/Distraction,Unspecified,4407834,Sedan,Unknown,QUEENS,11377.0,40.733597,-73.91062,"{'latitude': '40.733597', 'longitude': '-73.91062', 'human_address': '{""address"": """", ""city"": """", ""state"": """", ""zip"": """"}'}",Unknown,Unknown,53-15     58 STREET,Unknown,Unknown,Unknown,Unknown,0.0,0.0,0.0,0.0,0.0,0.0,0.0,0.0,0.0,0.0,0.0,0.0,0.0,0.0,0.0,0.0,0.0,0.0,0.0,0.0,0.0,0.0,0.0,0.0,0.0,0.0,0.0,0.0,0.0,0.0,0.0,0.0,0.0,0.0,0.0,0.0,0.0,0.0,0.0,0.0,0.0,0.0,0.0,0.0,0,7,Friday,4,1,0
2021-04-14,1900-01-01 06:45:00,ARMSTRONG AVENUE,HILLCREST STREET,0,0,0,0,0,0,0,0,View Obstructed/Limited,Unspecified,4407338,Station Wagon/Sport Utility Vehicle,Sedan,STATEN ISLAND,10308.0,40.54048,-74.153404,"{'latitude': '40.54048', 'longitude': '-74.153404', 'human_address': '{""address"": """", ""city"": """", ""state"": """", ""zip"": """"}'}",Unknown,Unknown,Unknown,Unknown,Unknown,Unknown,Unknown,0.0,0.0,0.0,0.0,0.0,0.0,0.0,0.0,0.0,0.0,0.0,0.0,0.0,0.0,0.0,0.0,0.0,0.0,0.0,0.0,0.0,0.0,0.0,0.0,0.0,0.0,0.0,0.0,0.0,0.0,0.0,0.0,0.0,0.0,0.0,0.0,0.0,0.0,0.0,0.0,0.0,0.0,0.0,0.0,0,6,Wednesday,4,0,0
2021-04-14,1900-01-01 22:43:00,30 STREET,BORDEN AVENUE,0,0,0,0,0,0,0,0,Driver Inattention/Distraction,Unspecified,4407397,Pick-up Truck,Tow Truck / Wrecker,Unknown,0.0,40.738403,-73.93864,"{'latitude': '40.738403', 'longitude': '-73.93864', 'human_address': '{""address"": """", ""city"": """", ""state"": """", ""zip"": """"}'}",Unknown,Unknown,Unknown,Unknown,Unknown,Unknown,Unknown,0.0,0.0,0.0,0.0,0.0,0.0,0.0,0.0,0.0,0.0,0.0,0.0,0.0,0.0,0.0,0.0,0.0,0.0,0.0,0.0,0.0,0.0,0.0,0.0,0.0,0.0,0.0,0.0,0.0,0.0,0.0,0.0,0.0,0.0,0.0,0.0,0.0,0.0,0.0,0.0,0.0,0.0,0.0,0.0,0,22,Wednesday,4,0,0
2021-04-15,1900-01-01 16:55:00,FULTON STREET,Unknown,1,0,0,0,0,0,1,0,Driver Inattention/Distraction,Unspecified,4408109,Sedan,Station Wagon/Sport Utility Vehicle,Unknown,0.0,40.68039,-73.94956,"{'latitude': '40.68039', 'longitude': '-73.94956', 'human_address': '{""address"": """", ""city"": """", ""state"": """", ""zip"": """"}'}",Unknown,Unknown,Unknown,Unknown,Unknown,Unknown,Unknown,0.0,0.0,0.0,0.0,0.0,0.0,0.0,0.0,0.0,0.0,0.0,0.0,0.0,0.0,0.0,0.0,0.0,0.0,0.0,0.0,0.0,0.0,0.0,0.0,0.0,0.0,0.0,0.0,0.0,0.0,0.0,0.0,0.0,0.0,0.0,0.0,0.0,0.0,0.0,0.0,0.0,0.0,0.0,0.0,1,16,Thursday,4,1,0
2021-04-14,1900-01-01 18:00:00,Unknown,Unknown,0,0,0,0,0,0,0,0,Backing Unsafely,Unspecified,4407683,Station Wagon/Sport Utility Vehicle,Unknown,BRONX,10451.0,40.817627,-73.92366,"{'latitude': '40.817627', 'longitude': '-73.92366', 'human_address': '{""address"": """", ""city"": """", ""state"": """", ""zip"": """"}'}",Unknown,Unknown,249       EAST 149 STREET,Unknown,Unknown,Unknown,Unknown,0.0,0.0,0.0,0.0,0.0,0.0,0.0,0.0,0.0,0.0,0.0,0.0,0.0,0.0,0.0,0.0,0.0,0.0,0.0,0.0,0.0,0.0,0.0,0.0,0.0,0.0,0.0,0.0,0.0,0.0,0.0,0.0,0.0,0.0,0.0,0.0,0.0,0.0,0.0,0.0,0.0,0.0,0.0,0.0,0,18,Wednesday,4,1,0
2021-04-15,1900-01-01 12:26:00,WEST 29 STREET,10 AVENUE,2,0,0,0,0,0,2,0,Failure to Yield Right-of-Way,Turning Improperly,4407829,Station Wagon/Sport Utility Vehicle,Station Wagon/Sport Utility Vehicle,MANHATTAN,10001.0,40.751446,-74.001434,"{'latitude': '40.751446', 'longitude': '-74.001434', 'human_address': '{""address"": """", ""city"": """", ""state"": """", ""zip"": """"}'}",Unknown,Unknown,Unknown,Unknown,Unknown,Unknown,Unknown,0.0,0.0,0.0,0.0,0.0,0.0,0.0,0.0,0.0,0.0,0.0,0.0,0.0,0.0,0.0,0.0,0.0,0.0,0.0,0.0,0.0,0.0,0.0,0.0,0.0,0.0,0.0,0.0,0.0,0.0,0.0,0.0,0.0,0.0,0.0,0.0,0.0,0.0,0.0,0.0,0.0,0.0,0.0,0.0,1,12,Thursday,4,0,0
2021-09-11,1900-01-01 22:15:00,DAVIDSON AVENUE,WEST 190 STREET,1,0,0,0,0,0,1,0,Unspecified,Unknown,4456397,Motorcycle,Unknown,BRONX,10468.0,40.86418,-73.90119,"{'latitude': '40.86418', 'longitude': '-73.90119', 'human_address': '{""address"": """", ""city"": """", ""state"": """", ""zip"": """"}'}",Unknown,Unknown,Unknown,Unknown,Unknown,Unknown,Unknown,0.0,0.0,0.0,0.0,0.0,0.0,0.0,0.0,0.0,0.0,0.0,0.0,0.0,0.0,0.0,0.0,0.0,0.0,0.0,0.0,0.0,0.0,0.0,0.0,0.0,0.0,0.0,0.0,0.0,0.0,0.0,0.0,0.0,0.0,0.0,0.0,0.0,0.0,0.0,0.0,0.0,0.0,0.0,0.0,1,22,Saturday,9,0,1
2021-04-15,1900-01-01 08:10:00,EAST 57 STREET,PARK AVENUE,0,0,0,0,0,0,0,0,Driver Inexperience,Unspecified,4407496,Station Wagon/Sport Utility Vehicle,Station Wagon/Sport Utility Vehicle,MANHATTAN,10022.0,40.76161,-73.97076,"{'latitude': '40.76161', 'longitude': '-73.97076', 'human_address': '{""address"": """", ""city"": """", ""state"": """", ""zip"": """"}'}",Unknown,Unknown,Unknown,Unknown,Unknown,Unknown,Unknown,0.0,0.0,0.0,0.0,0.0,0.0,0.0,0.0,0.0,0.0,0.0,0.0,0.0,0.0,0.0,0.0,0.0,0.0,0.0,0.0,0.0,0.0,0.0,0.0,0.0,0.0,0.0,0.0,0.0,0.0,0.0,0.0,0.0,0.0,0.0,0.0,0.0,0.0,0.0,0.0,0.0,0.0,0.0,0.0,0,8,Thursday,4,1,0
2021-04-15,1900-01-01 16:00:00,MADISON STREET,BUSHWICK AVENUE,0,0,0,0,0,0,0,0,Unspecified,Unknown,4407609,Sedan,Unknown,BROOKLYN,11221.0,40.689648,-73.9184,"{'latitude': '40.689648', 'longitude': '-73.9184', 'human_address': '{""address"": """", ""city"": """", ""state"": """", ""zip"": """"}'}",Unknown,Unknown,Unknown,Unknown,Unknown,Unknown,Unknown,0.0,0.0,0.0,0.0,0.0,0.0,0.0,0.0,0.0,0.0,0.0,0.0,0.0,0.0,0.0,0.0,0.0,0.0,0.0,0.0,0.0,0.0,0.0,0.0,0.0,0.0,0.0,0.0,0.0,0.0,0.0,0.0,0.0,0.0,0.0,0.0,0.0,0.0,0.0,0.0,0.0,0.0,0.0,0.0,0,16,Thursday,4,1,0
2021-04-14,1900-01-01 16:00:00,Unknown,Unknown,1,0,0,0,0,0,0,0,Driver Inattention/Distraction,Driver Inattention/Distraction,4407441,Station Wagon/Sport Utility Vehicle,E-Scooter,QUEENS,11373.0,40.741634,-73.88266,"{'latitude': '40.741634', 'longitude': '-73.88266', 'human_address': '{""address"": """", ""city"": """", ""state"": """", ""zip"": """"}'}",Unknown,Unknown,82-22     45 AVENUE,Unknown,Unknown,Unknown,Unknown,0.0,0.0,0.0,0.0,0.0,0.0,0.0,0.0,0.0,0.0,0.0,0.0,0.0,0.0,0.0,0.0,0.0,0.0,0.0,0.0,0.0,0.0,0.0,0.0,0.0,0.0,0.0,0.0,0.0,0.0,0.0,0.0,0.0,0.0,0.0,0.0,0.0,0.0,0.0,0.0,0.0,0.0,0.0,0.0,1,16,Wednesday,4,1,0
2021-04-15,1900-01-01 18:30:00,MC DONALD AVENUE,AVENUE U,0,0,0,0,0,0,0,0,Unspecified,Unspecified,4407689,Sedan,Sedan,BROOKLYN,11223.0,40.596977,-73.97324,"{'latitude': '40.596977', 'longitude': '-73.97324', 'human_address': '{""address"": """", ""city"": """", ""state"": """", ""zip"": """"}'}",Unknown,Unknown,Unknown,Unknown,Unknown,Unknown,Unknown,0.0,0.0,0.0,0.0,0.0,0.0,0.0,0.0,0.0,0.0,0.0,0.0,0.0,0.0,0.0,0.0,0.0,0.0,0.0,0.0,0.0,0.0,0.0,0.0,0.0,0.0,0.0,0.0,0.0,0.0,0.0,0.0,0.0,0.0,0.0,0.0,0.0,0.0,0.0,0.0,0.0,0.0,0.0,0.0,0,18,Thursday,4,1,0
2021-04-16,1900-01-01 14:56:00,Unknown,Unknown,0,0,0,0,0,0,0,0,Unspecified,Unspecified,4407861,Station Wagon/Sport Utility Vehicle,Sedan,BROOKLYN,11220.0,40.63864,-74.02245,"{'latitude': '40.63864', 'longitude': '-74.02245', 'human_address': '{""address"": """", ""city"": """", ""state"": """", ""zip"": """"}'}",Unknown,Unknown,350       65 STREET,Unknown,Unknown,Unknown,Unknown,0.0,0.0,0.0,0.0,0.0,0.0,0.0,0.0,0.0,0.0,0.0,0.0,0.0,0.0,0.0,0.0,0.0,0.0,0.0,0.0,0.0,0.0,0.0,0.0,0.0,0.0,0.0,0.0,0.0,0.0,0.0,0.0,0.0,0.0,0.0,0.0,0.0,0.0,0.0,0.0,0.0,0.0,0.0,0.0,0,14,Friday,4,0,0
2021-04-14,1900-01-01 17:30:00,AMBOY ROAD,GUYON AVENUE,0,0,0,0,0,0,0,0,Unspecified,Unknown,4407350,Sedan,Unknown,STATEN ISLAND,10306.0,40.565254,-74.1301,"{'latitude': '40.565254', 'longitude': '-74.1301', 'human_address': '{""address"": """", ""city"": """", ""state"": """", ""zip"": """"}'}",Unknown,Unknown,Unknown,Unknown,Unknown,Unknown,Unknown,0.0,0.0,0.0,0.0,0.0,0.0,0.0,0.0,0.0,0.0,0.0,0.0,0.0,0.0,0.0,0.0,0.0,0.0,0.0,0.0,0.0,0.0,0.0,0.0,0.0,0.0,0.0,0.0,0.0,0.0,0.0,0.0,0.0,0.0,0.0,0.0,0.0,0.0,0.0,0.0,0.0,0.0,0.0,0.0,0,17,Wednesday,4,1,0
2021-04-14,1900-01-01 07:15:00,Unknown,Unknown,0,0,0,0,0,0,0,0,Unspecified,Unknown,4407721,Sedan,Unknown,BROOKLYN,11207.0,40.655895,-73.898224,"{'latitude': '40.655895', 'longitude': '-73.898224', 'human_address': '{""address"": """", ""city"": """", ""state"": """", ""zip"": """"}'}",Unknown,Unknown,317       DE WITT AVENUE,Unknown,Unknown,Unknown,Unknown,0.0,0.0,0.0,0.0,0.0,0.0,0.0,0.0,0.0,0.0,0.0,0.0,0.0,0.0,0.0,0.0,0.0,0.0,0.0,0.0,0.0,0.0,0.0,0.0,0.0,0.0,0.0,0.0,0.0,0.0,0.0,0.0,0.0,0.0,0.0,0.0,0.0,0.0,0.0,0.0,0.0,0.0,0.0,0.0,0,7,Wednesday,4,1,0
2021-04-14,1900-01-01 20:10:00,WASHINGTON AVENUE,LAFAYETTE AVENUE,0,0,0,0,0,0,0,0,Pedestrian/Bicyclist/Other Pedestrian Error/Confusion,Unspecified,4407381,Station Wagon/Sport Utility Vehicle,Bike,BROOKLYN,11238.0,40.68821,-73.96583,"{'latitude': '40.68821', 'longitude': '-73.96583', 'human_address': '{""address"": """", ""city"": """", ""state"": """", ""zip"": """"}'}",Unknown,Unknown,Unknown,Unknown,Unknown,Unknown,Unknown,0.0,0.0,0.0,0.0,0.0,0.0,0.0,0.0,0.0,0.0,0.0,0.0,0.0,0.0,0.0,0.0,0.0,0.0,0.0,0.0,0.0,0.0,0.0,0.0,0.0,0.0,0.0,0.0,0.0,0.0,0.0,0.0,0.0,0.0,0.0,0.0,0.0,0.0,0.0,0.0,0.0,0.0,0.0,0.0,0,20,Wednesday,4,0,0