crash_date,crash_time,on_street_name,off_street_name,number_of_persons_injured,number_of_persons_killed,number_of_pedestrians_injured,number_of_pedestrians_killed,number_of_cyclist_injured,number_of_cyclist_killed,number_of_motorist_injured,number_of_motorist_killed,contributing_factor_vehicle_1,contributing_factor_vehicle_2,collision_id,vehicle_type_code1,vehicle_type_code2,borough,zip_code,latitude,longitude,location,contributing_factor_vehicle_3,vehicle_type_code_3,cross_street_name,contributing_factor_vehicle_4,vehicle_type_code_4,contributing_factor_vehicle_5,vehicle_type_code_5,unique_id,crash_date_veh,crash_time_veh,vehicle_id,state_registration,vehicle_type,contributing_factor_1,vehicle_make,vehicle_year,travel_direction,vehicle_occupants,driver_sex,driver_license_status,driver_license_jurisdiction,pre_crash,point_of_impact,vehicle_damage,public_property_damage,contributing_factor_2,vehicle_damage_1,vehicle_damage_2,vehicle_damage_3,vehicle_model,public_property_damage_type,unique_id_pers,crash_date_pers,crash_time_pers,person_id,person_type,person_injury,vehicle_id_pers,ped_role,person_sex,person_age,ejection,emotional_status,bodily_injury,position_in_vehicle,safety_equipment,complaint,ped_location,ped_action,contributing_factor_1_pers,contributing_factor_2_pers,injury_occurred,crash_hour,day_of_week,month,rush_hour,is_weekend
2021-04-15,1900-01-01 09:28:00,Unknown,Unknown,0,0,0,0,0,0,0,0,Unspecified,Unknown,4407653,Station Wagon/Sport Utility Vehicle,Unknown,MANHATTAN,10002.0,40.71649,-73.98484,"{'latitude': '40.71649', 'longitude': '-73.98484', 'human_address': '{""address"": """", ""city"": """", ""state"": """", ""zip"": """"}'}",Unknown,Unknown,154       BROOME STREET,Unknown,Unknown,Unknown,Unknown,0.0,0.0,0.0,0.0,0.0,0.0,0.0,0.0,0.0,0.0,0.0,0.0,0.0,0.0,0.0,0.0,0.0,0.0,0.0,0.0,0.0,0.0,0.0,0.0,0.0,0.0,0.0,0.0,0.0,0.0,0.0,0.0,0.0,0.0,0.0,0.0,0.0,0.0,0.0,0.0,0.0,0.0,0.0,0.0,0,9,Thursday,4,1,0
2021-04-14,1900-01-01 09:05:00,PARSONS BLVD,90 AVENUE,1,0,1,0,0,0,0,0,Driver Inattention/Distraction,Unknown,4407299,Station Wagon/Sport Utility Vehicle,Unknown,QUEENS,11432.0,0.0,0.0,Unknown,Unknown,Unknown,Unknown,Unknown,Unknown,Unknown,Unknown,0.0,0.0,0.0,0.0,0.0,0.0,0.0,0.0,0.0,0.0,0.0,0.0,0.0,0.0,0.0,0.0,0.0,0.0,0.0,0.0,0.0,0.0,0.0,0.0,0.0,0.0,0.0,0.0,0.0,0.0,0.0,0.0,0.0,0.0,0.0,0.0,0.0,0.0,0.0,0.0,0.0,0.0,0.0,0.0,1,9,Wednesday,4,1,0
2021-04-14,1900-01-01 10:49:00,STATEN ISLAND EXPRESSWAY,Unknown,1,0,0,0,0,0,1,0,Driver Inattention/Distraction,Unspecified,4407590,Station Wagon/Sport Utility Vehicle,Station Wagon/Sport Utility Vehicle,Unknown,0.0,0.0,0.0,Unknown,Unknown,Unknown,Unknown,Unknown,Unknown,Unknown,Unknown,0.0,0.0,0.0,0.0,0.0,0.0,0.0,0.0,0.0,0.0,0.0,0.0,0.0,0.0,0.0,0.0,0.0,0.0,0.0,0.0,0.0,0.0,0.0,0.0,0.0,0.0,0.0,0.0,0.0,0.0,0.0,0.0,0.0,0.0,0.0,0.0,0.0,0.0,0.0,0.0,0.0,0.0,0.0,0.0,1,10,Wednesday,4,0,0
2021-04-16,1900-01-01 14:30:00,EAST 209 STREET,HULL AVENUE,0,0,0,0,0,0,0,0,Passing Too Closely,Unspecified,4407896,Sedan,Unknown,BRONX,10467.0,40.876785,-73.87446,"{'latitude': '40.876785', 'longitude': '-73.87446', 'human_address': '{""address"": """", ""city"": """", ""state"": """", ""zip"": """"}'}",Unknown,Unknown,Unknown,Unknown,Unknown,Unknown,Unknown,0.0,0.0,0.0,0.0,0.0,0.0,0.0,0.0,0.0,0.0,0.0,0.0,0.0,0.0,0.0,0.0,0.0,0.0,0.0,0.0,0.0,0.0,0.0,0.0,0.0,0.0,0.0,0.0,0.0,0.0,0.0,0.0,0.0,0.0,0.0,0.0,0.0,0.0,0.0,0.0,0.0,0.0,0.0,0.0,0,14,Friday,4,0,0
2021-04-16,1900-01-01 18:05:00,Unknown,Unknown,0,0,0,0,0,0,0,0,Alcohol Involvement,Unspecified,4407914,Sedan,Taxi,BRONX,10467.0,40.86367,-73.86741,"{'latitude': '40.86367', 'longitude': '-73.86741', 'human_address': '{""address"": """", ""city"": """", ""state"": """", ""zip"": """"}'}",Unknown,Unknown,2516      WHITE PLAINS ROAD,Unknown,Unknown,Unknown,Unknown,0.0,0.0,0.0,0.0,0.0,0.0,0.0,0.0,0.0,0.0,0.0,0.0,0.0,0.0,0.0,0.0,0.0,0.0,0.0,0.0,0.0,0.0,0.0,0.0,0.0,0.0,0.0,0.0,0.0,0.0,0.0,0.0,0.0,0.0,0.0,0.0,0.0,0.0,0.0,0.0,0.0,0.0,0.0,0.0,0,18,Friday,4,1,0
2021-04-14,1900-01-01 00:00:00,Unknown,Unknown,0,0,0,0,0,0,0,0,Driver Inexperience,Unspecified,4407512,Sedan,E-Bike,BRONX,10460.0,40.835827,-73.89068,"{'latitude': '40.835827', 'longitude': '-73.89068', 'human_address': '{""address"": """", ""city"": """", ""state"": """", ""zip"": """"}'}",Unknown,Unknown,1600      BOSTON ROAD,Unknown,Unknown,Unknown,Unknown,0.0,0.0,0.0,0.0,0.0,0.0,0.0,0.0,0.0,0.0,0.0,0.0,0.0,0.0,0.0,0.0,0.0,0.0,0.0,0.0,0.0,0.0,0.0,0.0,0.0,0.0,0.0,0.0,0.0,0.0,0.0,0.0,0.0,0.0,0.0,0.0,0.0,0.0,0.0,0.0,0.0,0.0,0.0,0.0,0,0,Wednesday,4,0,0
2021-04-15,1900-01-01 15:37:00,Unknown,Unknown,0,0,0,0,0,0,0,0,Unspecified,Unknown,4408427,Sedan,Unknown,MANHATTAN,10029.0,40.793396,-73.94043,"{'latitude': '40.793396', 'longitude': '-73.94043', 'human_address': '{""address"": """", ""city"": """", ""state"": """", ""zip"": """"}'}",Unknown,Unknown,2145      2 AVENUE,Unknown,Unknown,Unknown,Unknown,0.0,0.0,0.0,0.0,0.0,0.0,0.0,0.0,0.0,0.0,0.0,0.0,0.0,0.0,0.0,0.0,0.0,0.0,0.0,0.0,0.0,0.0,0.0,0.0,0.0,0.0,0.0,0.0,0.0,0.0,0.0,0.0,0.0,0.0,0.0,0.0,0.0,0.0,0.0,0.0,0.0,0.0,0.0,0.0,0,15,Thursday,4,0,0
2021-04-14,1900-01-01 17:20:00,SOUTHERN BOULEVARD,EAST 182 STREET,0,0,0,0,0,0,0,0,Failure to Yield Right-of-Way,Driver Inexperience,4407532,E-Bike,Sedan,BRONX,10472.0,40.84827,-73.88312,"{'latitude': '40.84827', 'longitude': '-73.88312', 'human_address': '{""address"": """", ""city"": """", ""state"": """", ""zip"": """"}'}",Unknown,Unknown,Unknown,Unknown,Unknown,Unknown,Unknown,0.0,0.0,0.0,0.0,0.0,0.0,0.0,0.0,0.0,0.0,0.0,0.0,0.0,0.0,0.0,0.0,0.0,0.0,0.0,0.0,0.0,0.0,0.0,0.0,0.0,0.0,0.0,0.0,0.0,0.0,0.0,0.0,0.0,0.0,0.0,0.0,0.0,0.0,0.0,0.0,0.0,0.0,0.0,0.0,0,17,Wednesday,4,1,0
2021-04-14,1900-01-01 23:17:00,HEGEMAN AVENUE,Unknown,1,0,0,0,0,0,1,0,Driver Inexperience,Unspecified,4408086,Sedan,Station Wagon/Sport Utility Vehicle,Unknown,0.0,40.656273,-73.90731,"{'latitude': '40.656273', 'longitude': '-73.90731', 'human_address': '{""address"": """", ""city"": """", ""state"": """", ""zip"": """"}'}",Unknown,Unknown,Unknown,Unknown,Unknown,Unknown,Unknown,0.0,0.0,0.0,0.0,0.0,0.0,0.0,0.0,0.0,0.0,0.0,0.0,0.0,0.0,0.0,0.0,0.0,0.0,0.0,0.0,0.0,0.0,0.0,0.0,0.0,0.0,0.0,0.0,0.0,0.0,0.0,0.0,0.0,0.0,0.0,0.0,0.0,0.0,0.0,0.0,0.0,0.0,0.0,0.0,1,23,Wednesday,4,0,0
2021-04-16,1900-01-01 09:25:00,Unknown,Unknown,1,0,0,0,0,0,1,0,Driver Inattention/Distraction,Unspecified,4407856,Station Wagon/Sport Utility Vehicle,Sedan,BROOKLYN,11205.0,40.693462,-73.965485,"{'latitude': '40.693462', 'longitude': '-73.965485', 'human_address': '{""address"": """", ""city"": """", ""state"": """", ""zip"": """"}'}",Unknown,Unknown,492       MYRTLE AVENUE,Unknown,Unknown,Unknown,Unknown,0.0,0.0,0.0,0.0,0.0,0.0,0.0,0.0,0.0,0.0,0.0,0.0,0.0,0.0,0.0,0.0,0.0,0.0,0.0,0.0,0.0,0.0,0.0,0.0,0.0,0.0,0.0,0.0,0.0,0.0,0.0,0.0,0.0,0.0,0.0,0.0,0.0,0.0,0.0,0.0,0.0,0.0,0.0,0.0,1,9,Friday,4,1,0
2021-04-15,1900-01-01 16:00:00,DUMONT AVENUE,HENDRIX STREET,1,0,0,0,0,0,1,0,Unspecified,Unspecified,4407729,Van,Sedan,BROOKLYN,11207.0,40.66725,-73.88799,"{'latitude': '40.66725', 'longitude': '-73.88799', 'human_address': '{""address"": """", ""city"": """", ""state"": """", ""zip"": """"}'}",Unspecified,Sedan,Unknown,Unknown,Unknown,Unknown,Unknown,0.0,0.0,0.0,0.0,0.0,0.0,0.0,0.0,0.0,0.0,0.0,0.0,0.0,0.0,0.0,0.0,0.0,0.0,0.0,0.0,0.0,0.0,0.0,0.0,0.0,0.0,0.0,0.0,0.0,0.0,0.0,0.0,0.0,0.0,0.0,0.0,0.0,0.0,0.0,0.0,0.0,0.0,0.0,0.0,1,16,Thursday,4,1,0
2021-04-13,1900-01-01 17:55:00,GRANT HIGHWAY,UNIVERSITY AVENUE,1,0,0,0,1,0,0,0,Pedestrian/Bicyclist/Other Pedestrian Error/Confusion,Unspecified,4407789,Station Wagon/Sport Utility Vehicle,Bike,BRONX,10452.0,40.844105,-73.923065,"{'latitude': '40.844105', 'longitude': '-73.923065', 'human_address': '{""address"": """", ""city"": """", ""state"": """", ""zip"": """"}'}",Unknown,Unknown,Unknown,Unknown,Unknown,Unknown,Unknown,0.0,0.0,0.0,0.0,0.0,0.0,0.0,0.0,0.0,0.0,0.0,0.0,0.0,0.0,0.0,0.0,0.0,0.0,0.0,0.0,0.0,0.0,0.0,0.0,0.0,0.0,0.0,0.0,0.0,0.0,0.0,0.0,0.0,0.0,0.0,0.0,0.0,0.0,0.0,0.0,0.0,0.0,0.0,0.0,1,17,Tuesday,4,1,0
2021-04-16,1900-01-01 21:00:00,Unknown,Unknown,0,0,0,0,0,0,0,0,Backing Unsafely,Unspecified,4408129,Sedan,Station Wagon/Sport Utility Vehicle,BROOKLYN,11203.0,40.651707,-73.93121,"{'latitude': '40.651707', 'longitude': '-73.93121', 'human_address': '{""address"": """", ""city"": """", ""state"": """", ""zip"": """"}'}",Unknown,Unknown,4905      CHURCH AVENUE,Unknown,Unknown,Unknown,Unknown,0.0,0.0,0.0,0.0,0.0,0.0,0.0,0.0,0.0,0.0,0.0,0.0,0.0,0.0,0.0,0.0,0.0,0.0,0.0,0.0,0.0,0.0,0.0,0.0,0.0,0.0,0.0,0.0,0.0,0.0,0.0,0.0,0.0,0.0,0.0,0.0,0.0,0.0,0.0,0.0,0.0,0.0,0.0,0.0,0,21,Friday,4,0,0
2021-04-15,1900-01-01 10:30:00,111 AVENUE,LEFFERTS BOULEVARD,1,0,1,0,0,0,0,0,Failure to Yield Right-of-Way,Unknown,4407576,Station Wagon/Sport Utility Vehicle,Unknown,QUEENS,11420.0,40.680496,-73.821365,"{'latitude': '40.680496', 'longitude': '-73.821365', 'human_address': '{""address"": """", ""city"": """", ""state"": """", ""zip"": """"}'}",Unknown,Unknown,Unknown,Unknown,Unknown,Unknown,Unknown,0.0,0.0,0.0,0.0,0.0,0.0,0.0,0.0,0.0,0.0,0.0,0.0,0.0,0.0,0.0,0.0,0.0,0.0,0.0,0.0,0.0,0.0,0.0,0.0,0.0,0.0,0.0,0.0,0.0,0.0,0.0,0.0,0.0,0.0,0.0,0.0,0.0,0.0,0.0,0.0,0.0,0.0,0.0,0.0,1,10,Thursday,4,0,0
2021-04-15,1900-01-01 23:36:00,OGDEN AVENUE,WEST 165 STREET,0,0,0,0,0,0,0,0,View Obstructed/Limited,Unspecified,4408193,Ambulance,Station Wagon/Sport Utility Vehicle,BRONX,10452.0,40.834415,-73.92854,"{'latitude': '40.834415', 'longitude': '-73.92854', 'human_address': '{""address"": """", ""city"": """", ""state"": """", ""zip"": """"}'}",Unknown,Unknown,Unknown,Unknown,Unknown,Unknown,Unknown,0.0,0.0,0.0,0.0,0.0,0.0,0.0,0.0,0.0,0.0,0.0,0.0,0.0,0.0,0.0,0.0,0.0,0.0,0.0,0.0,0.0,0.0,0.0,0.0,0.0,0.0,0.0,0.0,0.0,0.0,0.0,0.0,0.0,0.0,0.0,0.0,0.0,0.0,0.0,0.0,0.0,0.0,0.0,0.0,0,23,Thursday,4,0,0
2021-04-15,1900-01-01 00:00:00,51 AVENUE,61 STREET,0,0,0,0,0,0,0,0,Driver Inattention/Distraction,Unspecified,4407643,Sedan,Unknown,QUEENS,11377.0,40.7357,-73.90377,"{'latitude': '40.7357', 'longitude': '-73.90377', 'human_address': '{""address"": """", ""city"": """", ""state"": """", ""zip"": """"}'}",Unknown,Unknown,Unknown,Unknown,Unknown,Unknown,Unknown,0.0,0.0,0.0,0.0,0.0,0.0,0.0,0.0,0.0,0.0,0.0,0.0,0.0,0.0,0.0,0.0,0.0,0.0,0.0,0.0,0.0,0.0,0.0,0.0,0.0,0.0,0.0,0.0,0.0,0.0,0.0,0.0,0.0,0.0,0.0,0.0,0.0,0.0,0.0,0.0,0.0,0.0,0.0,0.0,0,0,Thursday,4,0,0
2021-04-15,1900-01-01 21:33:00,WHITESTONE EXPRESSWAY,Unknown,0,0,0,0,0,0,0,0,Passing or Lane Usage Improper,Passing or Lane Usage Improper,4407906,Sedan,Sedan,Unknown,0.0,40.771038,-73.83413,"{'latitude': '40.771038', 'longitude': '-73.83413', 'human_address': '{""address"": """", ""city"": """", ""state"": """", ""zip"": """"}'}",Passing or Lane Usage Improper,Sedan,Unknown,Unknown,Unknown,Unknown,Unknown,0.0,0.0,0.0,0.0,0.0,0.0,0.0,0.0,0.0,0.0,0.0,0.0,0.0,0.0,0.0,0.0,0.0,0.0,0.0,0.0,0.0,0.0,0.0,0.0,0.0,0.0,0.0,0.0,0.0,0.0,0.0,0.0,0.0,0.0,0.0,0.0,0.0,0.0,0.0,0.0,0.0,0.0,0.0,0.0,0,21,Thursday,4,0,0
2021-04-14,1900-01-01 19:45:00,FLATBUSH AVENUE EXTENSION,JOHNSON STREET,1,0,0,0,1,0,0,0,Driver Inattention/Distraction,Driver Inattention/Distraction,4407414,Sedan,Bike,BROOKLYN,11201.0,40.69484,-73.98391,"{'latitude': '40.69484', 'longitude': '-73.98391', 'human_address': '{""address"": """", ""city"": """", ""state"": """", ""zip"": """"}'}",Unknown,Unknown,Unknown,Unknown,Unknown,Unknown,Unknown,0.0,0.0,0.0,0.0,0.0,0.0,0.0,0.0,0.0,0.0,0.0,0.0,0.0,0.0,0.0,0.0,0.0,0.0,0.0,0.0,0.0,0.0,0.0,0.0,0.0,0.0,0.0,0.0,0.0,0.0,0.0,0.0,0.0,0.0,0.0,0.0,0.0,0.0,0.0,0.0,0.0,0.0,0.0,0.0,1,19,Wednesday,4,0,0
2021-04-14,1900-01-01 07:45:00,Unknown,Unknown,2,0,0,0,0,0,2,0,Passing or Lane Usage Improper,Unspecified,4407623,Station Wagon/Sport Utility Vehicle,Motorcycle,MANHATTAN,10024.0,40.785774,-73.97052,"{'latitude': '40.785774', 'longitude': '-73.97052', 'human_address': '{""address"": """", ""city"": """", ""state"": """", ""zip"": """"}'}",Unknown,Unknown,38        WEST 86 STREET,Unknown,Unknown,Unknown,Unknown,0.0,0.0,0.0,0.0,0.0,0.0,0.0,0.0,0.0,0.0,0.0,0.0,0.0,0.0,0.0,0.0,0.0,0.0,0.0,0.0,0.0,0.0,0.0,0.0,0.0,0.0,0.0,0.0,0.0,0.0,0.0,0.0,0.0,0.0,0.0,0.0,0.0,0.0,0.0,0.0,0.0,0.0,0.0,0.0,1,7,Wednesday,4,1,0
2021-04-14,1900-01-01 12:30:00,Unknown,Unknown,0,0,0,0,0,0,0,0,Driver Inattention/Distraction,Unspecified,4407436,Sedan,Unknown,QUEENS,11373.0,40.733017,-73.8852,"{'latitude': '40.733017', 'longitude': '-73.8852', 'human_address': '{""address"": """", ""city"": """", ""state"": """", ""zip"": """"}'}",Unknown,Unknown,82-26     ANKENER AVENUE,Unknown,Unknown,Unknown,Unknown,0.0,0.0,0.0,0.0,0.0,0.0,0.0,0.0,0.0,0.0,0.0,0.0,0.0,0.0,0.0,0.0,0.0,0.0,0.0,0.0,0.0,0.0,0.0,0.0,0.0,0.0,0.0,0.0,0.0,0.0,0.0,0.0,0.0,0.0,0.0,0.0,0.0,0.0,0.0,0.0,0.0,0.0,0.0,0.0,0,12,Wednesday,4,0,0
2021-04-16,1900-01-01 08:30:00,201 STREET,Unknown,0,0,0,0,0,0,0,0,Traffic Control Disregarded,Driver Inattention/Distraction,4407952,Station Wagon/Sport Utility Vehicle,Station Wagon/Sport Utility Vehicle,Unknown,0.0,40.709023,-73.757835,"{'latitude': '40.709023', 'longitude': '-73.757835', 'human_address': '{""address"": """", ""city"": """", ""state"": """", ""zip"": """"}'}",Unknown,Unknown,Unknown,Unknown,Unknown,Unknown,Unknown,0.0,0.0,0.0,0.0,0.0,0.0,0.0,0.0,0.0,0.0,0.0,0.0,0.0,0.0,0.0,0.0,0.0,0.0,0.0,0.0,0.0,0.0,0.0,0.0,0.0,0.0,0.0,0.0,0.0,0.0,0.0,0.0,0.0,0.0,0.0,0.0,0.0,0.0,0.0,0.0,0.0,0.0,0.0,0.0,0,8,Friday,4,1,0
2021-04-14,1900-01-01 11:15:00,ATLANTIC AVENUE,Unknown,2,0,0,0,0,0,2,0,Failure to Yield Right-of-Way,Unspecified,4407761,Flat Bed,Station Wagon/Sport Utility Vehicle,Unknown,0.0,40.692886,-73.832184,"{'latitude': '40.692886', 'longitude': '-73.832184', 'human_address': '{""address"": """", ""city"": """", ""state"": """", ""zip"": """"}'}",Unknown,Unknown,Unknown,Unknown,Unknown,Unknown,Unknown,0.0,0.0,0.0,0.0,0.0,0.0,0.0,0.0,0.0,0.0,0.0,0.0,0.0,0.0,0.0,0.0,0.0,0.0,0.0,0.0,0.0,0.0,0.0,0.0,0.0,0.0,0.0,0.0,0.0,0.0,0.0,0.0,0.0,0.0,0.0,0.0,0.0,0.0,0.0,0.0,0.0,0.0,0.0,0.0,1,11,Wednesday,4,0,0
2021-04-15,1900-01-01 15:18:00,4 AVENUE,FOREST PLACE,0,1,0,1,0,0,0,0,Driver Inattention/Distraction,Unknown,4408063,Station Wagon/Sport Utility Vehicle,Unknown,BROOKLYN,11209.0,40.620487,-74.029305,"{'latitude': '40.620487', 'longitude': '-74.029305', 'human_address': '{""address"": """", ""city"": """", ""state"": """", ""zip"": """"}'}",Unknown,Unknown,Unknown,Unknown,Unknown,Unknown,Unknown,0.0,0.0,0.0,0.0,0.0,0.0,0.0,0.0,0.0,0.0,0.0,0.0,0.0,0.0,0.0,0.0,0.0,0.0,0.0,0.0,0.0,0.0,0.0,0.0,0.0,0.0,0.0,0.0,0.0,0.0,0.0,0.0,0.0,0.0,0.0,0.0,0.0,0.0,0.0,0.0,0.0,0.0,0.0,0.0,0,15,Thursday,4,0,0
2021-04-14,1900-01-01 17:50:00,16 AVENUE,71 STREET,0,0,0,0,0,0,0,0,Driver Inattention/Distraction,Unspecified,4407388,Sedan,Sedan,BROOKLYN,11204.0,40.618595,-73.99847,"{'latitude': '40.618595', 'longitude': '-73.99847', 'human_address': '{""address"": """", ""city"": """", ""state"": """", ""zip"": """"}'}",Unknown,Unknown,Unknown,Unknown,Unknown,Unknown,Unknown,0.0,0.0,0.0,0.0,0.0,0.0,0.0,0.0,0.0,0.0,0.0,0.0,0.0,0.0,0.0,0.0,0.0,0.0,0.0,0.0,0.0,0.0,0.0,0.0,0.0,0.0,0.0,0.0,0.0,0.0,0.0,0.0,0.0,0.0,0.0,0.0,0.0,0.0,0.0,0.0,0.0,0.0,0.0,0.0,0,17,Wednesday,4,1,0
2021-04-14,1900-01-01 10:29:00,Unknown,Unknown,1,0,1,0,0,0,0,0,Unspecified,Unknown,4407766,Station Wagon/Sport Utility Vehicle,Unknown,MANHATTAN,10026.0,40.803787,-73.953896,"{'latitude': '40.803787', 'longitude': '-73.953896', 'human_address': '{""address"": """", ""city"": """", ""state"": """", ""zip"": """"}'}",Unknown,Unknown,246       WEST 116 STREET,Unknown,Unknown,Unknown,Unknown,0.0,0.0,0.0,0.0,0.0,0.0,0.0,0.0,0.0,0.0,0.0,0.0,0.0,0.0,0.0,0.0,0.0,0.0,0.0,0.0,0.0,0.0,0.0,0.0,0.0,0.0,0.0,0.0,0.0,0.0,0.0,0.0,0.0,0.0,0.0,0.0,0.0,0.0,0.0,0.0,0.0,0.0,0.0,0.0,1,10,Wednesday,4,0,0
2021-04-15,1900-01-01 20:02:00,ALDUS STREET,FAILE STREET,0,0,0,0,0,0,0,0,Passing or Lane Usage Improper,Unspecified,4407901,Station Wagon/Sport Utility Vehicle,Unknown,BRONX,10459.0,40.82319,-73.889496,"{'latitude': '40.82319', 'longitude': '-73.889496', 'human_address': '{""address"": """", ""city"": """", ""state"": """", ""zip"": """"}'}",Unknown,Unknown,Unknown,Unknown,Unknown,Unknown,Unknown,0.0,0.0,0.0,0.0,0.0,0.0,0.0,0.0,0.0,0.0,0.0,0.0,0.0,0.0,0.0,0.0,0.0,0.0,0.0,0.0,0.0,0.0,0.0,0.0,0.0,0.0,0.0,0.0,0.0,0.0,0.0,0.0,0.0,0.0,0.0,0.0,0.0,0.0,0.0,0.0,0.0,0.0,0.0,0.0,0,20,Thursday,4,0,0
2021-04-14,1900-01-01 19:20:00,FULTON STREET,Unknown,1,0,0,0,0,0,1,0,Driver Inattention/Distraction,Driver Inattention/Distraction,4408104,Sedan,Motorcycle,Unknown,0.0,40.680088,-73.94398,"{'latitude': '40.680088', 'longitude': '-73.94398', 'human_address': '{""address"": """", ""city"": """", ""state"": """", ""zip"": """"}'}",Unknown,Unknown,Unknown,Unknown,Unknown,Unknown,Unknown,0.0,0.0,0.0,0.0,0.0,0.0,0.0,0.0,0.0,0.0,0.0,0.0,0.0,0.0,0.0,0.0,0.0,0.0,0.0,0.0,0.0,0.0,0.0,0.0,0.0,0.0,0.0,0.0,0.0,0.0,0.0,0.0,0.0,0.0,0.0,0.0,0.0,0.0,0.0,0.0,0.0,0.0,0.0,0.0,1,19,Wednesday,4,0,0
2021-04-14,1900-01-01 19:00:00,TINTON AVENUE,HOME STREET,0,0,0,0,0,0,0,0,Unspecified,Unknown,4407486,Sedan,Unknown,BRONX,10456.0,40.827927,-73.90094,"{'latitude': '40.827927', 'longitude': '-73.90094', 'human_address': '{""address"": """", ""city"": """", ""state"": """", ""zip"": """"}'}",Unknown,Unknown,Unknown,Unknown,Unknown,Unknown,Unknown,0.0,0.0,0.0,0.0,0.0,0.0,0.0,0.0,0.0,0.0,0.0,0.0,0.0,0.0,0.0,0.0,0.0,0.0,0.0,0.0,0.0,0.0,0.0,0.0,0.0,0.0,0.0,0.0,0.0,0.0,0.0,0.0,0.0,0.0,0.0,0.0,0.0,0.0,0.0,0.0,0.0,0.0,0.0,0.0,0,19,Wednesday,4,0,0
2021-07-08,1900-01-01 19:55:00,COZINE AVENUE,Unknown,0,0,0,0,0,0,0,0,Other Vehicular,Other Vehicular,4456618,Sedan,Station Wagon/Sport Utility Vehicle,Unknown,0.0,40.65342,-73.88898,"{'latitude': '40.65342', 'longitude': '-73.88898', 'human_address': '{""address"": """", ""city"": """", ""state"": """", ""zip"": """"}'}",Unknown,Unknown,Unknown,Unknown,Unknown,Unknown,Unknown,0.0,0.0,0.0,0.0,0.0,0.0,0.0,0.0,0.0,0.0,0.0,0.0,0.0,0.0,0.0,0.0,0.0,0.0,0.0,0.0,0.0,0.0,0.0,0.0,0.0,0.0,0.0,0.0,0.0,0.0,0.0,0.0,0.0,0.0,0.0,0.0,0.0,0.0,0.0,0.0,0.0,0.0,0.0,0.0,0,19,Thursday,7,0,0
2021-04-14,1900-01-01 22:21:00,EASTERN PARKWAY,SCHENECTADY AVENUE,0,0,0,0,0,0,0,0,Driver Inattention/Distraction,Unspecified,4408264,Moped,Station Wagon/Sport Utility Vehicle,BROOKLYN,11213.0,40.66895,-73.9339,"{'latitude': '40.66895', 'longitude': '-73.9339', 'human_address': '{""address"": """", ""city"": """", ""state"": """", ""zip"": """"}'}",Unknown,Unknown,Unknown,Unknown,Unknown,Unknown,Unknown,0.0,0.0,0.0,0.0,0.0,0.0,0.0,0.0,0.0,0.0,0.0,0.0,0.0,0.0,0.0,0.0,0.0,0.0,0.0,0.0,0.0,0.0,0.0,0.0,0.0,0.0,0.0,0.0,0.0,0.0,0.0,0.0,0.0,0.0,0.0,0.0,0.0,0.0,0.0,0.0,0.0,0.0,0.0,0.0,0,22,Wednesday,4,0,0
2021-04-15,1900-01-01 15:25:00,PERRY AVENUE,Unknown,0,0,0,0,0,0,0,0,Turning Improperly,Driver Inattention/Distraction,4407678,Sedan,Station Wagon/Sport Utility Vehicle,Unknown,0.0,40.879055,-73.87439,"{'latitude': '40.879055', 'longitude': '-73.87439', 'human_address': '{""address"": """", ""city"": """", ""state"": """", ""zip"": """"}'}",Unknown,Unknown,Unknown,Unknown,Unknown,Unknown,Unknown,0.0,0.0,0.0,0.0,0.0,0.0,0.0,0.0,0.0,0.0,0.0,0.0,0.0,0.0,0.0,0.0,0.0,0.0,0.0,0.0,0.0,0.0,0.0,0.0,0.0,0.0,0.0,0.0,0.0,0.0,0.0,0.0,0.0,0.0,0.0,0.0,0.0,0.0,0.0,0.0,0.0,0.0,0.0,0.0,0,15,Thursday,4,0,0
2021-04-14,1900-01-01 11:30:00,SAINT JOHNS PLACE,Unknown,1,0,0,0,0,0,1,0,Unsafe Speed,Unknown,4407355,Moped,Unknown,Unknown,0.0,40.67043,-73.928185,"{'latitude': '40.67043', 'longitude': '-73.928185', 'human_address': '{""address"": """", ""city"": """", ""state"": """", ""zip"": """"}'}",Unknown,Unknown,Unknown,Unknown,Unknown,Unknown,Unknown,0.0,0.0,0.0,0.0,0.0,0.0,0.0,0.0,0.0,0.0,0.0,0.0,0.0,0.0,0.0,0.0,0.0,0.0,0.0,0.0,0.0,0.0,0.0,0.0,0.0,0.0,0.0,0.0,0.0,0.0,0.0,0.0,0.0,0.0,0.0,0.0,0.0,0.0,0.0,0.0,0.0,0.0,0.0,0.0,1,11,Wednesday,4,0,0