crash_date,crash_time,on_street_name,off_street_name,number_of_persons_injured,number_of_persons_killed,number_of_pedestrians_injured,number_of_pedestrians_killed,number_of_cyclist_injured,number_of_cyclist_killed,number_of_motorist_injured,number_of_motorist_killed,contributing_factor_vehicle_1,contributing_factor_vehicle_2,collision_id,vehicle_type_code1,vehicle_type_code2,borough,zip_code,latitude,longitude,location,contributing_factor_vehicle_3,vehicle_type_code_3,cross_street_name,contributing_factor_vehicle_4,vehicle_type_code_4,contributing_factor_vehicle_5,vehicle_type_code_5,unique_id,crash_date_veh,crash_time_veh,vehicle_id,state_registration,vehicle_type,contributing_factor_1,vehicle_make,vehicle_year,travel_direction,vehicle_occupants,driver_sex,driver_license_status,driver_license_jurisdiction,pre_crash,point_of_impact,vehicle_damage,public_property_damage,contributing_factor_2,vehicle_damage_1,vehicle_damage_2,vehicle_damage_3,vehicle_model,public_property_damage_type,unique_id_pers,crash_date_pers,crash_time_pers,person_id,person_type,person_injury,vehicle_id_pers,ped_role,person_sex,person_age,ejection,emotional_status,bodily_injury,position_in_vehicle,safety_equipment,complaint,ped_location,ped_action,contributing_factor_1_pers,contributing_factor_2_pers,injury_occurred,crash_hour,day_of_week,month,rush_hour,is_weekend
2021-04-16,1900-01-01 23:14:00,BOSTON ROAD,FISH AVENUE,3,0,0,0,0,0,3,0,Unspecified,Unspecified,4408155,Sedan,Sedan,BRONX,10469.0,40.875874,-73.84989,"{'latitude': '40.875874', 'longitude': '-73.84989', 'human_address': '{""address"": """", ""city"": """", ""state"": """", ""zip"": """"}'}",Unknown,Unknown,Unknown,Unknown,Unknown,Unknown,Unknown,0.0,0.0,0.0,0.0,0.0,0.0,0.0,0.0,0.0,0.0,0.0,0.0,0.0,0.0,0.0,0.0,0.0,0.0,0.0,0.0,0.0,0.0,0.0,0.0,0.0,0.0,0.0,0.0,0.0,0.0,0.0,0.0,0.0,0.0,0.0,0.0,0.0,0.0,0.0,0.0,0.0,0.0,0.0,0.0,1,23,Friday,4,0,0
2021-04-13,1900-01-01 09:30:00,BERGEN STREET,Unknown,0,0,0,0,0,0,0,0,Following Too Closely,Unspecified,4408271,Station Wagon/Sport Utility Vehicle,Unknown,Unknown,0.0,40.675037,-73.930534,"{'latitude': '40.675037', 'longitude': '-73.930534', 'human_address': '{""address"": """", ""city"": """", ""state"": """", ""zip"": """"}'}",Unknown,Unknown,Unknown,Unknown,Unknown,Unknown,Unknown,0.0,0.0,0.0,0.0,0.0,0.0,0.0,0.0,0.0,0.0,0.0,0.0,0.0,0.0,0.0,0.0,0.0,0.0,0.0,0.0,0.0,0.0,0.0,0.0,0.0,0.0,0.0,0.0,0.0,0.0,0.0,0.0,0.0,0.0,0.0,0.0,0.0,0.0,0.0,0.0,0.0,0.0,0.0,0.0,0,9,Tuesday,4,1,0
2021-04-16,1900-01-01 13:59:00,41 STREET,Unknown,1,0,1,0,0,0,0,0,Failure to Yield Right-of-Way,Unknown,4408380,Station Wagon/Sport Utility Vehicle,Unknown,Unknown,0.0,40.767582,-73.9109,"{'latitude': '40.767582', 'longitude': '-73.9109', 'human_address': '{""address"": """", ""city"": """", ""state"": """", ""zip"": """"}'}",Unknown,Unknown,Unknown,Unknown,Unknown,Unknown,Unknown,0.0,0.0,0.0,0.0,0.0,0.0,0.0,0.0,0.0,0.0,0.0,0.0,0.0,0.0,0.0,0.0,0.0,0.0,0.0,0.0,0.0,0.0,0.0,0.0,0.0,0.0,0.0,0.0,0.0,0.0,0.0,0.0,0.0,0.0,0.0,0.0,0.0,0.0,0.0,0.0,0.0,0.0,0.0,0.0,1,13,Friday,4,0,0
2021-04-14,1900-01-01 06:35:00,Unknown,Unknown,0,0,0,0,0,0,0,0,Backing Unsafely,Unspecified,4407598,Station Wagon/Sport Utility Vehicle,Station Wagon/Sport Utility Vehicle,MANHATTAN,10014.0,40.734352,-74.00849,"{'latitude': '40.734352', 'longitude': '-74.00849', 'human_address': '{""address"": """", ""city"": """", ""state"": """", ""zip"": """"}'}",Unknown,Unknown,690       WASHINGTON STREET,Unknown,Unknown,Unknown,Unknown,0.0,0.0,0.0,0.0,0.0,0.0,0.0,0.0,0.0,0.0,0.0,0.0,0.0,0.0,0.0,0.0,0.0,0.0,0.0,0.0,0.0,0.0,0.0,0.0,0.0,0.0,0.0,0.0,0.0,0.0,0.0,0.0,0.0,0.0,0.0,0.0,0.0,0.0,0.0,0.0,0.0,0.0,0.0,0.0,0,6,Wednesday,4,0,0
2021-04-15,1900-01-01 22:36:00,Trans- Manhattan Expressway,Amsterdam Avenue,4,1,0,0,0,0,4,1,Alcohol Involvement,Unknown,4407693,Sedan,Unknown,Unknown,0.0,0.0,0.0,Unknown,Unknown,Unknown,Unknown,Unknown,Unknown,Unknown,Unknown,0.0,0.0,0.0,0.0,0.0,0.0,0.0,0.0,0.0,0.0,0.0,0.0,0.0,0.0,0.0,0.0,0.0,0.0,0.0,0.0,0.0,0.0,0.0,0.0,0.0,0.0,0.0,0.0,0.0,0.0,0.0,0.0,0.0,0.0,0.0,0.0,0.0,0.0,0.0,0.0,0.0,0.0,0.0,0.0,1,22,Thursday,4,0,0
2021-04-16,1900-01-01 14:50:00,EAST 80 STREET,PAERDEGAT 7 STREET,2,0,0,0,0,0,2,0,Driver Inexperience,Unspecified,4407866,Station Wagon/Sport Utility Vehicle,Sedan,BROOKLYN,11236.0,40.63083,-73.90736,"{'latitude': '40.63083', 'longitude': '-73.90736', 'human_address': '{""address"": """", ""city"": """", ""state"": """", ""zip"": """"}'}",Unknown,Unknown,Unknown,Unknown,Unknown,Unknown,Unknown,0.0,0.0,0.0,0.0,0.0,0.0,0.0,0.0,0.0,0.0,0.0,0.0,0.0,0.0,0.0,0.0,0.0,0.0,0.0,0.0,0.0,0.0,0.0,0.0,0.0,0.0,0.0,0.0,0.0,0.0,0.0,0.0,0.0,0.0,0.0,0.0,0.0,0.0,0.0,0.0,0.0,0.0,0.0,0.0,1,14,Friday,4,0,0
2021-04-14,1900-01-01 18:35:00,Unknown,Unknown,0,0,0,0,0,0,0,0,Driver Inattention/Distraction,Unspecified,4407452,Sedan,Sedan,BROOKLYN,11210.0,40.63532,-73.95033,"{'latitude': '40.63532', 'longitude': '-73.95033', 'human_address': '{""address"": """", ""city"": """", ""state"": """", ""zip"": """"}'}",Unknown,Unknown,1452      FLATBUSH AVENUE,Unknown,Unknown,Unknown,Unknown,0.0,0.0,0.0,0.0,0.0,0.0,0.0,0.0,0.0,0.0,0.0,0.0,0.0,0.0,0.0,0.0,0.0,0.0,0.0,0.0,0.0,0.0,0.0,0.0,0.0,0.0,0.0,0.0,0.0,0.0,0.0,0.0,0.0,0.0,0.0,0.0,0.0,0.0,0.0,0.0,0.0,0.0,0.0,0.0,0,18,Wednesday,4,1,0
2021-04-13,1900-01-01 10:30:00,Unknown,Unknown,0,0,0,0,0,0,0,0,Driver Inattention/Distraction,Driver Inattention/Distraction,4407809,Tractor Truck Diesel,Sedan,BROOKLYN,11211.0,40.714073,-73.95087,"{'latitude': '40.714073', 'longitude': '-73.95087', 'human_address': '{""address"": """", ""city"": """", ""state"": """", ""zip"": """"}'}",Unknown,Unknown,533       METROPOLITAN AVENUE,Unknown,Unknown,Unknown,Unknown,0.0,0.0,0.0,0.0,0.0,0.0,0.0,0.0,0.0,0.0,0.0,0.0,0.0,0.0,0.0,0.0,0.0,0.0,0.0,0.0,0.0,0.0,0.0,0.0,0.0,0.0,0.0,0.0,0.0,0.0,0.0,0.0,0.0,0.0,0.0,0.0,0.0,0.0,0.0,0.0,0.0,0.0,0.0,0.0,0,10,Tuesday,4,0,0
2021-04-14,1900-01-01 06:55:00,Unknown,Unknown,0,0,0,0,0,0,0,0,Passing or Lane Usage Improper,Following Too Closely,4407393,Sedan,Tractor Truck Gasoline,BROOKLYN,11206.0,40.702194,-73.93587,"{'latitude': '40.702194', 'longitude': '-73.93587', 'human_address': '{""address"": """", ""city"": """", ""state"": """", ""zip"": """"}'}",Unknown,Unknown,923       FLUSHING AVENUE,Unknown,Unknown,Unknown,Unknown,0.0,0.0,0.0,0.0,0.0,0.0,0.0,0.0,0.0,0.0,0.0,0.0,0.0,0.0,0.0,0.0,0.0,0.0,0.0,0.0,0.0,0.0,0.0,0.0,0.0,0.0,0.0,0.0,0.0,0.0,0.0,0.0,0.0,0.0,0.0,0.0,0.0,0.0,0.0,0.0,0.0,0.0,0.0,0.0,0,6,Wednesday,4,0,0
2021-04-14,1900-01-01 16:58:00,2 AVENUE,EAST 65 STREET,1,0,0,0,0,0,1,0,Driver Inattention/Distraction,Unspecified,4407453,Sedan,Sedan,MANHATTAN,10065.0,40.764362,-73.96162,"{'latitude': '40.764362', 'longitude': '-73.96162', 'human_address': '{""address"": """", ""city"": """", ""state"": """", ""zip"": """"}'}",Unknown,Unknown,Unknown,Unknown,Unknown,Unknown,Unknown,0.0,0.0,0.0,0.0,0.0,0.0,0.0,0.0,0.0,0.0,0.0,0.0,0.0,0.0,0.0,0.0,0.0,0.0,0.0,0.0,0.0,0.0,0.0,0.0,0.0,0.0,0.0,0.0,0.0,0.0,0.0,0.0,0.0,0.0,0.0,0.0,0.0,0.0,0.0,0.0,0.0,0.0,0.0,0.0,1,16,Wednesday,4,1,0
2021-04-12,1900-01-01 18:30:00,TOMPKINS AVENUE,Unknown,0,0,0,0,0,0,0,0,Passing or Lane Usage Improper,Unspecified,4408214,Sedan,Unknown,Unknown,0.0,40.69496,-73.946236,"{'latitude': '40.69496', 'longitude': '-73.946236', 'human_address': '{""address"": """", ""city"": """", ""state"": """", ""zip"": """"}'}",Unknown,Unknown,Unknown,Unknown,Unknown,Unknown,Unknown,0.0,0.0,0.0,0.0,0.0,0.0,0.0,0.0,0.0,0.0,0.0,0.0,0.0,0.0,0.0,0.0,0.0,0.0,0.0,0.0,0.0,0.0,0.0,0.0,0.0,0.0,0.0,0.0,0.0,0.0,0.0,0.0,0.0,0.0,0.0,0.0,0.0,0.0,0.0,0.0,0.0,0.0,0.0,0.0,0,18,Monday,4,1,0
2021-04-16,1900-01-01 12:10:00,WEST END AVENUE,Unknown,0,0,0,0,0,0,0,0,Unspecified,Unknown,4407824,Box Truck,Unknown,Unknown,0.0,40.79656,-73.97226,"{'latitude': '40.79656', 'longitude': '-73.97226', 'human_address': '{""address"": """", ""city"": """", ""state"": """", ""zip"": """"}'}",Unknown,Unknown,Unknown,Unknown,Unknown,Unknown,Unknown,0.0,0.0,0.0,0.0,0.0,0.0,0.0,0.0,0.0,0.0,0.0,0.0,0.0,0.0,0.0,0.0,0.0,0.0,0.0,0.0,0.0,0.0,0.0,0.0,0.0,0.0,0.0,0.0,0.0,0.0,0.0,0.0,0.0,0.0,0.0,0.0,0.0,0.0,0.0,0.0,0.0,0.0,0.0,0.0,0,12,Friday,4,0,0
2021-04-14,1900-01-01 09:00:00,BROOK AVENUE,EAST 134 STREET,0,0,0,0,0,0,0,0,Unspecified,Unknown,4407431,Sedan,Unknown,BRONX,10454.0,40.805016,-73.92109,"{'latitude': '40.805016', 'longitude': '-73.92109', 'human_address': '{""address"": """", ""city"": """", ""state"": """", ""zip"": """"}'}",Unknown,Unknown,Unknown,Unknown,Unknown,Unknown,Unknown,0.0,0.0,0.0,0.0,0.0,0.0,0.0,0.0,0.0,0.0,0.0,0.0,0.0,0.0,0.0,0.0,0.0,0.0,0.0,0.0,0.0,0.0,0.0,0.0,0.0,0.0,0.0,0.0,0.0,0.0,0.0,0.0,0.0,0.0,0.0,0.0,0.0,0.0,0.0,0.0,0.0,0.0,0.0,0.0,0,9,Wednesday,4,1,0
2021-04-14,1900-01-01 17:00:00,241 STREET,141 AVENUE,2,0,0,0,0,0,2,0,Unspecified,Unspecified,4407632,Sedan,Sedan,QUEENS,11422.0,40.66406,-73.73846,"{'latitude': '40.66406', 'longitude': '-73.73846', 'human_address': '{""address"": """", ""city"": """", ""state"": """", ""zip"": """"}'}",Unknown,Unknown,Unknown,Unknown,Unknown,Unknown,Unknown,0.0,0.0,0.0,0.0,0.0,0.0,0.0,0.0,0.0,0.0,0.0,0.0,0.0,0.0,0.0,0.0,0.0,0.0,0.0,0.0,0.0,0.0,0.0,0.0,0.0,0.0,0.0,0.0,0.0,0.0,0.0,0.0,0.0,0.0,0.0,0.0,0.0,0.0,0.0,0.0,0.0,0.0,0.0,0.0,1,17,Wednesday,4,1,0
2021-04-13,1900-01-01 13:14:00,EAST 115 STREET,2 AVENUE,0,0,0,0,0,0,0,0,Turning Improperly,Turning Improperly,4407841,Sedan,Sedan,MANHATTAN,10029.0,40.7963,-73.93829,"{'latitude': '40.7963', 'longitude': '-73.93829', 'human_address': '{""address"": """", ""city"": """", ""state"": """", ""zip"": """"}'}",Unknown,Unknown,Unknown,Unknown,Unknown,Unknown,Unknown,0.0,0.0,0.0,0.0,0.0,0.0,0.0,0.0,0.0,0.0,0.0,0.0,0.0,0.0,0.0,0.0,0.0,0.0,0.0,0.0,0.0,0.0,0.0,0.0,0.0,0.0,0.0,0.0,0.0,0.0,0.0,0.0,0.0,0.0,0.0,0.0,0.0,0.0,0.0,0.0,0.0,0.0,0.0,0.0,0,13,Tuesday,4,0,0
2021-04-14,1900-01-01 02:25:00,BROOKVILLE BOULEVARD,SUNRISE HIGHWAY,1,0,0,0,0,0,1,0,Traffic Control Disregarded,Unspecified,4407096,Sedan,Station Wagon/Sport Utility Vehicle,QUEENS,11422.0,40.66563,-73.73921,"{'latitude': '40.66563', 'longitude': '-73.73921', 'human_address': '{""address"": """", ""city"": """", ""state"": """", ""zip"": """"}'}",Unknown,Unknown,Unknown,Unknown,Unknown,Unknown,Unknown,0.0,0.0,0.0,0.0,0.0,0.0,0.0,0.0,0.0,0.0,0.0,0.0,0.0,0.0,0.0,0.0,0.0,0.0,0.0,0.0,0.0,0.0,0.0,0.0,0.0,0.0,0.0,0.0,0.0,0.0,0.0,0.0,0.0,0.0,0.0,0.0,0.0,0.0,0.0,0.0,0.0,0.0,0.0,0.0,1,2,Wednesday,4,0,0
2021-04-15,1900-01-01 16:00:00,SUTPHIN BOULEVARD,FOCH BOULEVARD,0,0,0,0,0,0,0,0,Driver Inattention/Distraction,Unspecified,4407658,Sedan,Station Wagon/Sport Utility Vehicle,QUEENS,11436.0,40.680477,-73.7921,"{'latitude': '40.680477', 'longitude': '-73.7921', 'human_address': '{""address"": """", ""city"": """", ""state"": """", ""zip"": """"}'}",Unknown,Unknown,Unknown,Unknown,Unknown,Unknown,Unknown,0.0,0.0,0.0,0.0,0.0,0.0,0.0,0.0,0.0,0.0,0.0,0.0,0.0,0.0,0.0,0.0,0.0,0.0,0.0,0.0,0.0,0.0,0.0,0.0,0.0,0.0,0.0,0.0,0.0,0.0,0.0,0.0,0.0,0.0,0.0,0.0,0.0,0.0,0.0,0.0,0.0,0.0,0.0,0.0,0,16,Thursday,4,1,0
2021-04-16,1900-01-01 11:35:00,VANDAM STREET,BORDEN AVENUE,1,0,0,0,0,0,1,0,Following Too Closely,Unspecified,4407933,Station Wagon/Sport Utility Vehicle,Station Wagon/Sport Utility Vehicle,Unknown,0.0,40.737785,-73.93496,"{'latitude': '40.737785', 'longitude': '-73.93496', 'human_address': '{""address"": """", ""city"": """", ""state"": """", ""zip"": """"}'}",Unknown,Unknown,Unknown,Unknown,Unknown,Unknown,Unknown,0.0,0.0,0.0,0.0,0.0,0.0,0.0,0.0,0.0,0.0,0.0,0.0,0.0,0.0,0.0,0.0,0.0,0.0,0.0,0.0,0.0,0.0,0.0,0.0,0.0,0.0,0.0,0.0,0.0,0.0,0.0,0.0,0.0,0.0,0.0,0.0,0.0,0.0,0.0,0.0,0.0,0.0,0.0,0.0,1,11,Friday,4,0,0
2021-04-16,1900-01-01 12:26:00,AMSTERDAM AVENUE,WEST 72 STREET,1,0,0,0,0,0,1,0,Backing Unsafely,Unspecified,4407976,Station Wagon/Sport Utility Vehicle,Bus,MANHATTAN,10023.0,40.778606,-73.98163,"{'latitude': '40.778606', 'longitude': '-73.98163', 'human_address': '{""address"": """", ""city"": """", ""state"": """", ""zip"": """"}'}",Unknown,Unknown,Unknown,Unknown,Unknown,Unknown,Unknown,0.0,0.0,0.0,0.0,0.0,0.0,0.0,0.0,0.0,0.0,0.0,0.0,0.0,0.0,0.0,0.0,0.0,0.0,0.0,0.0,0.0,0.0,0.0,0.0,0.0,0.0,0.0,0.0,0.0,0.0,0.0,0.0,0.0,0.0,0.0,0.0,0.0,0.0,0.0,0.0,0.0,0.0,0.0,0.0,1,12,Friday,4,0,0
2021-04-16,1900-01-01 00:30:00,93 STREET,32 AVENUE,1,0,0,0,1,0,0,0,Unsafe Speed,Unspecified,4407714,Sedan,Bike,QUEENS,11369.0,40.75868,-73.87552,"{'latitude': '40.75868', 'longitude': '-73.87552', 'human_address': '{""address"": """", ""city"": """", ""state"": """", ""zip"": """"}'}",Unspecified,Unknown,Unknown,Unknown,Unknown,Unknown,Unknown,0.0,0.0,0.0,0.0,0.0,0.0,0.0,0.0,0.0,0.0,0.0,0.0,0.0,0.0,0.0,0.0,0.0,0.0,0.0,0.0,0.0,0.0,0.0,0.0,0.0,0.0,0.0,0.0,0.0,0.0,0.0,0.0,0.0,0.0,0.0,0.0,0.0,0.0,0.0,0.0,0.0,0.0,0.0,0.0,1,0,Friday,4,0,0
2021-04-14,1900-01-01 17:55:00,GRAND CONCOURSE,Unknown,0,0,0,0,0,0,0,0,Following Too Closely,Unspecified,4407373,Sedan,Motorbike,Unknown,0.0,40.856045,-73.90079,"{'latitude': '40.856045', 'longitude': '-73.90079', 'human_address': '{""address"": """", ""city"": """", ""state"": """", ""zip"": """"}'}",Unknown,Unknown,Unknown,Unknown,Unknown,Unknown,Unknown,0.0,0.0,0.0,0.0,0.0,0.0,0.0,0.0,0.0,0.0,0.0,0.0,0.0,0.0,0.0,0.0,0.0,0.0,0.0,0.0,0.0,0.0,0.0,0.0,0.0,0.0,0.0,0.0,0.0,0.0,0.0,0.0,0.0,0.0,0.0,0.0,0.0,0.0,0.0,0.0,0.0,0.0,0.0,0.0,0,17,Wednesday,4,1,0
2021-04-14,1900-01-01 23:36:00,Unknown,Unknown,0,0,0,0,0,0,0,0,Passing Too Closely,Unspecified,4407568,Sedan,Sedan,BRONX,10466.0,40.880257,-73.843864,"{'latitude': '40.880257', 'longitude': '-73.843864', 'human_address': '{""address"": """", ""city"": """", ""state"": """", ""zip"": """"}'}",Unknown,Unknown,1309      EAST 223 STREET,Unknown,Unknown,Unknown,Unknown,0.0,0.0,0.0,0.0,0.0,0.0,0.0,0.0,0.0,0.0,0.0,0.0,0.0,0.0,0.0,0.0,0.0,0.0,0.0,0.0,0.0,0.0,0.0,0.0,0.0,0.0,0.0,0.0,0.0,0.0,0.0,0.0,0.0,0.0,0.0,0.0,0.0,0.0,0.0,0.0,0.0,0.0,0.0,0.0,0,23,Wednesday,4,0,0
2021-04-15,1900-01-01 20:00:00,Unknown,Unknown,0,0,0,0,0,0,0,0,Passing or Lane Usage Improper,Unspecified,4407707,AMBULANCE,Station Wagon/Sport Utility Vehicle,QUEENS,11691.0,40.60677,-73.759575,"{'latitude': '40.60677', 'longitude': '-73.759575', 'human_address': '{""address"": """", ""city"": """", ""state"": """", ""zip"": """"}'}",Unknown,Unknown,13-32     EGGERT PLACE,Unknown,Unknown,Unknown,Unknown,0.0,0.0,0.0,0.0,0.0,0.0,0.0,0.0,0.0,0.0,0.0,0.0,0.0,0.0,0.0,0.0,0.0,0.0,0.0,0.0,0.0,0.0,0.0,0.0,0.0,0.0,0.0,0.0,0.0,0.0,0.0,0.0,0.0,0.0,0.0,0.0,0.0,0.0,0.0,0.0,0.0,0.0,0.0,0.0,0,20,Thursday,4,0,0
2021-04-16,1900-01-01 06:00:00,218 STREET,Unknown,0,0,0,0,0,0,0,0,Unspecified,Unspecified,4407692,Unknown,Unknown,Unknown,0.0,40.695683,-73.741875,"{'latitude': '40.695683', 'longitude': '-73.741875', 'human_address': '{""address"": """", ""city"": """", ""state"": """", ""zip"": """"}'}",Unknown,Unknown,Unknown,Unknown,Unknown,Unknown,Unknown,0.0,0.0,0.0,0.0,0.0,0.0,0.0,0.0,0.0,0.0,0.0,0.0,0.0,0.0,0.0,0.0,0.0,0.0,0.0,0.0,0.0,0.0,0.0,0.0,0.0,0.0,0.0,0.0,0.0,0.0,0.0,0.0,0.0,0.0,0.0,0.0,0.0,0.0,0.0,0.0,0.0,0.0,0.0,0.0,0,6,Friday,4,0,0
2021-04-15,1900-01-01 15:10:00,REVIEW AVENUE,RAILROAD AVENUE,1,0,0,0,1,0,0,0,Passing or Lane Usage Improper,Unspecified,4407615,Bike,Station Wagon/Sport Utility Vehicle,QUEENS,11101.0,0.0,0.0,Unknown,Unknown,Unknown,Unknown,Unknown,Unknown,Unknown,Unknown,0.0,0.0,0.0,0.0,0.0,0.0,0.0,0.0,0.0,0.0,0.0,0.0,0.0,0.0,0.0,0.0,0.0,0.0,0.0,0.0,0.0,0.0,0.0,0.0,0.0,0.0,0.0,0.0,0.0,0.0,0.0,0.0,0.0,0.0,0.0,0.0,0.0,0.0,0.0,0.0,0.0,0.0,0.0,0.0,1,15,Thursday,4,0,0
2021-04-16,1900-01-01 20:00:00,BELT PARKWAY,Unknown,0,0,0,0,0,0,0,0,Passing or Lane Usage Improper,Unspecified,4407865,Station Wagon/Sport Utility Vehicle,Sedan,Unknown,0.0,40.667236,-73.770004,"{'latitude': '40.667236', 'longitude': '-73.770004', 'human_address': '{""address"": """", ""city"": """", ""state"": """", ""zip"": """"}'}",Unknown,Unknown,Unknown,Unknown,Unknown,Unknown,Unknown,0.0,0.0,0.0,0.0,0.0,0.0,0.0,0.0,0.0,0.0,0.0,0.0,0.0,0.0,0.0,0.0,0.0,0.0,0.0,0.0,0.0,0.0,0.0,0.0,0.0,0.0,0.0,0.0,0.0,0.0,0.0,0.0,0.0,0.0,0.0,0.0,0.0,0.0,0.0,0.0,0.0,0.0,0.0,0.0,0,20,Friday,4,0,0
2021-04-14,1900-01-01 06:13:00,Unknown,Unknown,0,0,0,0,0,0,0,0,Unspecified,Unknown,4407154,Sedan,Unknown,BRONX,10460.0,40.8351,-73.8825,"{'latitude': '40.8351', 'longitude': '-73.8825', 'human_address': '{""address"": """", ""city"": """", ""state"": """", ""zip"": """"}'}",Unknown,Unknown,1725      WEST FARMS ROAD,Unknown,Unknown,Unknown,Unknown,0.0,0.0,0.0,0.0,0.0,0.0,0.0,0.0,0.0,0.0,0.0,0.0,0.0,0.0,0.0,0.0,0.0,0.0,0.0,0.0,0.0,0.0,0.0,0.0,0.0,0.0,0.0,0.0,0.0,0.0,0.0,0.0,0.0,0.0,0.0,0.0,0.0,0.0,0.0,0.0,0.0,0.0,0.0,0.0,0,6,Wednesday,4,0,0
2021-04-15,1900-01-01 14:41:00,AVENUE M,REMSEN AVENUE,1,0,1,0,0,0,0,0,Unspecified,Unknown,4407637,Sedan,Unknown,BROOKLYN,11236.0,40.633682,-73.89868,"{'latitude': '40.633682', 'longitude': '-73.89868', 'human_address': '{""address"": """", ""city"": """", ""state"": """", ""zip"": """"}'}",Unknown,Unknown,Unknown,Unknown,Unknown,Unknown,Unknown,0.0,0.0,0.0,0.0,0.0,0.0,0.0,0.0,0.0,0.0,0.0,0.0,0.0,0.0,0.0,0.0,0.0,0.0,0.0,0.0,0.0,0.0,0.0,0.0,0.0,0.0,0.0,0.0,0.0,0.0,0.0,0.0,0.0,0.0,0.0,0.0,0.0,0.0,0.0,0.0,0.0,0.0,0.0,0.0,1,14,Thursday,4,0,0
2021-04-14,1900-01-01 11:54:00,Unknown,Unknown,1,0,1,0,0,0,0,0,Failure to Yield Right-of-Way,Unknown,4407354,Station Wagon/Sport Utility Vehicle,Unknown,BROOKLYN,11201.0,40.698116,-73.977325,"{'latitude': '40.698116', 'longitude': '-73.977325', 'human_address': '{""address"": """", ""city"": """", ""state"": """", ""zip"": """"}'}",Unknown,Unknown,21        FLUSHING AVENUE,Unknown,Unknown,Unknown,Unknown,0.0,0.0,0.0,0.0,0.0,0.0,0.0,0.0,0.0,0.0,0.0,0.0,0.0,0.0,0.0,0.0,0.0,0.0,0.0,0.0,0.0,0.0,0.0,0.0,0.0,0.0,0.0,0.0,0.0,0.0,0.0,0.0,0.0,0.0,0.0,0.0,0.0,0.0,0.0,0.0,0.0,0.0,0.0,0.0,1,11,Wednesday,4,0,0
2021-04-16,1900-01-01 11:50:00,HUGHES AVENUE,Unknown,0,0,0,0,0,0,0,0,Reaction to Uninvolved Vehicle,Unspecified,4407793,Station Wagon/Sport Utility Vehicle,Chassis Cab,Unknown,0.0,40.84747,-73.89134,"{'latitude': '40.84747', 'longitude': '-73.89134', 'human_address': '{""address"": """", ""city"": """", ""state"": """", ""zip"": """"}'}",Unknown,Unknown,Unknown,Unknown,Unknown,Unknown,Unknown,0.0,0.0,0.0,0.0,0.0,0.0,0.0,0.0,0.0,0.0,0.0,0.0,0.0,0.0,0.0,0.0,0.0,0.0,0.0,0.0,0.0,0.0,0.0,0.0,0.0,0.0,0.0,0.0,0.0,0.0,0.0,0.0,0.0,0.0,0.0,0.0,0.0,0.0,0.0,0.0,0.0,0.0,0.0,0.0,0,11,Friday,4,0,0
2021-04-14,1900-01-01 14:00:00,BRUCKNER BOULEVARD,EAST 138 STREET,0,0,0,0,0,0,0,0,Unspecified,Unspecified,4407432,Station Wagon/Sport Utility Vehicle,Van,Unknown,0.0,40.8047,-73.91243,"{'latitude': '40.8047', 'longitude': '-73.91243', 'human_address': '{""address"": """", ""city"": """", ""state"": """", ""zip"": """"}'}",Unknown,Unknown,Unknown,Unknown,Unknown,Unknown,Unknown,0.0,0.0,0.0,0.0,0.0,0.0,0.0,0.0,0.0,0.0,0.0,0.0,0.0,0.0,0.0,0.0,0.0,0.0,0.0,0.0,0.0,0.0,0.0,0.0,0.0,0.0,0.0,0.0,0.0,0.0,0.0,0.0,0.0,0.0,0.0,0.0,0.0,0.0,0.0,0.0,0.0,0.0,0.0,0.0,0,14,Wednesday,4,0,0
2021-04-16,1900-01-01 23:55:00,FDR DRIVE,Unknown,0,0,0,0,0,0,0,0,Unsafe Lane Changing,Unspecified,4407946,Sedan,Station Wagon/Sport Utility Vehicle,Unknown,0.0,40.762676,-73.954346,"{'latitude': '40.762676', 'longitude': '-73.954346', 'human_address': '{""address"": """", ""city"": """", ""state"": """", ""zip"": """"}'}",Unknown,Unknown,Unknown,Unknown,Unknown,Unknown,Unknown,0.0,0.0,0.0,0.0,0.0,0.0,0.0,0.0,0.0,0.0,0.0,0.0,0.0,0.0,0.0,0.0,0.0,0.0,0.0,0.0,0.0,0.0,0.0,0.0,0.0,0.0,0.0,0.0,0.0,0.0,0.0,0.0,0.0,0.0,0.0,0.0,0.0,0.0,0.0,0.0,0.0,0.0,0.0,0.0,0,23,Friday,4,0,0