crash_date,crash_time,on_street_name,off_street_name,number_of_persons_injured,number_of_persons_killed,number_of_pedestrians_injured,number_of_pedestrians_killed,number_of_cyclist_injured,number_of_cyclist_killed,number_of_motorist_injured,number_of_motorist_killed,contributing_factor_vehicle_1,contributing_factor_vehicle_2,collision_id,vehicle_type_code1,vehicle_type_code2,borough,zip_code,latitude,longitude,location,contributing_factor_vehicle_3,vehicle_type_code_3,cross_street_name,contributing_factor_vehicle_4,vehicle_type_code_4,contributing_factor_vehicle_5,vehicle_type_code_5,unique_id,crash_date_veh,crash_time_veh,vehicle_id,state_registration,vehicle_type,contributing_factor_1,vehicle_make,vehicle_year,travel_direction,vehicle_occupants,driver_sex,driver_license_status,driver_license_jurisdiction,pre_crash,point_of_impact,vehicle_damage,public_property_damage,contributing_factor_2,vehicle_damage_1,vehicle_damage_2,vehicle_damage_3,vehicle_model,public_property_damage_type,unique_id_pers,crash_date_pers,crash_time_pers,person_id,person_type,person_injury,vehicle_id_pers,ped_role,person_sex,person_age,ejection,emotional_status,bodily_injury,position_in_vehicle,safety_equipment,complaint,ped_location,ped_action,contributing_factor_1_pers,contributing_factor_2_pers,injury_occurred,crash_hour,day_of_week,month,rush_hour,is_weekend
2021-04-16,1900-01-01 14:30:00,UNION TURNPIKE,134 STREET,0,0,0,0,0,0,0,0,Driver Inattention/Distraction,Unspecified,4407852,Sedan,Box Truck,QUEENS,11367.0,40.7158,-73.824486,"{'latitude': '40.7158', 'longitude': '-73.824486', 'human_address': '{""address"": """", ""city"": """", ""state"": """", ""zip"": """"}'}",Unknown,Unknown,Unknown,Unknown,Unknown,Unknown,Unknown,0.0,0.0,0.0,0.0,0.0,0.0,0.0,0.0,0.0,0.0,0.0,0.0,0.0,0.0,0.0,0.0,0.0,0.0,0.0,0.0,0.0,0.0,0.0,0.0,0.0,0.0,0.0,0.0,0.0,0.0,0.0,0.0,0.0,0.0,0.0,0.0,0.0,0.0,0.0,0.0,0.0,0.0,0.0,0.0,0,14,Friday,4,0,0
2021-04-15,1900-01-01 23:00:00,Unknown,Unknown,0,0,0,0,0,0,0,0,Unspecified,Unknown,4408249,Sedan,Unknown,MANHATTAN,10018.0,40.75584,-73.99238,"{'latitude': '40.75584', 'longitude': '-73.99238', 'human_address': '{""address"": """", ""city"": """", ""state"": """", ""zip"": """"}'}",Unknown,Unknown,339       WEST 39 STREET,Unknown,Unknown,Unknown,Unknown,0.0,0.0,0.0,0.0,0.0,0.0,0.0,0.0,0.0,0.0,0.0,0.0,0.0,0.0,0.0,0.0,0.0,0.0,0.0,0.0,0.0,0.0,0.0,0.0,0.0,0.0,0.0,0.0,0.0,0.0,0.0,0.0,0.0,0.0,0.0,0.0,0.0,0.0,0.0,0.0,0.0,0.0,0.0,0.0,0,23,Thursday,4,0,0
2021-09-11,1900-01-01 11:30:00,Unknown,Unknown,0,0,0,0,0,0,0,0,Unspecified,Unknown,4456019,Sedan,Unknown,BRONX,10475.0,40.875942,-73.83304,"{'latitude': '40.875942', 'longitude': '-73.83304', 'human_address': '{""address"": """", ""city"": """", ""state"": """", ""zip"": """"}'}",Unknown,Unknown,120       DONIZETTI PLACE,Unknown,Unknown,Unknown,Unknown,0.0,0.0,0.0,0.0,0.0,0.0,0.0,0.0,0.0,0.0,0.0,0.0,0.0,0.0,0.0,0.0,0.0,0.0,0.0,0.0,0.0,0.0,0.0,0.0,0.0,0.0,0.0,0.0,0.0,0.0,0.0,0.0,0.0,0.0,0.0,0.0,0.0,0.0,0.0,0.0,0.0,0.0,0.0,0.0,0,11,Saturday,9,0,1
2021-04-15,1900-01-01 18:00:00,CROSS ISLAND PARKWAY,Unknown,0,0,0,0,0,0,0,0,Following Too Closely,Unspecified,4407987,Sedan,Station Wagon/Sport Utility Vehicle,Unknown,0.0,40.772102,-73.763954,"{'latitude': '40.772102', 'longitude': '-73.763954', 'human_address': '{""address"": """", ""city"": """", ""state"": """", ""zip"": """"}'}",Unknown,Unknown,Unknown,Unknown,Unknown,Unknown,Unknown,0.0,0.0,0.0,0.0,0.0,0.0,0.0,0.0,0.0,0.0,0.0,0.0,0.0,0.0,0.0,0.0,0.0,0.0,0.0,0.0,0.0,0.0,0.0,0.0,0.0,0.0,0.0,0.0,0.0,0.0,0.0,0.0,0.0,0.0,0.0,0.0,0.0,0.0,0.0,0.0,0.0,0.0,0.0,0.0,0,18,Thursday,4,1,0
2021-04-14,1900-01-01 20:19:00,Unknown,Unknown,0,0,0,0,0,0,0,0,Driver Inexperience,Unspecified,4408215,Sedan,Station Wagon/Sport Utility Vehicle,BROOKLYN,11238.0,40.681602,-73.95855,"{'latitude': '40.681602', 'longitude': '-73.95855', 'human_address': '{""address"": """", ""city"": """", ""state"": """", ""zip"": """"}'}",Unknown,Unknown,557       CLASSON AVENUE,Unknown,Unknown,Unknown,Unknown,0.0,0.0,0.0,0.0,0.0,0.0,0.0,0.0,0.0,0.0,0.0,0.0,0.0,0.0,0.0,0.0,0.0,0.0,0.0,0.0,0.0,0.0,0.0,0.0,0.0,0.0,0.0,0.0,0.0,0.0,0.0,0.0,0.0,0.0,0.0,0.0,0.0,0.0,0.0,0.0,0.0,0.0,0.0,0.0,0,20,Wednesday,4,0,0
2021-04-15,1900-01-01 14:36:00,AVENUE J,NOSTRAND AVENUE,1,0,0,0,0,0,1,0,Driver Inattention/Distraction,Unspecified,4408027,Sedan,Station Wagon/Sport Utility Vehicle,BROOKLYN,11210.0,40.62677,-73.946884,"{'latitude': '40.62677', 'longitude': '-73.946884', 'human_address': '{""address"": """", ""city"": """", ""state"": """", ""zip"": """"}'}",Unknown,Unknown,Unknown,Unknown,Unknown,Unknown,Unknown,0.0,0.0,0.0,0.0,0.0,0.0,0.0,0.0,0.0,0.0,0.0,0.0,0.0,0.0,0.0,0.0,0.0,0.0,0.0,0.0,0.0,0.0,0.0,0.0,0.0,0.0,0.0,0.0,0.0,0.0,0.0,0.0,0.0,0.0,0.0,0.0,0.0,0.0,0.0,0.0,0.0,0.0,0.0,0.0,1,14,Thursday,4,0,0
2021-04-14,1900-01-01 11:16:00,MONTROSE AVENUE,Unknown,1,0,0,0,0,0,1,0,Other Vehicular,Other Vehicular,4407389,Station Wagon/Sport Utility Vehicle,Dump,Unknown,0.0,40.707493,-73.94153,"{'latitude': '40.707493', 'longitude': '-73.94153', 'human_address': '{""address"": """", ""city"": """", ""state"": """", ""zip"": """"}'}",Unknown,Unknown,Unknown,Unknown,Unknown,Unknown,Unknown,0.0,0.0,0.0,0.0,0.0,0.0,0.0,0.0,0.0,0.0,0.0,0.0,0.0,0.0,0.0,0.0,0.0,0.0,0.0,0.0,0.0,0.0,0.0,0.0,0.0,0.0,0.0,0.0,0.0,0.0,0.0,0.0,0.0,0.0,0.0,0.0,0.0,0.0,0.0,0.0,0.0,0.0,0.0,0.0,1,11,Wednesday,4,0,0
2021-04-15,1900-01-01 10:00:00,BRUCKNER BOULEVARD,ROSEDALE AVENUE,0,0,0,0,0,0,0,0,Passing or Lane Usage Improper,Unspecified,4407562,Sedan,Sedan,Unknown,0.0,40.8252,-73.867714,"{'latitude': '40.8252', 'longitude': '-73.867714', 'human_address': '{""address"": """", ""city"": """", ""state"": """", ""zip"": """"}'}",Unknown,Unknown,Unknown,Unknown,Unknown,Unknown,Unknown,0.0,0.0,0.0,0.0,0.0,0.0,0.0,0.0,0.0,0.0,0.0,0.0,0.0,0.0,0.0,0.0,0.0,0.0,0.0,0.0,0.0,0.0,0.0,0.0,0.0,0.0,0.0,0.0,0.0,0.0,0.0,0.0,0.0,0.0,0.0,0.0,0.0,0.0,0.0,0.0,0.0,0.0,0.0,0.0,0,10,Thursday,4,0,0
2021-04-12,1900-01-01 21:30:00,EAST 183 STREET,3 AVENUE,0,0,0,0,0,0,0,0,Driver Inattention/Distraction,Unspecified,4407794,Sedan,Sedan,BRONX,10457.0,40.854115,-73.89091,"{'latitude': '40.854115', 'longitude': '-73.89091', 'human_address': '{""address"": """", ""city"": """", ""state"": """", ""zip"": """"}'}",Unspecified,Station Wagon/Sport Utility Vehicle,Unknown,Unknown,Unknown,Unknown,Unknown,0.0,0.0,0.0,0.0,0.0,0.0,0.0,0.0,0.0,0.0,0.0,0.0,0.0,0.0,0.0,0.0,0.0,0.0,0.0,0.0,0.0,0.0,0.0,0.0,0.0,0.0,0.0,0.0,0.0,0.0,0.0,0.0,0.0,0.0,0.0,0.0,0.0,0.0,0.0,0.0,0.0,0.0,0.0,0.0,0,21,Monday,4,0,0
2021-04-15,1900-01-01 14:06:00,ARCHER AVENUE,GUY R BREWER BLVD,2,0,0,0,0,0,2,0,Driver Inattention/Distraction,Driver Inattention/Distraction,4407596,Station Wagon/Sport Utility Vehicle,Bus,QUEENS,11433.0,0.0,0.0,Unknown,Unknown,Unknown,Unknown,Unknown,Unknown,Unknown,Unknown,0.0,0.0,0.0,0.0,0.0,0.0,0.0,0.0,0.0,0.0,0.0,0.0,0.0,0.0,0.0,0.0,0.0,0.0,0.0,0.0,0.0,0.0,0.0,0.0,0.0,0.0,0.0,0.0,0.0,0.0,0.0,0.0,0.0,0.0,0.0,0.0,0.0,0.0,0.0,0.0,0.0,0.0,0.0,0.0,1,14,Thursday,4,0,0
2021-04-16,1900-01-01 07:00:00,FDR DRIVE,Unknown,1,0,0,0,0,0,1,0,Following Too Closely,Following Too Closely,4407779,Sedan,Sedan,Unknown,0.0,40.768875,-73.94898,"{'latitude': '40.768875', 'longitude': '-73.94898', 'human_address': '{""address"": """", ""city"": """", ""state"": """", ""zip"": """"}'}",Following Too Closely,Sedan,Unknown,Unspecified,Sedan,Unknown,Unknown,0.0,0.0,0.0,0.0,0.0,0.0,0.0,0.0,0.0,0.0,0.0,0.0,0.0,0.0,0.0,0.0,0.0,0.0,0.0,0.0,0.0,0.0,0.0,0.0,0.0,0.0,0.0,0.0,0.0,0.0,0.0,0.0,0.0,0.0,0.0,0.0,0.0,0.0,0.0,0.0,0.0,0.0,0.0,0.0,1,7,Friday,4,1,0
2021-04-16,1900-01-01 15:21:00,EAST 80 STREET,PAERDEGAT 10 STREET,0,0,0,0,0,0,0,0,Unspecified,Unspecified,4407997,Taxi,Unknown,BROOKLYN,11236.0,40.629707,-73.90486,"{'latitude': '40.629707', 'longitude': '-73.90486', 'human_address': '{""address"": """", ""city"": """", ""state"": """", ""zip"": """"}'}",Unknown,Unknown,Unknown,Unknown,Unknown,Unknown,Unknown,0.0,0.0,0.0,0.0,0.0,0.0,0.0,0.0,0.0,0.0,0.0,0.0,0.0,0.0,0.0,0.0,0.0,0.0,0.0,0.0,0.0,0.0,0.0,0.0,0.0,0.0,0.0,0.0,0.0,0.0,0.0,0.0,0.0,0.0,0.0,0.0,0.0,0.0,0.0,0.0,0.0,0.0,0.0,0.0,0,15,Friday,4,0,0
2021-04-15,1900-01-01 00:40:00,JAMAICA AVENUE,249 STREET,1,0,0,0,0,0,1,0,Driver Inattention/Distraction,Unknown,4407408,Sedan,Unknown,QUEENS,11426.0,40.72654,-73.71589,"{'latitude': '40.72654', 'longitude': '-73.71589', 'human_address': '{""address"": """", ""city"": """", ""state"": """", ""zip"": """"}'}",Unknown,Unknown,Unknown,Unknown,Unknown,Unknown,Unknown,0.0,0.0,0.0,0.0,0.0,0.0,0.0,0.0,0.0,0.0,0.0,0.0,0.0,0.0,0.0,0.0,0.0,0.0,0.0,0.0,0.0,0.0,0.0,0.0,0.0,0.0,0.0,0.0,0.0,0.0,0.0,0.0,0.0,0.0,0.0,0.0,0.0,0.0,0.0,0.0,0.0,0.0,0.0,0.0,1,0,Thursday,4,0,0
2021-04-15,1900-01-01 18:00:00,Unknown,Unknown,0,0,0,0,0,0,0,0,Unspecified,Unknown,4408313,Sedan,Unknown,STATEN ISLAND,10301.0,40.634415,-74.08535,"{'latitude': '40.634415', 'longitude': '-74.08535', 'human_address': '{""address"": """", ""city"": """", ""state"": """", ""zip"": """"}'}",Unknown,Unknown,323       VICTORY BOULEVARD,Unknown,Unknown,Unknown,Unknown,0.0,0.0,0.0,0.0,0.0,0.0,0.0,0.0,0.0,0.0,0.0,0.0,0.0,0.0,0.0,0.0,0.0,0.0,0.0,0.0,0.0,0.0,0.0,0.0,0.0,0.0,0.0,0.0,0.0,0.0,0.0,0.0,0.0,0.0,0.0,0.0,0.0,0.0,0.0,0.0,0.0,0.0,0.0,0.0,0,18,Thursday,4,1,0
2021-09-11,1900-01-01 16:30:00,EAST 233 STREET,PRATT AVENUE,0,0,0,0,0,0,0,0,Failure to Yield Right-of-Way,Unspecified,4456486,Sedan,Sedan,Unknown,0.0,40.889362,-73.83446,"{'latitude': '40.889362', 'longitude': '-73.83446', 'human_address': '{""address"": """", ""city"": """", ""state"": """", ""zip"": """"}'}",Unknown,Unknown,Unknown,Unknown,Unknown,Unknown,Unknown,0.0,0.0,0.0,0.0,0.0,0.0,0.0,0.0,0.0,0.0,0.0,0.0,0.0,0.0,0.0,0.0,0.0,0.0,0.0,0.0,0.0,0.0,0.0,0.0,0.0,0.0,0.0,0.0,0.0,0.0,0.0,0.0,0.0,0.0,0.0,0.0,0.0,0.0,0.0,0.0,0.0,0.0,0.0,0.0,0,16,Saturday,9,1,1
2021-04-15,1900-01-01 08:40:00,SUTTER AVENUE,Unknown,0,0,0,0,0,0,0,0,Passing or Lane Usage Improper,Driver Inattention/Distraction,4407747,Station Wagon/Sport Utility Vehicle,Sedan,Unknown,0.0,40.66937,-73.89523,"{'latitude': '40.66937', 'longitude': '-73.89523', 'human_address': '{""address"": """", ""city"": """", ""state"": """", ""zip"": """"}'}",Unknown,Unknown,Unknown,Unknown,Unknown,Unknown,Unknown,0.0,0.0,0.0,0.0,0.0,0.0,0.0,0.0,0.0,0.0,0.0,0.0,0.0,0.0,0.0,0.0,0.0,0.0,0.0,0.0,0.0,0.0,0.0,0.0,0.0,0.0,0.0,0.0,0.0,0.0,0.0,0.0,0.0,0.0,0.0,0.0,0.0,0.0,0.0,0.0,0.0,0.0,0.0,0.0,0,8,Thursday,4,1,0
2021-04-16,1900-01-01 17:25:00,EAST 233 STREET,BRONX BOULEVARD,0,0,0,0,0,0,0,0,Driver Inattention/Distraction,View Obstructed/Limited,4408402,Station Wagon/Sport Utility Vehicle,Sedan,BRONX,10466.0,40.89466,-73.86137,"{'latitude': '40.89466', 'longitude': '-73.86137', 'human_address': '{""address"": """", ""city"": """", ""state"": """", ""zip"": """"}'}",Unknown,Unknown,Unknown,Unknown,Unknown,Unknown,Unknown,0.0,0.0,0.0,0.0,0.0,0.0,0.0,0.0,0.0,0.0,0.0,0.0,0.0,0.0,0.0,0.0,0.0,0.0,0.0,0.0,0.0,0.0,0.0,0.0,0.0,0.0,0.0,0.0,0.0,0.0,0.0,0.0,0.0,0.0,0.0,0.0,0.0,0.0,0.0,0.0,0.0,0.0,0.0,0.0,0,17,Friday,4,1,0
2021-04-16,1900-01-01 06:40:00,Unknown,Unknown,0,0,0,0,0,0,0,0,Unspecified,Unknown,4407702,Sedan,Unknown,BROOKLYN,11215.0,40.669067,-73.9878,"{'latitude': '40.669067', 'longitude': '-73.9878', 'human_address': '{""address"": """", ""city"": """", ""state"": """", ""zip"": """"}'}",Unknown,Unknown,341       10 STREET,Unknown,Unknown,Unknown,Unknown,0.0,0.0,0.0,0.0,0.0,0.0,0.0,0.0,0.0,0.0,0.0,0.0,0.0,0.0,0.0,0.0,0.0,0.0,0.0,0.0,0.0,0.0,0.0,0.0,0.0,0.0,0.0,0.0,0.0,0.0,0.0,0.0,0.0,0.0,0.0,0.0,0.0,0.0,0.0,0.0,0.0,0.0,0.0,0.0,0,6,Friday,4,0,0
2021-04-15,1900-01-01 14:00:00,WILLIAMSBURG BRIDGE OUTER ROADWA,Unknown,1,0,0,0,0,0,1,0,Following Too Closely,Following Too Closely,4407652,Station Wagon/Sport Utility Vehicle,Station Wagon/Sport Utility Vehicle,Unknown,0.0,0.0,0.0,Unknown,Unspecified,Station Wagon/Sport Utility Vehicle,Unknown,Unknown,Unknown,Unknown,Unknown,0.0,0.0,0.0,0.0,0.0,0.0,0.0,0.0,0.0,0.0,0.0,0.0,0.0,0.0,0.0,0.0,0.0,0.0,0.0,0.0,0.0,0.0,0.0,0.0,0.0,0.0,0.0,0.0,0.0,0.0,0.0,0.0,0.0,0.0,0.0,0.0,0.0,0.0,0.0,0.0,0.0,0.0,0.0,0.0,1,14,Thursday,4,0,0
2021-04-15,1900-01-01 11:00:00,102 ROAD,89 STREET,1,0,0,0,0,0,1,0,Failure to Yield Right-of-Way,Unspecified,4407762,Sedan,Sedan,QUEENS,11416.0,40.681484,-73.85049,"{'latitude': '40.681484', 'longitude': '-73.85049', 'human_address': '{""address"": """", ""city"": """", ""state"": """", ""zip"": """"}'}",Unknown,Unknown,Unknown,Unknown,Unknown,Unknown,Unknown,0.0,0.0,0.0,0.0,0.0,0.0,0.0,0.0,0.0,0.0,0.0,0.0,0.0,0.0,0.0,0.0,0.0,0.0,0.0,0.0,0.0,0.0,0.0,0.0,0.0,0.0,0.0,0.0,0.0,0.0,0.0,0.0,0.0,0.0,0.0,0.0,0.0,0.0,0.0,0.0,0.0,0.0,0.0,0.0,1,11,Thursday,4,0,0
2021-04-14,1900-01-01 09:31:00,BRUCKNER BOULEVARD,STRATFORD AVENUE,0,0,0,0,0,0,0,0,Passing Too Closely,Unspecified,4407297,Station Wagon/Sport Utility Vehicle,Bus,BRONX,10473.0,40.82433,-73.874374,"{'latitude': '40.82433', 'longitude': '-73.874374', 'human_address': '{""address"": """", ""city"": """", ""state"": """", ""zip"": """"}'}",Unknown,Unknown,Unknown,Unknown,Unknown,Unknown,Unknown,0.0,0.0,0.0,0.0,0.0,0.0,0.0,0.0,0.0,0.0,0.0,0.0,0.0,0.0,0.0,0.0,0.0,0.0,0.0,0.0,0.0,0.0,0.0,0.0,0.0,0.0,0.0,0.0,0.0,0.0,0.0,0.0,0.0,0.0,0.0,0.0,0.0,0.0,0.0,0.0,0.0,0.0,0.0,0.0,0,9,Wednesday,4,1,0
2021-04-14,1900-01-01 12:40:00,WADSWORTH AVENUE,Unknown,0,0,0,0,0,0,0,0,Driver Inattention/Distraction,Unspecified,4407321,Station Wagon/Sport Utility Vehicle,Station Wagon/Sport Utility Vehicle,Unknown,0.0,40.856606,-73.92841,"{'latitude': '40.856606', 'longitude': '-73.92841', 'human_address': '{""address"": """", ""city"": """", ""state"": """", ""zip"": """"}'}",Unspecified,Sedan,Unknown,Unspecified,Station Wagon/Sport Utility Vehicle,Unknown,Unknown,0.0,0.0,0.0,0.0,0.0,0.0,0.0,0.0,0.0,0.0,0.0,0.0,0.0,0.0,0.0,0.0,0.0,0.0,0.0,0.0,0.0,0.0,0.0,0.0,0.0,0.0,0.0,0.0,0.0,0.0,0.0,0.0,0.0,0.0,0.0,0.0,0.0,0.0,0.0,0.0,0.0,0.0,0.0,0.0,0,12,Wednesday,4,0,0
2021-04-08,1900-01-01 21:52:00,ROCKAWAY PARKWAY,WILLMOHR STREET,0,0,0,0,0,0,0,0,Unspecified,Unknown,4408100,Sedan,Unknown,BROOKLYN,11212.0,40.65785,-73.91648,"{'latitude': '40.65785', 'longitude': '-73.91648', 'human_address': '{""address"": """", ""city"": """", ""state"": """", ""zip"": """"}'}",Unknown,Unknown,Unknown,Unknown,Unknown,Unknown,Unknown,0.0,0.0,0.0,0.0,0.0,0.0,0.0,0.0,0.0,0.0,0.0,0.0,0.0,0.0,0.0,0.0,0.0,0.0,0.0,0.0,0.0,0.0,0.0,0.0,0.0,0.0,0.0,0.0,0.0,0.0,0.0,0.0,0.0,0.0,0.0,0.0,0.0,0.0,0.0,0.0,0.0,0.0,0.0,0.0,0,21,Thursday,4,0,0
2021-04-14,1900-01-01 08:58:00,BELT PARKWAY,Unknown,0,0,0,0,0,0,0,0,Passing or Lane Usage Improper,Unspecified,4407505,Station Wagon/Sport Utility Vehicle,Station Wagon/Sport Utility Vehicle,Unknown,0.0,40.62764,-73.89022,"{'latitude': '40.62764', 'longitude': '-73.89022', 'human_address': '{""address"": """", ""city"": """", ""state"": """", ""zip"": """"}'}",Unknown,Unknown,Unknown,Unknown,Unknown,Unknown,Unknown,0.0,0.0,0.0,0.0,0.0,0.0,0.0,0.0,0.0,0.0,0.0,0.0,0.0,0.0,0.0,0.0,0.0,0.0,0.0,0.0,0.0,0.0,0.0,0.0,0.0,0.0,0.0,0.0,0.0,0.0,0.0,0.0,0.0,0.0,0.0,0.0,0.0,0.0,0.0,0.0,0.0,0.0,0.0,0.0,0,8,Wednesday,4,1,0
2021-04-09,1900-01-01 01:15:00,BELT PARKWAY,Unknown,0,0,0,0,0,0,0,0,Following Too Closely,Unspecified,4408047,Sedan,Sedan,Unknown,0.0,40.58401,-73.98587,"{'latitude': '40.58401', 'longitude': '-73.98587', 'human_address': '{""address"": """", ""city"": """", ""state"": """", ""zip"": """"}'}",Unknown,Unknown,Unknown,Unknown,Unknown,Unknown,Unknown,0.0,0.0,0.0,0.0,0.0,0.0,0.0,0.0,0.0,0.0,0.0,0.0,0.0,0.0,0.0,0.0,0.0,0.0,0.0,0.0,0.0,0.0,0.0,0.0,0.0,0.0,0.0,0.0,0.0,0.0,0.0,0.0,0.0,0.0,0.0,0.0,0.0,0.0,0.0,0.0,0.0,0.0,0.0,0.0,0,1,Friday,4,0,0
2021-04-14,1900-01-01 17:30:00,ROEBLING STREET,NORTH 10 STREET,1,0,1,0,0,0,0,0,Turning Improperly,Unknown,4407805,Station Wagon/Sport Utility Vehicle,Unknown,BROOKLYN,11211.0,40.71791,-73.95341,"{'latitude': '40.71791', 'longitude': '-73.95341', 'human_address': '{""address"": """", ""city"": """", ""state"": """", ""zip"": """"}'}",Unknown,Unknown,Unknown,Unknown,Unknown,Unknown,Unknown,0.0,0.0,0.0,0.0,0.0,0.0,0.0,0.0,0.0,0.0,0.0,0.0,0.0,0.0,0.0,0.0,0.0,0.0,0.0,0.0,0.0,0.0,0.0,0.0,0.0,0.0,0.0,0.0,0.0,0.0,0.0,0.0,0.0,0.0,0.0,0.0,0.0,0.0,0.0,0.0,0.0,0.0,0.0,0.0,1,17,Wednesday,4,1,0
2021-04-15,1900-01-01 00:00:00,EAST 90 STREET,Unknown,0,0,0,0,0,0,0,0,Driver Inattention/Distraction,Unspecified,4407697,Sedan,Unknown,Unknown,0.0,40.780437,-73.94989,"{'latitude': '40.780437', 'longitude': '-73.94989', 'human_address': '{""address"": """", ""city"": """", ""state"": """", ""zip"": """"}'}",Unknown,Unknown,Unknown,Unknown,Unknown,Unknown,Unknown,0.0,0.0,0.0,0.0,0.0,0.0,0.0,0.0,0.0,0.0,0.0,0.0,0.0,0.0,0.0,0.0,0.0,0.0,0.0,0.0,0.0,0.0,0.0,0.0,0.0,0.0,0.0,0.0,0.0,0.0,0.0,0.0,0.0,0.0,0.0,0.0,0.0,0.0,0.0,0.0,0.0,0.0,0.0,0.0,0,0,Thursday,4,0,0
2021-04-14,1900-01-01 08:30:00,263 STREET,83 AVENUE,0,0,0,0,0,0,0,0,Unspecified,Unspecified,4407367,Sedan,Unknown,QUEENS,11004.0,40.73973,-73.70625,"{'latitude': '40.73973', 'longitude': '-73.70625', 'human_address': '{""address"": """", ""city"": """", ""state"": """", ""zip"": """"}'}",Unknown,Unknown,Unknown,Unknown,Unknown,Unknown,Unknown,0.0,0.0,0.0,0.0,0.0,0.0,0.0,0.0,0.0,0.0,0.0,0.0,0.0,0.0,0.0,0.0,0.0,0.0,0.0,0.0,0.0,0.0,0.0,0.0,0.0,0.0,0.0,0.0,0.0,0.0,0.0,0.0,0.0,0.0,0.0,0.0,0.0,0.0,0.0,0.0,0.0,0.0,0.0,0.0,0,8,Wednesday,4,1,0
2021-04-05,1900-01-01 16:21:00,Unknown,Unknown,3,0,0,0,0,0,3,0,Passing Too Closely,Unspecified,4407837,Station Wagon/Sport Utility Vehicle,Sedan,MANHATTAN,10029.0,40.7952,-73.94623,"{'latitude': '40.7952', 'longitude': '-73.94623', 'human_address': '{""address"": """", ""city"": """", ""state"": """", ""zip"": """"}'}",Unknown,Unknown,1505      PARK AVENUE,Unknown,Unknown,Unknown,Unknown,0.0,0.0,0.0,0.0,0.0,0.0,0.0,0.0,0.0,0.0,0.0,0.0,0.0,0.0,0.0,0.0,0.0,0.0,0.0,0.0,0.0,0.0,0.0,0.0,0.0,0.0,0.0,0.0,0.0,0.0,0.0,0.0,0.0,0.0,0.0,0.0,0.0,0.0,0.0,0.0,0.0,0.0,0.0,0.0,1,16,Monday,4,1,0
2021-04-14,1900-01-01 10:40:00,PRINCE STREET,JOHNSON STREET,1,0,0,0,0,0,1,0,Failure to Yield Right-of-Way,Unsafe Speed,4407548,Taxi,Sedan,BROOKLYN,11201.0,40.694794,-73.98246,"{'latitude': '40.694794', 'longitude': '-73.98246', 'human_address': '{""address"": """", ""city"": """", ""state"": """", ""zip"": """"}'}",Unspecified,Sedan,Unknown,Unknown,Unknown,Unknown,Unknown,0.0,0.0,0.0,0.0,0.0,0.0,0.0,0.0,0.0,0.0,0.0,0.0,0.0,0.0,0.0,0.0,0.0,0.0,0.0,0.0,0.0,0.0,0.0,0.0,0.0,0.0,0.0,0.0,0.0,0.0,0.0,0.0,0.0,0.0,0.0,0.0,0.0,0.0,0.0,0.0,0.0,0.0,0.0,0.0,1,10,Wednesday,4,0,0
2021-04-16,1900-01-01 08:30:00,86 STREET,13 AVENUE,0,0,0,0,0,0,0,0,Unspecified,Unspecified,4407820,Trailer,Station Wagon/Sport Utility Vehicle,BROOKLYN,11228.0,40.614063,-74.01393,"{'latitude': '40.614063', 'longitude': '-74.01393', 'human_address': '{""address"": """", ""city"": """", ""state"": """", ""zip"": """"}'}",Unknown,Unknown,Unknown,Unknown,Unknown,Unknown,Unknown,0.0,0.0,0.0,0.0,0.0,0.0,0.0,0.0,0.0,0.0,0.0,0.0,0.0,0.0,0.0,0.0,0.0,0.0,0.0,0.0,0.0,0.0,0.0,0.0,0.0,0.0,0.0,0.0,0.0,0.0,0.0,0.0,0.0,0.0,0.0,0.0,0.0,0.0,0.0,0.0,0.0,0.0,0.0,0.0,0,8,Friday,4,1,0
2021-07-08,1900-01-01 16:45:00,ROEBLING STREET,NORTH 6 STREET,1,0,0,0,1,0,0,0,View Obstructed/Limited,View Obstructed/Limited,4456635,Sedan,Bike,BROOKLYN,11211.0,40.715702,-73.95579,"{'latitude': '40.715702', 'longitude': '-73.95579', 'human_address': '{""address"": """", ""city"": """", ""state"": """", ""zip"": """"}'}",Unknown,Unknown,Unknown,Unknown,Unknown,Unknown,Unknown,0.0,0.0,0.0,0.0,0.0,0.0,0.0,0.0,0.0,0.0,0.0,0.0,0.0,0.0,0.0,0.0,0.0,0.0,0.0,0.0,0.0,0.0,0.0,0.0,0.0,0.0,0.0,0.0,0.0,0.0,0.0,0.0,0.0,0.0,0.0,0.0,0.0,0.0,0.0,0.0,0.0,0.0,0.0,0.0,1,16,Thursday,7,1,0