crash_date,crash_time,on_street_name,off_street_name,number_of_persons_injured,number_of_persons_killed,number_of_pedestrians_injured,number_of_pedestrians_killed,number_of_cyclist_injured,number_of_cyclist_killed,number_of_motorist_injured,number_of_motorist_killed,contributing_factor_vehicle_1,contributing_factor_vehicle_2,collision_id,vehicle_type_code1,vehicle_type_code2,borough,zip_code,latitude,longitude,location,contributing_factor_vehicle_3,vehicle_type_code_3,cross_street_name,contributing_factor_vehicle_4,vehicle_type_code_4,contributing_factor_vehicle_5,vehicle_type_code_5,unique_id,crash_date_veh,crash_time_veh,vehicle_id,state_registration,vehicle_type,contributing_factor_1,vehicle_make,vehicle_year,travel_direction,vehicle_occupants,driver_sex,driver_license_status,driver_license_jurisdiction,pre_crash,point_of_impact,vehicle_damage,public_property_damage,contributing_factor_2,vehicle_damage_1,vehicle_damage_2,vehicle_damage_3,vehicle_model,public_property_damage_type,unique_id_pers,crash_date_pers,crash_time_pers,person_id,person_type,person_injury,vehicle_id_pers,ped_role,person_sex,person_age,ejection,emotional_status,bodily_injury,position_in_vehicle,safety_equipment,complaint,ped_location,ped_action,contributing_factor_1_pers,contributing_factor_2_pers,injury_occurred,crash_hour,day_of_week,month,rush_hour,is_weekend
2021-04-16,1900-01-01 18:50:00,AVENUE F,MC DONALD AVENUE,0,0,0,0,0,0,0,0,Unspecified,Unspecified,4408150,Sedan,Bike,BROOKLYN,11218.0,40.633152,-73.97762,"{'latitude': '40.633152', 'longitude': '-73.97762', 'human_address': '{""address"": """", ""city"": """", ""state"": """", ""zip"": """"}'}",Unknown,Unknown,Unknown,Unknown,Unknown,Unknown,Unknown,0.0,0.0,0.0,0.0,0.0,0.0,0.0,0.0,0.0,0.0,0.0,0.0,0.0,0.0,0.0,0.0,0.0,0.0,0.0,0.0,0.0,0.0,0.0,0.0,0.0,0.0,0.0,0.0,0.0,0.0,0.0,0.0,0.0,0.0,0.0,0.0,0.0,0.0,0.0,0.0,0.0,0.0,0.0,0.0,0,18,Friday,4,1,0
2021-04-16,1900-01-01 15:23:00,14 AVENUE,86 STREET,1,0,0,0,0,0,1,0,Following Too Closely,Unspecified,4407842,Sedan,Sedan,BROOKLYN,11228.0,40.612736,-74.01172,"{'latitude': '40.612736', 'longitude': '-74.01172', 'human_address': '{""address"": """", ""city"": """", ""state"": """", ""zip"": """"}'}",Unknown,Unknown,Unknown,Unknown,Unknown,Unknown,Unknown,0.0,0.0,0.0,0.0,0.0,0.0,0.0,0.0,0.0,0.0,0.0,0.0,0.0,0.0,0.0,0.0,0.0,0.0,0.0,0.0,0.0,0.0,0.0,0.0,0.0,0.0,0.0,0.0,0.0,0.0,0.0,0.0,0.0,0.0,0.0,0.0,0.0,0.0,0.0,0.0,0.0,0.0,0.0,0.0,1,15,Friday,4,0,0
2021-04-15,1900-01-01 17:55:00,WILLIAMSBURG STREET WEST,WYTHE AVENUE,2,0,0,0,0,0,2,0,Pavement Slippery,Unspecified,4407673,Station Wagon/Sport Utility Vehicle,Station Wagon/Sport Utility Vehicle,BROOKLYN,11249.0,40.70166,-73.961464,"{'latitude': '40.70166', 'longitude': '-73.961464', 'human_address': '{""address"": """", ""city"": """", ""state"": """", ""zip"": """"}'}",Unknown,Unknown,Unknown,Unknown,Unknown,Unknown,Unknown,0.0,0.0,0.0,0.0,0.0,0.0,0.0,0.0,0.0,0.0,0.0,0.0,0.0,0.0,0.0,0.0,0.0,0.0,0.0,0.0,0.0,0.0,0.0,0.0,0.0,0.0,0.0,0.0,0.0,0.0,0.0,0.0,0.0,0.0,0.0,0.0,0.0,0.0,0.0,0.0,0.0,0.0,0.0,0.0,1,17,Thursday,4,1,0
2021-04-14,1900-01-01 00:42:00,EAST 125 STREET,5 AVENUE,0,0,0,0,0,0,0,0,Unspecified,Unspecified,4407278,Taxi,Sedan,MANHATTAN,10035.0,40.80641,-73.94227,"{'latitude': '40.80641', 'longitude': '-73.94227', 'human_address': '{""address"": """", ""city"": """", ""state"": """", ""zip"": """"}'}",Unknown,Unknown,Unknown,Unknown,Unknown,Unknown,Unknown,0.0,0.0,0.0,0.0,0.0,0.0,0.0,0.0,0.0,0.0,0.0,0.0,0.0,0.0,0.0,0.0,0.0,0.0,0.0,0.0,0.0,0.0,0.0,0.0,0.0,0.0,0.0,0.0,0.0,0.0,0.0,0.0,0.0,0.0,0.0,0.0,0.0,0.0,0.0,0.0,0.0,0.0,0.0,0.0,0,0,Wednesday,4,0,0
2021-04-14,1900-01-01 12:30:00,WEST 48 STREET,9 AVENUE,1,0,1,0,0,0,0,0,Driver Inattention/Distraction,Unknown,4407459,Van,Unknown,MANHATTAN,10019.0,40.762234,-73.98987,"{'latitude': '40.762234', 'longitude': '-73.98987', 'human_address': '{""address"": """", ""city"": """", ""state"": """", ""zip"": """"}'}",Unknown,Unknown,Unknown,Unknown,Unknown,Unknown,Unknown,0.0,0.0,0.0,0.0,0.0,0.0,0.0,0.0,0.0,0.0,0.0,0.0,0.0,0.0,0.0,0.0,0.0,0.0,0.0,0.0,0.0,0.0,0.0,0.0,0.0,0.0,0.0,0.0,0.0,0.0,0.0,0.0,0.0,0.0,0.0,0.0,0.0,0.0,0.0,0.0,0.0,0.0,0.0,0.0,1,12,Wednesday,4,0,0
2021-04-15,1900-01-01 08:30:00,EAST 193 STREET,MARION AVENUE,0,0,0,0,0,0,0,0,Unspecified,Unknown,4407514,Bus,Unknown,BRONX,10458.0,40.863647,-73.8918,"{'latitude': '40.863647', 'longitude': '-73.8918', 'human_address': '{""address"": """", ""city"": """", ""state"": """", ""zip"": """"}'}",Unknown,Unknown,Unknown,Unknown,Unknown,Unknown,Unknown,0.0,0.0,0.0,0.0,0.0,0.0,0.0,0.0,0.0,0.0,0.0,0.0,0.0,0.0,0.0,0.0,0.0,0.0,0.0,0.0,0.0,0.0,0.0,0.0,0.0,0.0,0.0,0.0,0.0,0.0,0.0,0.0,0.0,0.0,0.0,0.0,0.0,0.0,0.0,0.0,0.0,0.0,0.0,0.0,0,8,Thursday,4,1,0
2021-04-15,1900-01-01 18:36:00,MERMAID AVENUE,WEST 17 STREET,2,0,0,0,0,0,2,0,Driver Inattention/Distraction,Unspecified,4408367,Sedan,Sedan,BROOKLYN,11224.0,40.576626,-73.98478,"{'latitude': '40.576626', 'longitude': '-73.98478', 'human_address': '{""address"": """", ""city"": """", ""state"": """", ""zip"": """"}'}",Unknown,Unknown,Unknown,Unknown,Unknown,Unknown,Unknown,0.0,0.0,0.0,0.0,0.0,0.0,0.0,0.0,0.0,0.0,0.0,0.0,0.0,0.0,0.0,0.0,0.0,0.0,0.0,0.0,0.0,0.0,0.0,0.0,0.0,0.0,0.0,0.0,0.0,0.0,0.0,0.0,0.0,0.0,0.0,0.0,0.0,0.0,0.0,0.0,0.0,0.0,0.0,0.0,1,18,Thursday,4,1,0
2021-04-14,1900-01-01 13:45:00,85 STREET,23 AVENUE,0,0,0,0,0,0,0,0,Driver Inattention/Distraction,Unspecified,4407313,Sedan,Sedan,BROOKLYN,11214.0,40.60118,-73.99098,"{'latitude': '40.60118', 'longitude': '-73.99098', 'human_address': '{""address"": """", ""city"": """", ""state"": """", ""zip"": """"}'}",Unknown,Unknown,Unknown,Unknown,Unknown,Unknown,Unknown,0.0,0.0,0.0,0.0,0.0,0.0,0.0,0.0,0.0,0.0,0.0,0.0,0.0,0.0,0.0,0.0,0.0,0.0,0.0,0.0,0.0,0.0,0.0,0.0,0.0,0.0,0.0,0.0,0.0,0.0,0.0,0.0,0.0,0.0,0.0,0.0,0.0,0.0,0.0,0.0,0.0,0.0,0.0,0.0,0,13,Wednesday,4,0,0
2021-04-14,1900-01-01 19:46:00,51 STREET,3 AVENUE,0,0,0,0,0,0,0,0,Unspecified,Unspecified,4407396,Station Wagon/Sport Utility Vehicle,Station Wagon/Sport Utility Vehicle,BROOKLYN,11220.0,40.64721,-74.01531,"{'latitude': '40.64721', 'longitude': '-74.01531', 'human_address': '{""address"": """", ""city"": """", ""state"": """", ""zip"": """"}'}",Unknown,Unknown,Unknown,Unknown,Unknown,Unknown,Unknown,0.0,0.0,0.0,0.0,0.0,0.0,0.0,0.0,0.0,0.0,0.0,0.0,0.0,0.0,0.0,0.0,0.0,0.0,0.0,0.0,0.0,0.0,0.0,0.0,0.0,0.0,0.0,0.0,0.0,0.0,0.0,0.0,0.0,0.0,0.0,0.0,0.0,0.0,0.0,0.0,0.0,0.0,0.0,0.0,0,19,Wednesday,4,0,0
2021-04-13,1900-01-01 17:11:00,VERRAZANO BRIDGE UPPER,Unknown,0,0,0,0,0,0,0,0,Following Too Closely,Unspecified,4407883,Sedan,Box Truck,Unknown,0.0,0.0,0.0,Unknown,Unknown,Unknown,Unknown,Unknown,Unknown,Unknown,Unknown,0.0,0.0,0.0,0.0,0.0,0.0,0.0,0.0,0.0,0.0,0.0,0.0,0.0,0.0,0.0,0.0,0.0,0.0,0.0,0.0,0.0,0.0,0.0,0.0,0.0,0.0,0.0,0.0,0.0,0.0,0.0,0.0,0.0,0.0,0.0,0.0,0.0,0.0,0.0,0.0,0.0,0.0,0.0,0.0,0,17,Tuesday,4,1,0
2021-04-15,1900-01-01 16:18:00,SUTPHIN BOULEVARD,Unknown,0,0,0,0,0,0,0,0,Unsafe Speed,Unspecified,4407611,Sedan,Sedan,Unknown,0.0,40.681145,-73.7923,"{'latitude': '40.681145', 'longitude': '-73.7923', 'human_address': '{""address"": """", ""city"": """", ""state"": """", ""zip"": """"}'}",Unknown,Unknown,Unknown,Unknown,Unknown,Unknown,Unknown,0.0,0.0,0.0,0.0,0.0,0.0,0.0,0.0,0.0,0.0,0.0,0.0,0.0,0.0,0.0,0.0,0.0,0.0,0.0,0.0,0.0,0.0,0.0,0.0,0.0,0.0,0.0,0.0,0.0,0.0,0.0,0.0,0.0,0.0,0.0,0.0,0.0,0.0,0.0,0.0,0.0,0.0,0.0,0.0,0,16,Thursday,4,1,0
2021-04-15,1900-01-01 12:40:00,SURF AVENUE,WEST 8 STREET,0,0,0,0,0,0,0,0,Backing Unsafely,Unspecified,4408053,Station Wagon/Sport Utility Vehicle,Unknown,BROOKLYN,11224.0,40.57529,-73.97655,"{'latitude': '40.57529', 'longitude': '-73.97655', 'human_address': '{""address"": """", ""city"": """", ""state"": """", ""zip"": """"}'}",Unknown,Unknown,Unknown,Unknown,Unknown,Unknown,Unknown,0.0,0.0,0.0,0.0,0.0,0.0,0.0,0.0,0.0,0.0,0.0,0.0,0.0,0.0,0.0,0.0,0.0,0.0,0.0,0.0,0.0,0.0,0.0,0.0,0.0,0.0,0.0,0.0,0.0,0.0,0.0,0.0,0.0,0.0,0.0,0.0,0.0,0.0,0.0,0.0,0.0,0.0,0.0,0.0,0,12,Thursday,4,0,0
2021-04-16,1900-01-01 17:45:00,14 AVENUE,COLLEGE POINT BOULEVARD,0,0,0,0,0,0,0,0,Failure to Yield Right-of-Way,Unspecified,4407905,Sedan,Station Wagon/Sport Utility Vehicle,Unknown,0.0,40.786,-73.84574,"{'latitude': '40.786', 'longitude': '-73.84574', 'human_address': '{""address"": """", ""city"": """", ""state"": """", ""zip"": """"}'}",Unknown,Unknown,Unknown,Unknown,Unknown,Unknown,Unknown,0.0,0.0,0.0,0.0,0.0,0.0,0.0,0.0,0.0,0.0,0.0,0.0,0.0,0.0,0.0,0.0,0.0,0.0,0.0,0.0,0.0,0.0,0.0,0.0,0.0,0.0,0.0,0.0,0.0,0.0,0.0,0.0,0.0,0.0,0.0,0.0,0.0,0.0,0.0,0.0,0.0,0.0,0.0,0.0,0,17,Friday,4,1,0
2021-04-15,1900-01-01 20:00:00,BENSON AVENUE,BAY 28 STREET,1,0,1,0,0,0,0,0,Pedestrian/Bicyclist/Other Pedestrian Error/Confusion,Unknown,4407642,Taxi,Unknown,BROOKLYN,11214.0,40.601128,-73.997086,"{'latitude': '40.601128', 'longitude': '-73.997086', 'human_address': '{""address"": """", ""city"": """", ""state"": """", ""zip"": """"}'}",Unknown,Unknown,Unknown,Unknown,Unknown,Unknown,Unknown,0.0,0.0,0.0,0.0,0.0,0.0,0.0,0.0,0.0,0.0,0.0,0.0,0.0,0.0,0.0,0.0,0.0,0.0,0.0,0.0,0.0,0.0,0.0,0.0,0.0,0.0,0.0,0.0,0.0,0.0,0.0,0.0,0.0,0.0,0.0,0.0,0.0,0.0,0.0,0.0,0.0,0.0,0.0,0.0,1,20,Thursday,4,0,0
2021-04-15,1900-01-01 11:45:00,HARLEM RIVER DRIVE,Unknown,0,0,0,0,0,0,0,0,Unsafe Lane Changing,Unspecified,4407556,Sedan,Sedan,Unknown,0.0,40.827923,-73.93483,"{'latitude': '40.827923', 'longitude': '-73.93483', 'human_address': '{""address"": """", ""city"": """", ""state"": """", ""zip"": """"}'}",Unknown,Unknown,Unknown,Unknown,Unknown,Unknown,Unknown,0.0,0.0,0.0,0.0,0.0,0.0,0.0,0.0,0.0,0.0,0.0,0.0,0.0,0.0,0.0,0.0,0.0,0.0,0.0,0.0,0.0,0.0,0.0,0.0,0.0,0.0,0.0,0.0,0.0,0.0,0.0,0.0,0.0,0.0,0.0,0.0,0.0,0.0,0.0,0.0,0.0,0.0,0.0,0.0,0,11,Thursday,4,0,0
2021-04-05,1900-01-01 16:27:00,Unknown,Unknown,0,0,0,0,0,0,0,0,Unspecified,Unspecified,4407774,Station Wagon/Sport Utility Vehicle,Unknown,MANHATTAN,10026.0,40.805824,-73.954636,"{'latitude': '40.805824', 'longitude': '-73.954636', 'human_address': '{""address"": """", ""city"": """", ""state"": """", ""zip"": """"}'}",Unknown,Unknown,301       WEST 118 STREET,Unknown,Unknown,Unknown,Unknown,0.0,0.0,0.0,0.0,0.0,0.0,0.0,0.0,0.0,0.0,0.0,0.0,0.0,0.0,0.0,0.0,0.0,0.0,0.0,0.0,0.0,0.0,0.0,0.0,0.0,0.0,0.0,0.0,0.0,0.0,0.0,0.0,0.0,0.0,0.0,0.0,0.0,0.0,0.0,0.0,0.0,0.0,0.0,0.0,0,16,Monday,4,1,0
2021-04-14,1900-01-01 13:30:00,3 AVENUE,Unknown,0,0,0,0,0,0,0,0,Passing or Lane Usage Improper,Unspecified,4407360,Sedan,Sedan,Unknown,0.0,40.642776,-74.02003,"{'latitude': '40.642776', 'longitude': '-74.02003', 'human_address': '{""address"": """", ""city"": """", ""state"": """", ""zip"": """"}'}",Unknown,Unknown,Unknown,Unknown,Unknown,Unknown,Unknown,0.0,0.0,0.0,0.0,0.0,0.0,0.0,0.0,0.0,0.0,0.0,0.0,0.0,0.0,0.0,0.0,0.0,0.0,0.0,0.0,0.0,0.0,0.0,0.0,0.0,0.0,0.0,0.0,0.0,0.0,0.0,0.0,0.0,0.0,0.0,0.0,0.0,0.0,0.0,0.0,0.0,0.0,0.0,0.0,0,13,Wednesday,4,0,0
2021-04-14,1900-01-01 18:56:00,PAYSON AVENUE,Unknown,1,0,0,0,0,0,1,0,Pavement Defective,Unknown,4408139,Motorcycle,Unknown,Unknown,0.0,40.86674,-73.92873,"{'latitude': '40.86674', 'longitude': '-73.92873', 'human_address': '{""address"": """", ""city"": """", ""state"": """", ""zip"": """"}'}",Unknown,Unknown,Unknown,Unknown,Unknown,Unknown,Unknown,0.0,0.0,0.0,0.0,0.0,0.0,0.0,0.0,0.0,0.0,0.0,0.0,0.0,0.0,0.0,0.0,0.0,0.0,0.0,0.0,0.0,0.0,0.0,0.0,0.0,0.0,0.0,0.0,0.0,0.0,0.0,0.0,0.0,0.0,0.0,0.0,0.0,0.0,0.0,0.0,0.0,0.0,0.0,0.0,1,18,Wednesday,4,1,0
2021-04-16,1900-01-01 09:10:00,HYLAN BOULEVARD,STEUBEN STREET,0,0,0,0,0,0,0,0,Unspecified,Unspecified,4407848,Station Wagon/Sport Utility Vehicle,Box Truck,Unknown,0.0,0.0,0.0,Unknown,Unknown,Unknown,Unknown,Unknown,Unknown,Unknown,Unknown,0.0,0.0,0.0,0.0,0.0,0.0,0.0,0.0,0.0,0.0,0.0,0.0,0.0,0.0,0.0,0.0,0.0,0.0,0.0,0.0,0.0,0.0,0.0,0.0,0.0,0.0,0.0,0.0,0.0,0.0,0.0,0.0,0.0,0.0,0.0,0.0,0.0,0.0,0.0,0.0,0.0,0.0,0.0,0.0,0,9,Friday,4,1,0
2021-04-15,1900-01-01 01:30:00,QUEENSBORO BRIDGE UPPER,Unknown,0,0,0,0,0,0,0,0,Unspecified,Unknown,4407401,Station Wagon/Sport Utility Vehicle,Unknown,Unknown,0.0,0.0,0.0,Unknown,Unknown,Unknown,Unknown,Unknown,Unknown,Unknown,Unknown,0.0,0.0,0.0,0.0,0.0,0.0,0.0,0.0,0.0,0.0,0.0,0.0,0.0,0.0,0.0,0.0,0.0,0.0,0.0,0.0,0.0,0.0,0.0,0.0,0.0,0.0,0.0,0.0,0.0,0.0,0.0,0.0,0.0,0.0,0.0,0.0,0.0,0.0,0.0,0.0,0.0,0.0,0.0,0.0,0,1,Thursday,4,0,0
2021-12-10,1900-01-01 12:15:00,NEW DORP LANE,CLAWSON STREET,0,0,0,0,0,0,0,0,Backing Unsafely,Unspecified,4485464,Sedan,Station Wagon/Sport Utility Vehicle,Unknown,0.0,40.571625,-74.11192,"{'latitude': '40.571625', 'longitude': '-74.11192', 'human_address': '{""address"": """", ""city"": """", ""state"": """", ""zip"": """"}'}",Unknown,Unknown,Unknown,Unknown,Unknown,Unknown,Unknown,0.0,0.0,0.0,0.0,0.0,0.0,0.0,0.0,0.0,0.0,0.0,0.0,0.0,0.0,0.0,0.0,0.0,0.0,0.0,0.0,0.0,0.0,0.0,0.0,0.0,0.0,0.0,0.0,0.0,0.0,0.0,0.0,0.0,0.0,0.0,0.0,0.0,0.0,0.0,0.0,0.0,0.0,0.0,0.0,0,12,Friday,12,0,0
2021-04-12,1900-01-01 06:00:00,SUYDAM PLACE,Unknown,0,0,0,0,0,0,0,0,Other Lighting Defects,Unspecified,4408223,Garbage or Refuse,Sedan,Unknown,0.0,40.678375,-73.9265,"{'latitude': '40.678375', 'longitude': '-73.9265', 'human_address': '{""address"": """", ""city"": """", ""state"": """", ""zip"": """"}'}",Unknown,Unknown,Unknown,Unknown,Unknown,Unknown,Unknown,0.0,0.0,0.0,0.0,0.0,0.0,0.0,0.0,0.0,0.0,0.0,0.0,0.0,0.0,0.0,0.0,0.0,0.0,0.0,0.0,0.0,0.0,0.0,0.0,0.0,0.0,0.0,0.0,0.0,0.0,0.0,0.0,0.0,0.0,0.0,0.0,0.0,0.0,0.0,0.0,0.0,0.0,0.0,0.0,0,6,Monday,4,0,0
2021-04-14,1900-01-01 19:50:00,EAST 26 STREET,Unknown,1,0,0,0,0,0,1,0,Unspecified,Unknown,4408075,Station Wagon/Sport Utility Vehicle,Unknown,Unknown,0.0,40.74209,-73.984985,"{'latitude': '40.74209', 'longitude': '-73.984985', 'human_address': '{""address"": """", ""city"": """", ""state"": """", ""zip"": """"}'}",Unknown,Unknown,Unknown,Unknown,Unknown,Unknown,Unknown,0.0,0.0,0.0,0.0,0.0,0.0,0.0,0.0,0.0,0.0,0.0,0.0,0.0,0.0,0.0,0.0,0.0,0.0,0.0,0.0,0.0,0.0,0.0,0.0,0.0,0.0,0.0,0.0,0.0,0.0,0.0,0.0,0.0,0.0,0.0,0.0,0.0,0.0,0.0,0.0,0.0,0.0,0.0,0.0,1,19,Wednesday,4,0,0
2021-04-16,1900-01-01 11:30:00,Unknown,Unknown,0,0,0,0,0,0,0,0,Unspecified,Unspecified,4407967,Sedan,Taxi,BRONX,10455.0,40.81228,-73.90941,"{'latitude': '40.81228', 'longitude': '-73.90941', 'human_address': '{""address"": """", ""city"": """", ""state"": """", ""zip"": """"}'}",Unknown,Unknown,508       JACKSON AVENUE,Unknown,Unknown,Unknown,Unknown,0.0,0.0,0.0,0.0,0.0,0.0,0.0,0.0,0.0,0.0,0.0,0.0,0.0,0.0,0.0,0.0,0.0,0.0,0.0,0.0,0.0,0.0,0.0,0.0,0.0,0.0,0.0,0.0,0.0,0.0,0.0,0.0,0.0,0.0,0.0,0.0,0.0,0.0,0.0,0.0,0.0,0.0,0.0,0.0,0,11,Friday,4,0,0
2021-04-16,1900-01-01 23:45:00,MC DONALD AVENUE,Unknown,0,0,0,0,0,0,0,0,Reaction to Uninvolved Vehicle,Unknown,4407875,Pick-up Truck,Unknown,Unknown,0.0,40.604195,-73.97218,"{'latitude': '40.604195', 'longitude': '-73.97218', 'human_address': '{""address"": """", ""city"": """", ""state"": """", ""zip"": """"}'}",Unknown,Unknown,Unknown,Unknown,Unknown,Unknown,Unknown,0.0,0.0,0.0,0.0,0.0,0.0,0.0,0.0,0.0,0.0,0.0,0.0,0.0,0.0,0.0,0.0,0.0,0.0,0.0,0.0,0.0,0.0,0.0,0.0,0.0,0.0,0.0,0.0,0.0,0.0,0.0,0.0,0.0,0.0,0.0,0.0,0.0,0.0,0.0,0.0,0.0,0.0,0.0,0.0,0,23,Friday,4,0,0
2021-04-11,1900-01-01 18:45:00,Unknown,Unknown,0,0,0,0,0,0,0,0,Driver Inattention/Distraction,Unspecified,4407915,Station Wagon/Sport Utility Vehicle,Station Wagon/Sport Utility Vehicle,BRONX,10460.0,40.84383,-73.886375,"{'latitude': '40.84383', 'longitude': '-73.886375', 'human_address': '{""address"": """", ""city"": """", ""state"": """", ""zip"": """"}'}",Unknown,Unknown,1988      MARMION AVENUE,Unknown,Unknown,Unknown,Unknown,0.0,0.0,0.0,0.0,0.0,0.0,0.0,0.0,0.0,0.0,0.0,0.0,0.0,0.0,0.0,0.0,0.0,0.0,0.0,0.0,0.0,0.0,0.0,0.0,0.0,0.0,0.0,0.0,0.0,0.0,0.0,0.0,0.0,0.0,0.0,0.0,0.0,0.0,0.0,0.0,0.0,0.0,0.0,0.0,0,18,Sunday,4,1,1
2021-04-16,1900-01-01 08:30:00,8 AVENUE,Unknown,1,0,0,0,1,0,0,0,Failure to Yield Right-of-Way,Unspecified,4408258,Sedan,Bike,Unknown,0.0,40.759163,-73.988396,"{'latitude': '40.759163', 'longitude': '-73.988396', 'human_address': '{""address"": """", ""city"": """", ""state"": """", ""zip"": """"}'}",Unknown,Unknown,Unknown,Unknown,Unknown,Unknown,Unknown,0.0,0.0,0.0,0.0,0.0,0.0,0.0,0.0,0.0,0.0,0.0,0.0,0.0,0.0,0.0,0.0,0.0,0.0,0.0,0.0,0.0,0.0,0.0,0.0,0.0,0.0,0.0,0.0,0.0,0.0,0.0,0.0,0.0,0.0,0.0,0.0,0.0,0.0,0.0,0.0,0.0,0.0,0.0,0.0,1,8,Friday,4,1,0
2021-04-15,1900-01-01 19:39:00,FLATBUSH AVENUE,CATON AVENUE,1,0,1,0,0,0,0,0,Unspecified,Unknown,4408033,Unknown,Unknown,BROOKLYN,11226.0,40.652927,-73.959335,"{'latitude': '40.652927', 'longitude': '-73.959335', 'human_address': '{""address"": """", ""city"": """", ""state"": """", ""zip"": """"}'}",Unknown,Unknown,Unknown,Unknown,Unknown,Unknown,Unknown,0.0,0.0,0.0,0.0,0.0,0.0,0.0,0.0,0.0,0.0,0.0,0.0,0.0,0.0,0.0,0.0,0.0,0.0,0.0,0.0,0.0,0.0,0.0,0.0,0.0,0.0,0.0,0.0,0.0,0.0,0.0,0.0,0.0,0.0,0.0,0.0,0.0,0.0,0.0,0.0,0.0,0.0,0.0,0.0,1,19,Thursday,4,0,0
2021-04-14,1900-01-01 21:00:00,MARCY AVENUE,KOSCIUSZKO STREET,2,0,0,0,0,0,2,0,Following Too Closely,Turning Improperly,4408308,Sedan,Station Wagon/Sport Utility Vehicle,BROOKLYN,11216.0,40.69097,-73.94833,"{'latitude': '40.69097', 'longitude': '-73.94833', 'human_address': '{""address"": """", ""city"": """", ""state"": """", ""zip"": """"}'}",Unknown,Unknown,Unknown,Unknown,Unknown,Unknown,Unknown,0.0,0.0,0.0,0.0,0.0,0.0,0.0,0.0,0.0,0.0,0.0,0.0,0.0,0.0,0.0,0.0,0.0,0.0,0.0,0.0,0.0,0.0,0.0,0.0,0.0,0.0,0.0,0.0,0.0,0.0,0.0,0.0,0.0,0.0,0.0,0.0,0.0,0.0,0.0,0.0,0.0,0.0,0.0,0.0,1,21,Wednesday,4,0,0
2021-04-16,1900-01-01 19:00:00,FDR DRIVE,Unknown,0,0,0,0,0,0,0,0,Unspecified,Unspecified,4407869,Station Wagon/Sport Utility Vehicle,Station Wagon/Sport Utility Vehicle,Unknown,0.0,40.718864,-73.97483,"{'latitude': '40.718864', 'longitude': '-73.97483', 'human_address': '{""address"": """", ""city"": """", ""state"": """", ""zip"": """"}'}",Unknown,Unknown,Unknown,Unknown,Unknown,Unknown,Unknown,0.0,0.0,0.0,0.0,0.0,0.0,0.0,0.0,0.0,0.0,0.0,0.0,0.0,0.0,0.0,0.0,0.0,0.0,0.0,0.0,0.0,0.0,0.0,0.0,0.0,0.0,0.0,0.0,0.0,0.0,0.0,0.0,0.0,0.0,0.0,0.0,0.0,0.0,0.0,0.0,0.0,0.0,0.0,0.0,0,19,Friday,4,0,0
2021-04-15,1900-01-01 23:30:00,Unknown,Unknown,0,0,0,0,0,0,0,0,Driver Inattention/Distraction,Unspecified,4407732,Van,Sedan,BROOKLYN,11208.0,40.683174,-73.87389,"{'latitude': '40.683174', 'longitude': '-73.87389', 'human_address': '{""address"": """", ""city"": """", ""state"": """", ""zip"": """"}'}",Unknown,Unknown,3289      FULTON STREET,Unknown,Unknown,Unknown,Unknown,0.0,0.0,0.0,0.0,0.0,0.0,0.0,0.0,0.0,0.0,0.0,0.0,0.0,0.0,0.0,0.0,0.0,0.0,0.0,0.0,0.0,0.0,0.0,0.0,0.0,0.0,0.0,0.0,0.0,0.0,0.0,0.0,0.0,0.0,0.0,0.0,0.0,0.0,0.0,0.0,0.0,0.0,0.0,0.0,0,23,Thursday,4,0,0
2021-04-15,1900-01-01 17:11:00,BRUCKNER BOULEVARD,EAST 135 STREET,1,0,0,0,0,0,1,0,Driver Inattention/Distraction,Driver Inattention/Distraction,4407684,Sedan,Unknown,Unknown,0.0,0.0,0.0,Unknown,Unknown,Unknown,Unknown,Unknown,Unknown,Unknown,Unknown,0.0,0.0,0.0,0.0,0.0,0.0,0.0,0.0,0.0,0.0,0.0,0.0,0.0,0.0,0.0,0.0,0.0,0.0,0.0,0.0,0.0,0.0,0.0,0.0,0.0,0.0,0.0,0.0,0.0,0.0,0.0,0.0,0.0,0.0,0.0,0.0,0.0,0.0,0.0,0.0,0.0,0.0,0.0,0.0,1,17,Thursday,4,1,0
2021-04-15,1900-01-01 02:00:00,37 AVENUE,82 STREET,0,0,0,0,0,0,0,0,Passing or Lane Usage Improper,Unknown,4407602,Box Truck,Unknown,QUEENS,11372.0,40.749744,-73.884315,"{'latitude': '40.749744', 'longitude': '-73.884315', 'human_address': '{""address"": """", ""city"": """", ""state"": """", ""zip"": """"}'}",Unknown,Unknown,Unknown,Unknown,Unknown,Unknown,Unknown,0.0,0.0,0.0,0.0,0.0,0.0,0.0,0.0,0.0,0.0,0.0,0.0,0.0,0.0,0.0,0.0,0.0,0.0,0.0,0.0,0.0,0.0,0.0,0.0,0.0,0.0,0.0,0.0,0.0,0.0,0.0,0.0,0.0,0.0,0.0,0.0,0.0,0.0,0.0,0.0,0.0,0.0,0.0,0.0,0,2,Thursday,4,0,0