crash_date,crash_time,on_street_name,off_street_name,number_of_persons_injured,number_of_persons_killed,number_of_pedestrians_injured,number_of_pedestrians_killed,number_of_cyclist_injured,number_of_cyclist_killed,number_of_motorist_injured,number_of_motorist_killed,contributing_factor_vehicle_1,contributing_factor_vehicle_2,collision_id,vehicle_type_code1,vehicle_type_code2,borough,zip_code,latitude,longitude,location,contributing_factor_vehicle_3,vehicle_type_code_3,cross_street_name,contributing_factor_vehicle_4,vehicle_type_code_4,contributing_factor_vehicle_5,vehicle_type_code_5,unique_id,crash_date_veh,crash_time_veh,vehicle_id,state_registration,vehicle_type,contributing_factor_1,vehicle_make,vehicle_year,travel_direction,vehicle_occupants,driver_sex,driver_license_status,driver_license_jurisdiction,pre_crash,point_of_impact,vehicle_damage,public_property_damage,contributing_factor_2,vehicle_damage_1,vehicle_damage_2,vehicle_damage_3,vehicle_model,public_property_damage_type,unique_id_pers,crash_date_pers,crash_time_pers,person_id,person_type,person_injury,vehicle_id_pers,ped_role,person_sex,person_age,ejection,emotional_status,bodily_injury,position_in_vehicle,safety_equipment,complaint,ped_location,ped_action,contributing_factor_1_pers,contributing_factor_2_pers,injury_occurred,crash_hour,day_of_week,month,rush_hour,is_weekend
2021-04-16,1900-01-01 19:54:00,EAST 20 STREET,PARK AVENUE SOUTH,0,0,0,0,0,0,0,0,Unspecified,Unknown,4407959,Taxi,Unknown,MANHATTAN,10010.0,40.738316,-73.98773,"{'latitude': '40.738316', 'longitude': '-73.98773', 'human_address': '{""address"": """", ""city"": """", ""state"": """", ""zip"": """"}'}",Unknown,Unknown,Unknown,Unknown,Unknown,Unknown,Unknown,0.0,0.0,0.0,0.0,0.0,0.0,0.0,0.0,0.0,0.0,0.0,0.0,0.0,0.0,0.0,0.0,0.0,0.0,0.0,0.0,0.0,0.0,0.0,0.0,0.0,0.0,0.0,0.0,0.0,0.0,0.0,0.0,0.0,0.0,0.0,0.0,0.0,0.0,0.0,0.0,0.0,0.0,0.0,0.0,0,19,Friday,4,0,0
2021-04-08,1900-01-01 09:21:00,Unknown,Unknown,0,0,0,0,0,0,0,0,Unspecified,Unspecified,4408397,Sedan,Pick-up Truck,BRONX,10461.0,40.839382,-73.84531,"{'latitude': '40.839382', 'longitude': '-73.84531', 'human_address': '{""address"": """", ""city"": """", ""state"": """", ""zip"": """"}'}",Unknown,Unknown,2507      TRATMAN AVENUE,Unknown,Unknown,Unknown,Unknown,0.0,0.0,0.0,0.0,0.0,0.0,0.0,0.0,0.0,0.0,0.0,0.0,0.0,0.0,0.0,0.0,0.0,0.0,0.0,0.0,0.0,0.0,0.0,0.0,0.0,0.0,0.0,0.0,0.0,0.0,0.0,0.0,0.0,0.0,0.0,0.0,0.0,0.0,0.0,0.0,0.0,0.0,0.0,0.0,0,9,Thursday,4,1,0
2021-04-16,1900-01-01 09:50:00,Unknown,Unknown,0,0,0,0,0,0,0,0,Unspecified,Unknown,4408067,Sedan,Unknown,BROOKLYN,11212.0,40.66806,-73.90394,"{'latitude': '40.66806', 'longitude': '-73.90394', 'human_address': '{""address"": """", ""city"": """", ""state"": """", ""zip"": """"}'}",Unknown,Unknown,414       SUTTER AVENUE,Unknown,Unknown,Unknown,Unknown,0.0,0.0,0.0,0.0,0.0,0.0,0.0,0.0,0.0,0.0,0.0,0.0,0.0,0.0,0.0,0.0,0.0,0.0,0.0,0.0,0.0,0.0,0.0,0.0,0.0,0.0,0.0,0.0,0.0,0.0,0.0,0.0,0.0,0.0,0.0,0.0,0.0,0.0,0.0,0.0,0.0,0.0,0.0,0.0,0,9,Friday,4,1,0
2021-04-16,1900-01-01 12:10:00,WEST 32 STREET,Unknown,0,0,0,0,0,0,0,0,Driver Inattention/Distraction,Unspecified,4408279,Station Wagon/Sport Utility Vehicle,Box Truck,Unknown,0.0,40.74715,-73.985504,"{'latitude': '40.74715', 'longitude': '-73.985504', 'human_address': '{""address"": """", ""city"": """", ""state"": """", ""zip"": """"}'}",Unknown,Unknown,Unknown,Unknown,Unknown,Unknown,Unknown,0.0,0.0,0.0,0.0,0.0,0.0,0.0,0.0,0.0,0.0,0.0,0.0,0.0,0.0,0.0,0.0,0.0,0.0,0.0,0.0,0.0,0.0,0.0,0.0,0.0,0.0,0.0,0.0,0.0,0.0,0.0,0.0,0.0,0.0,0.0,0.0,0.0,0.0,0.0,0.0,0.0,0.0,0.0,0.0,0,12,Friday,4,0,0
2021-04-14,1900-01-01 08:40:00,RIVERDALE AVENUE,Unknown,0,0,0,0,0,0,0,0,Driver Inattention/Distraction,Unspecified,4407723,Station Wagon/Sport Utility Vehicle,Sedan,Unknown,0.0,40.663776,-73.889915,"{'latitude': '40.663776', 'longitude': '-73.889915', 'human_address': '{""address"": """", ""city"": """", ""state"": """", ""zip"": """"}'}",Unknown,Unknown,Unknown,Unknown,Unknown,Unknown,Unknown,0.0,0.0,0.0,0.0,0.0,0.0,0.0,0.0,0.0,0.0,0.0,0.0,0.0,0.0,0.0,0.0,0.0,0.0,0.0,0.0,0.0,0.0,0.0,0.0,0.0,0.0,0.0,0.0,0.0,0.0,0.0,0.0,0.0,0.0,0.0,0.0,0.0,0.0,0.0,0.0,0.0,0.0,0.0,0.0,0,8,Wednesday,4,1,0
2021-04-16,1900-01-01 23:25:00,MAJOR DEEGAN EXPRESSWAY,Unknown,0,0,0,0,0,0,0,0,Unsafe Lane Changing,Unspecified,4408198,Sedan,Sedan,Unknown,0.0,40.843903,-73.927284,"{'latitude': '40.843903', 'longitude': '-73.927284', 'human_address': '{""address"": """", ""city"": """", ""state"": """", ""zip"": """"}'}",Unknown,Unknown,Unknown,Unknown,Unknown,Unknown,Unknown,0.0,0.0,0.0,0.0,0.0,0.0,0.0,0.0,0.0,0.0,0.0,0.0,0.0,0.0,0.0,0.0,0.0,0.0,0.0,0.0,0.0,0.0,0.0,0.0,0.0,0.0,0.0,0.0,0.0,0.0,0.0,0.0,0.0,0.0,0.0,0.0,0.0,0.0,0.0,0.0,0.0,0.0,0.0,0.0,0,23,Friday,4,0,0
2021-04-14,1900-01-01 20:25:00,CROSS BRONX EXPY,Unknown,2,0,0,0,0,0,2,0,Unspecified,Unknown,4407501,Sedan,Unknown,Unknown,0.0,40.836296,-73.87369,"{'latitude': '40.836296', 'longitude': '-73.87369', 'human_address': '{""address"": """", ""city"": """", ""state"": """", ""zip"": """"}'}",Unknown,Unknown,Unknown,Unknown,Unknown,Unknown,Unknown,0.0,0.0,0.0,0.0,0.0,0.0,0.0,0.0,0.0,0.0,0.0,0.0,0.0,0.0,0.0,0.0,0.0,0.0,0.0,0.0,0.0,0.0,0.0,0.0,0.0,0.0,0.0,0.0,0.0,0.0,0.0,0.0,0.0,0.0,0.0,0.0,0.0,0.0,0.0,0.0,0.0,0.0,0.0,0.0,1,20,Wednesday,4,0,0
2021-04-15,1900-01-01 21:04:00,Unknown,Unknown,2,0,0,0,0,0,2,0,Failure to Yield Right-of-Way,Unspecified,4408119,Taxi,Unknown,BROOKLYN,11203.0,40.655285,-73.93658,"{'latitude': '40.655285', 'longitude': '-73.93658', 'human_address': '{""address"": """", ""city"": """", ""state"": """", ""zip"": """"}'}",Unknown,Unknown,743       TROY AVENUE,Unknown,Unknown,Unknown,Unknown,0.0,0.0,0.0,0.0,0.0,0.0,0.0,0.0,0.0,0.0,0.0,0.0,0.0,0.0,0.0,0.0,0.0,0.0,0.0,0.0,0.0,0.0,0.0,0.0,0.0,0.0,0.0,0.0,0.0,0.0,0.0,0.0,0.0,0.0,0.0,0.0,0.0,0.0,0.0,0.0,0.0,0.0,0.0,0.0,1,21,Thursday,4,0,0
2021-04-09,1900-01-01 12:00:00,WILLIAMSBURG STREET WEST,WYTHE AVENUE,0,0,0,0,0,0,0,0,Driver Inattention/Distraction,Oversized Vehicle,4408359,Sedan,Dump,BROOKLYN,11249.0,40.70166,-73.961464,"{'latitude': '40.70166', 'longitude': '-73.961464', 'human_address': '{""address"": """", ""city"": """", ""state"": """", ""zip"": """"}'}",Unknown,Unknown,Unknown,Unknown,Unknown,Unknown,Unknown,0.0,0.0,0.0,0.0,0.0,0.0,0.0,0.0,0.0,0.0,0.0,0.0,0.0,0.0,0.0,0.0,0.0,0.0,0.0,0.0,0.0,0.0,0.0,0.0,0.0,0.0,0.0,0.0,0.0,0.0,0.0,0.0,0.0,0.0,0.0,0.0,0.0,0.0,0.0,0.0,0.0,0.0,0.0,0.0,0,12,Friday,4,0,0
2021-04-16,1900-01-01 10:05:00,3 AVENUE,53 STREET,1,0,0,0,0,0,1,0,Brakes Defective,Unspecified,4407816,Pick-up Truck,Pick-up Truck,BROOKLYN,11220.0,40.64606,-74.01648,"{'latitude': '40.64606', 'longitude': '-74.01648', 'human_address': '{""address"": """", ""city"": """", ""state"": """", ""zip"": """"}'}",Unknown,Unknown,Unknown,Unknown,Unknown,Unknown,Unknown,0.0,0.0,0.0,0.0,0.0,0.0,0.0,0.0,0.0,0.0,0.0,0.0,0.0,0.0,0.0,0.0,0.0,0.0,0.0,0.0,0.0,0.0,0.0,0.0,0.0,0.0,0.0,0.0,0.0,0.0,0.0,0.0,0.0,0.0,0.0,0.0,0.0,0.0,0.0,0.0,0.0,0.0,0.0,0.0,1,10,Friday,4,0,0
2021-04-14,1900-01-01 07:00:00,G.C.P. / JEWEL (CDR),Unknown,0,0,0,0,0,0,0,0,Fell Asleep,Unknown,4407168,Station Wagon/Sport Utility Vehicle,Unknown,Unknown,0.0,0.0,0.0,Unknown,Unknown,Unknown,Unknown,Unknown,Unknown,Unknown,Unknown,0.0,0.0,0.0,0.0,0.0,0.0,0.0,0.0,0.0,0.0,0.0,0.0,0.0,0.0,0.0,0.0,0.0,0.0,0.0,0.0,0.0,0.0,0.0,0.0,0.0,0.0,0.0,0.0,0.0,0.0,0.0,0.0,0.0,0.0,0.0,0.0,0.0,0.0,0.0,0.0,0.0,0.0,0.0,0.0,0,7,Wednesday,4,1,0
2021-04-15,1900-01-01 08:23:00,FOOTHILL AVENUE,204 STREET,1,0,0,0,0,0,1,0,Driver Inattention/Distraction,Unspecified,4407543,Sedan,Station Wagon/Sport Utility Vehicle,QUEENS,11423.0,40.72119,-73.761185,"{'latitude': '40.72119', 'longitude': '-73.761185', 'human_address': '{""address"": """", ""city"": """", ""state"": """", ""zip"": """"}'}",Unknown,Unknown,Unknown,Unknown,Unknown,Unknown,Unknown,0.0,0.0,0.0,0.0,0.0,0.0,0.0,0.0,0.0,0.0,0.0,0.0,0.0,0.0,0.0,0.0,0.0,0.0,0.0,0.0,0.0,0.0,0.0,0.0,0.0,0.0,0.0,0.0,0.0,0.0,0.0,0.0,0.0,0.0,0.0,0.0,0.0,0.0,0.0,0.0,0.0,0.0,0.0,0.0,1,8,Thursday,4,1,0
2021-04-15,1900-01-01 12:00:00,Unknown,Unknown,0,0,0,0,0,0,0,0,Driver Inattention/Distraction,Unspecified,4407801,Station Wagon/Sport Utility Vehicle,Box Truck,QUEENS,11385.0,40.708363,-73.87203,"{'latitude': '40.708363', 'longitude': '-73.87203', 'human_address': '{""address"": """", ""city"": """", ""state"": """", ""zip"": """"}'}",Unknown,Unknown,79-40     COOPER AVENUE,Unknown,Unknown,Unknown,Unknown,0.0,0.0,0.0,0.0,0.0,0.0,0.0,0.0,0.0,0.0,0.0,0.0,0.0,0.0,0.0,0.0,0.0,0.0,0.0,0.0,0.0,0.0,0.0,0.0,0.0,0.0,0.0,0.0,0.0,0.0,0.0,0.0,0.0,0.0,0.0,0.0,0.0,0.0,0.0,0.0,0.0,0.0,0.0,0.0,0,12,Thursday,4,0,0
2021-04-14,1900-01-01 14:10:00,120 STREET,Unknown,0,0,0,0,0,0,0,0,Traffic Control Disregarded,Unspecified,4407346,SCHOOL BUS,Sedan,Unknown,0.0,40.674004,-73.81881,"{'latitude': '40.674004', 'longitude': '-73.81881', 'human_address': '{""address"": """", ""city"": """", ""state"": """", ""zip"": """"}'}",Unspecified,Sedan,Unknown,Unspecified,Station Wagon/Sport Utility Vehicle,Unknown,Unknown,0.0,0.0,0.0,0.0,0.0,0.0,0.0,0.0,0.0,0.0,0.0,0.0,0.0,0.0,0.0,0.0,0.0,0.0,0.0,0.0,0.0,0.0,0.0,0.0,0.0,0.0,0.0,0.0,0.0,0.0,0.0,0.0,0.0,0.0,0.0,0.0,0.0,0.0,0.0,0.0,0.0,0.0,0.0,0.0,0,14,Wednesday,4,0,0
2021-04-14,1900-01-01 23:10:00,LONG ISLAND EXPRESSWAY,Unknown,2,0,0,0,0,0,2,0,Unspecified,Unspecified,4407769,Sedan,Sedan,Unknown,0.0,40.729176,-73.87898,"{'latitude': '40.729176', 'longitude': '-73.87898', 'human_address': '{""address"": """", ""city"": """", ""state"": """", ""zip"": """"}'}",Unknown,Unknown,Unknown,Unknown,Unknown,Unknown,Unknown,0.0,0.0,0.0,0.0,0.0,0.0,0.0,0.0,0.0,0.0,0.0,0.0,0.0,0.0,0.0,0.0,0.0,0.0,0.0,0.0,0.0,0.0,0.0,0.0,0.0,0.0,0.0,0.0,0.0,0.0,0.0,0.0,0.0,0.0,0.0,0.0,0.0,0.0,0.0,0.0,0.0,0.0,0.0,0.0,1,23,Wednesday,4,0,0
2021-09-11,1900-01-01 10:59:00,45 AVENUE,NATIONAL STREET,0,0,0,0,0,0,0,0,Obstruction/Debris,Driver Inexperience,4455856,Station Wagon/Sport Utility Vehicle,Station Wagon/Sport Utility Vehicle,QUEENS,11368.0,40.745766,-73.86421,"{'latitude': '40.745766', 'longitude': '-73.86421', 'human_address': '{""address"": """", ""city"": """", ""state"": """", ""zip"": """"}'}",Unknown,Unknown,Unknown,Unknown,Unknown,Unknown,Unknown,0.0,0.0,0.0,0.0,0.0,0.0,0.0,0.0,0.0,0.0,0.0,0.0,0.0,0.0,0.0,0.0,0.0,0.0,0.0,0.0,0.0,0.0,0.0,0.0,0.0,0.0,0.0,0.0,0.0,0.0,0.0,0.0,0.0,0.0,0.0,0.0,0.0,0.0,0.0,0.0,0.0,0.0,0.0,0.0,0,10,Saturday,9,0,1
2021-04-15,1900-01-01 12:30:00,BARTOW AVENUE,EDSON AVENUE,0,0,0,0,0,0,0,0,Oversized Vehicle,Unspecified,4408093,Sedan,Tractor Truck Diesel,BRONX,10475.0,40.86832,-73.83317,"{'latitude': '40.86832', 'longitude': '-73.83317', 'human_address': '{""address"": """", ""city"": """", ""state"": """", ""zip"": """"}'}",Unknown,Unknown,Unknown,Unknown,Unknown,Unknown,Unknown,0.0,0.0,0.0,0.0,0.0,0.0,0.0,0.0,0.0,0.0,0.0,0.0,0.0,0.0,0.0,0.0,0.0,0.0,0.0,0.0,0.0,0.0,0.0,0.0,0.0,0.0,0.0,0.0,0.0,0.0,0.0,0.0,0.0,0.0,0.0,0.0,0.0,0.0,0.0,0.0,0.0,0.0,0.0,0.0,0,12,Thursday,4,0,0
2021-04-14,1900-01-01 18:45:00,Unknown,Unknown,0,0,0,0,0,0,0,0,Animals Action,Unknown,4407475,Motorcycle,Unknown,QUEENS,11691.0,40.598515,-73.766464,"{'latitude': '40.598515', 'longitude': '-73.766464', 'human_address': '{""address"": """", ""city"": """", ""state"": """", ""zip"": """"}'}",Unknown,Unknown,32-11     BEACH CHANNEL DRIVE,Unknown,Unknown,Unknown,Unknown,0.0,0.0,0.0,0.0,0.0,0.0,0.0,0.0,0.0,0.0,0.0,0.0,0.0,0.0,0.0,0.0,0.0,0.0,0.0,0.0,0.0,0.0,0.0,0.0,0.0,0.0,0.0,0.0,0.0,0.0,0.0,0.0,0.0,0.0,0.0,0.0,0.0,0.0,0.0,0.0,0.0,0.0,0.0,0.0,0,18,Wednesday,4,1,0
2021-03-20,1900-01-01 15:58:00,NOSTRAND AVENUE,MYRTLE AVENUE,0,0,0,0,0,0,0,0,Passing Too Closely,Passing Too Closely,4408113,Station Wagon/Sport Utility Vehicle,Sedan,BROOKLYN,11205.0,40.695004,-73.9525,"{'latitude': '40.695004', 'longitude': '-73.9525', 'human_address': '{""address"": """", ""city"": """", ""state"": """", ""zip"": """"}'}",Unknown,Unknown,Unknown,Unknown,Unknown,Unknown,Unknown,0.0,0.0,0.0,0.0,0.0,0.0,0.0,0.0,0.0,0.0,0.0,0.0,0.0,0.0,0.0,0.0,0.0,0.0,0.0,0.0,0.0,0.0,0.0,0.0,0.0,0.0,0.0,0.0,0.0,0.0,0.0,0.0,0.0,0.0,0.0,0.0,0.0,0.0,0.0,0.0,0.0,0.0,0.0,0.0,0,15,Saturday,3,0,1
2021-04-14,1900-01-01 11:50:00,MAURICE AVENUE,BORDEN AVENUE,0,0,0,0,0,0,0,0,Unspecified,Unspecified,4407833,Sedan,Sedan,Unknown,0.0,40.72773,-73.90674,"{'latitude': '40.72773', 'longitude': '-73.90674', 'human_address': '{""address"": """", ""city"": """", ""state"": """", ""zip"": """"}'}",Unknown,Unknown,Unknown,Unknown,Unknown,Unknown,Unknown,0.0,0.0,0.0,0.0,0.0,0.0,0.0,0.0,0.0,0.0,0.0,0.0,0.0,0.0,0.0,0.0,0.0,0.0,0.0,0.0,0.0,0.0,0.0,0.0,0.0,0.0,0.0,0.0,0.0,0.0,0.0,0.0,0.0,0.0,0.0,0.0,0.0,0.0,0.0,0.0,0.0,0.0,0.0,0.0,0,11,Wednesday,4,0,0
2021-04-16,1900-01-01 08:41:00,MENAHAN STREET,SENECA AVENUE,1,0,0,0,0,0,1,0,Driver Inattention/Distraction,Unspecified,4407923,Station Wagon/Sport Utility Vehicle,Sedan,QUEENS,11385.0,40.704563,-73.91066,"{'latitude': '40.704563', 'longitude': '-73.91066', 'human_address': '{""address"": """", ""city"": """", ""state"": """", ""zip"": """"}'}",Unspecified,Sedan,Unknown,Unknown,Unknown,Unknown,Unknown,0.0,0.0,0.0,0.0,0.0,0.0,0.0,0.0,0.0,0.0,0.0,0.0,0.0,0.0,0.0,0.0,0.0,0.0,0.0,0.0,0.0,0.0,0.0,0.0,0.0,0.0,0.0,0.0,0.0,0.0,0.0,0.0,0.0,0.0,0.0,0.0,0.0,0.0,0.0,0.0,0.0,0.0,0.0,0.0,1,8,Friday,4,1,0
2021-04-14,1900-01-01 13:30:00,131 STREET,Unknown,0,0,0,0,0,0,0,0,Failure to Yield Right-of-Way,Driver Inattention/Distraction,4407424,Station Wagon/Sport Utility Vehicle,Station Wagon/Sport Utility Vehicle,Unknown,0.0,40.66807,-73.80789,"{'latitude': '40.66807', 'longitude': '-73.80789', 'human_address': '{""address"": """", ""city"": """", ""state"": """", ""zip"": """"}'}",Unknown,Unknown,Unknown,Unknown,Unknown,Unknown,Unknown,0.0,0.0,0.0,0.0,0.0,0.0,0.0,0.0,0.0,0.0,0.0,0.0,0.0,0.0,0.0,0.0,0.0,0.0,0.0,0.0,0.0,0.0,0.0,0.0,0.0,0.0,0.0,0.0,0.0,0.0,0.0,0.0,0.0,0.0,0.0,0.0,0.0,0.0,0.0,0.0,0.0,0.0,0.0,0.0,0,13,Wednesday,4,0,0
2021-04-14,1900-01-01 00:00:00,BLAKE AVENUE,ASHFORD STREET,1,0,0,0,0,0,1,0,Traffic Control Disregarded,Unspecified,4407741,Station Wagon/Sport Utility Vehicle,Sedan,BROOKLYN,11207.0,40.66944,-73.883995,"{'latitude': '40.66944', 'longitude': '-73.883995', 'human_address': '{""address"": """", ""city"": """", ""state"": """", ""zip"": """"}'}",Unknown,Unknown,Unknown,Unknown,Unknown,Unknown,Unknown,0.0,0.0,0.0,0.0,0.0,0.0,0.0,0.0,0.0,0.0,0.0,0.0,0.0,0.0,0.0,0.0,0.0,0.0,0.0,0.0,0.0,0.0,0.0,0.0,0.0,0.0,0.0,0.0,0.0,0.0,0.0,0.0,0.0,0.0,0.0,0.0,0.0,0.0,0.0,0.0,0.0,0.0,0.0,0.0,1,0,Wednesday,4,0,0
2021-04-09,1900-01-01 10:15:00,CHAUNCEY STREET,Unknown,0,0,0,0,0,0,0,0,Passing Too Closely,Unspecified,4407891,Station Wagon/Sport Utility Vehicle,Unknown,Unknown,0.0,40.684082,-73.90864,"{'latitude': '40.684082', 'longitude': '-73.90864', 'human_address': '{""address"": """", ""city"": """", ""state"": """", ""zip"": """"}'}",Unknown,Unknown,Unknown,Unknown,Unknown,Unknown,Unknown,0.0,0.0,0.0,0.0,0.0,0.0,0.0,0.0,0.0,0.0,0.0,0.0,0.0,0.0,0.0,0.0,0.0,0.0,0.0,0.0,0.0,0.0,0.0,0.0,0.0,0.0,0.0,0.0,0.0,0.0,0.0,0.0,0.0,0.0,0.0,0.0,0.0,0.0,0.0,0.0,0.0,0.0,0.0,0.0,0,10,Friday,4,0,0
2021-04-14,1900-01-01 15:05:00,MYRTLE AVENUE,ASHLAND PLACE,1,0,0,0,1,0,0,0,Unspecified,Unspecified,4407647,Station Wagon/Sport Utility Vehicle,Bike,BROOKLYN,11201.0,40.69349,-73.97917,"{'latitude': '40.69349', 'longitude': '-73.97917', 'human_address': '{""address"": """", ""city"": """", ""state"": """", ""zip"": """"}'}",Unknown,Unknown,Unknown,Unknown,Unknown,Unknown,Unknown,0.0,0.0,0.0,0.0,0.0,0.0,0.0,0.0,0.0,0.0,0.0,0.0,0.0,0.0,0.0,0.0,0.0,0.0,0.0,0.0,0.0,0.0,0.0,0.0,0.0,0.0,0.0,0.0,0.0,0.0,0.0,0.0,0.0,0.0,0.0,0.0,0.0,0.0,0.0,0.0,0.0,0.0,0.0,0.0,1,15,Wednesday,4,0,0
2021-04-16,1900-01-01 00:00:00,NORTHERN BOULEVARD,150 STREET,0,0,0,0,0,0,0,0,Passing Too Closely,Unspecified,4407909,Station Wagon/Sport Utility Vehicle,Unknown,QUEENS,11354.0,40.765266,-73.81517,"{'latitude': '40.765266', 'longitude': '-73.81517', 'human_address': '{""address"": """", ""city"": """", ""state"": """", ""zip"": """"}'}",Unknown,Unknown,Unknown,Unknown,Unknown,Unknown,Unknown,0.0,0.0,0.0,0.0,0.0,0.0,0.0,0.0,0.0,0.0,0.0,0.0,0.0,0.0,0.0,0.0,0.0,0.0,0.0,0.0,0.0,0.0,0.0,0.0,0.0,0.0,0.0,0.0,0.0,0.0,0.0,0.0,0.0,0.0,0.0,0.0,0.0,0.0,0.0,0.0,0.0,0.0,0.0,0.0,0,0,Friday,4,0,0
2021-04-14,1900-01-01 18:00:00,VAN WYCK EXPWY,Unknown,0,0,0,0,0,0,0,0,Driver Inattention/Distraction,Unspecified,4407439,Station Wagon/Sport Utility Vehicle,Unknown,Unknown,0.0,40.74613,-73.83605,"{'latitude': '40.74613', 'longitude': '-73.83605', 'human_address': '{""address"": """", ""city"": """", ""state"": """", ""zip"": """"}'}",Unknown,Unknown,Unknown,Unknown,Unknown,Unknown,Unknown,0.0,0.0,0.0,0.0,0.0,0.0,0.0,0.0,0.0,0.0,0.0,0.0,0.0,0.0,0.0,0.0,0.0,0.0,0.0,0.0,0.0,0.0,0.0,0.0,0.0,0.0,0.0,0.0,0.0,0.0,0.0,0.0,0.0,0.0,0.0,0.0,0.0,0.0,0.0,0.0,0.0,0.0,0.0,0.0,0,18,Wednesday,4,1,0
2021-04-15,1900-01-01 12:17:00,PARK AVENUE,EAST 34 STREET,1,0,0,0,0,0,1,0,Driver Inattention/Distraction,Unspecified,4407604,Sedan,Concrete Mixer,MANHATTAN,10016.0,40.74708,-73.98135,"{'latitude': '40.74708', 'longitude': '-73.98135', 'human_address': '{""address"": """", ""city"": """", ""state"": """", ""zip"": """"}'}",Unknown,Unknown,Unknown,Unknown,Unknown,Unknown,Unknown,0.0,0.0,0.0,0.0,0.0,0.0,0.0,0.0,0.0,0.0,0.0,0.0,0.0,0.0,0.0,0.0,0.0,0.0,0.0,0.0,0.0,0.0,0.0,0.0,0.0,0.0,0.0,0.0,0.0,0.0,0.0,0.0,0.0,0.0,0.0,0.0,0.0,0.0,0.0,0.0,0.0,0.0,0.0,0.0,1,12,Thursday,4,0,0
2021-04-15,1900-01-01 10:37:00,EAST 206 STREET,PERRY AVENUE,1,0,1,0,0,0,0,0,Driver Inattention/Distraction,Unknown,4407752,Sedan,Unknown,BRONX,10467.0,40.87482,-73.877,"{'latitude': '40.87482', 'longitude': '-73.877', 'human_address': '{""address"": """", ""city"": """", ""state"": """", ""zip"": """"}'}",Unknown,Unknown,Unknown,Unknown,Unknown,Unknown,Unknown,0.0,0.0,0.0,0.0,0.0,0.0,0.0,0.0,0.0,0.0,0.0,0.0,0.0,0.0,0.0,0.0,0.0,0.0,0.0,0.0,0.0,0.0,0.0,0.0,0.0,0.0,0.0,0.0,0.0,0.0,0.0,0.0,0.0,0.0,0.0,0.0,0.0,0.0,0.0,0.0,0.0,0.0,0.0,0.0,1,10,Thursday,4,0,0
2021-04-14,1900-01-01 19:15:00,WOODHAVEN BOULEVARD,82 AVENUE,0,0,0,0,0,0,0,0,Failure to Yield Right-of-Way,Unspecified,4407380,Station Wagon/Sport Utility Vehicle,Multi-Wheeled Vehicle,QUEENS,11385.0,40.70399,-73.85589,"{'latitude': '40.70399', 'longitude': '-73.85589', 'human_address': '{""address"": """", ""city"": """", ""state"": """", ""zip"": """"}'}",Unknown,Unknown,Unknown,Unknown,Unknown,Unknown,Unknown,0.0,0.0,0.0,0.0,0.0,0.0,0.0,0.0,0.0,0.0,0.0,0.0,0.0,0.0,0.0,0.0,0.0,0.0,0.0,0.0,0.0,0.0,0.0,0.0,0.0,0.0,0.0,0.0,0.0,0.0,0.0,0.0,0.0,0.0,0.0,0.0,0.0,0.0,0.0,0.0,0.0,0.0,0.0,0.0,0,19,Wednesday,4,0,0
2021-04-16,1900-01-01 21:30:00,CHURCH AVENUE,SAINT PAULS PLACE,0,0,0,0,0,0,0,0,Unspecified,Unspecified,4408037,Sedan,Bike,BROOKLYN,11226.0,40.649788,-73.9622,"{'latitude': '40.649788', 'longitude': '-73.9622', 'human_address': '{""address"": """", ""city"": """", ""state"": """", ""zip"": """"}'}",Unknown,Unknown,Unknown,Unknown,Unknown,Unknown,Unknown,0.0,0.0,0.0,0.0,0.0,0.0,0.0,0.0,0.0,0.0,0.0,0.0,0.0,0.0,0.0,0.0,0.0,0.0,0.0,0.0,0.0,0.0,0.0,0.0,0.0,0.0,0.0,0.0,0.0,0.0,0.0,0.0,0.0,0.0,0.0,0.0,0.0,0.0,0.0,0.0,0.0,0.0,0.0,0.0,0,21,Friday,4,0,0
2021-04-11,1900-01-01 11:50:00,Unknown,Unknown,0,0,0,0,0,0,0,0,Passing or Lane Usage Improper,Unspecified,4408416,Station Wagon/Sport Utility Vehicle,Unknown,QUEENS,11435.0,40.69507,-73.80114,"{'latitude': '40.69507', 'longitude': '-73.80114', 'human_address': '{""address"": """", ""city"": """", ""state"": """", ""zip"": """"}'}",Unknown,Unknown,106-44    150 STREET,Unknown,Unknown,Unknown,Unknown,0.0,0.0,0.0,0.0,0.0,0.0,0.0,0.0,0.0,0.0,0.0,0.0,0.0,0.0,0.0,0.0,0.0,0.0,0.0,0.0,0.0,0.0,0.0,0.0,0.0,0.0,0.0,0.0,0.0,0.0,0.0,0.0,0.0,0.0,0.0,0.0,0.0,0.0,0.0,0.0,0.0,0.0,0.0,0.0,0,11,Sunday,4,0,1