crash_date,crash_time,on_street_name,off_street_name,number_of_persons_injured,number_of_persons_killed,number_of_pedestrians_injured,number_of_pedestrians_killed,number_of_cyclist_injured,number_of_cyclist_killed,number_of_motorist_injured,number_of_motorist_killed,contributing_factor_vehicle_1,contributing_factor_vehicle_2,collision_id,vehicle_type_code1,vehicle_type_code2,borough,zip_code,latitude,longitude,location,contributing_factor_vehicle_3,vehicle_type_code_3,cross_street_name,contributing_factor_vehicle_4,vehicle_type_code_4,contributing_factor_vehicle_5,vehicle_type_code_5,unique_id,crash_date_veh,crash_time_veh,vehicle_id,state_registration,vehicle_type,contributing_factor_1,vehicle_make,vehicle_year,travel_direction,vehicle_occupants,driver_sex,driver_license_status,driver_license_jurisdiction,pre_crash,point_of_impact,vehicle_damage,public_property_damage,contributing_factor_2,vehicle_damage_1,vehicle_damage_2,vehicle_damage_3,vehicle_model,public_property_damage_type,unique_id_pers,crash_date_pers,crash_time_pers,person_id,person_type,person_injury,vehicle_id_pers,ped_role,person_sex,person_age,ejection,emotional_status,bodily_injury,position_in_vehicle,safety_equipment,complaint,ped_location,ped_action,contributing_factor_1_pers,contributing_factor_2_pers,injury_occurred,crash_hour,day_of_week,month,rush_hour,is_weekend
2021-04-15,1900-01-01 09:57:00,Unknown,Unknown,0,0,0,0,0,0,0,0,Passing Too Closely,Unspecified,4407549,Sedan,Box Truck,MANHATTAN,10024.0,40.788673,-73.97136,"{'latitude': '40.788673', 'longitude': '-73.97136', 'human_address': '{""address"": """", ""city"": """", ""state"": """", ""zip"": """"}'}",Unknown,Unknown,109       WEST 89 STREET,Unknown,Unknown,Unknown,Unknown,0.0,0.0,0.0,0.0,0.0,0.0,0.0,0.0,0.0,0.0,0.0,0.0,0.0,0.0,0.0,0.0,0.0,0.0,0.0,0.0,0.0,0.0,0.0,0.0,0.0,0.0,0.0,0.0,0.0,0.0,0.0,0.0,0.0,0.0,0.0,0.0,0.0,0.0,0.0,0.0,0.0,0.0,0.0,0.0,0,9,Thursday,4,1,0
2021-04-15,1900-01-01 13:07:00,MAJOR DEEGAN EXPRESSWAY,Unknown,0,0,0,0,0,0,0,0,Unspecified,Unspecified,4408002,Sedan,Sedan,Unknown,0.0,40.847897,-73.92499,"{'latitude': '40.847897', 'longitude': '-73.92499', 'human_address': '{""address"": """", ""city"": """", ""state"": """", ""zip"": """"}'}",Unknown,Unknown,Unknown,Unknown,Unknown,Unknown,Unknown,0.0,0.0,0.0,0.0,0.0,0.0,0.0,0.0,0.0,0.0,0.0,0.0,0.0,0.0,0.0,0.0,0.0,0.0,0.0,0.0,0.0,0.0,0.0,0.0,0.0,0.0,0.0,0.0,0.0,0.0,0.0,0.0,0.0,0.0,0.0,0.0,0.0,0.0,0.0,0.0,0.0,0.0,0.0,0.0,0,13,Thursday,4,0,0
2021-04-14,1900-01-01 11:30:00,STUYVESANT AVENUE,QUINCY STREET,1,0,0,0,0,0,1,0,Driver Inattention/Distraction,Unspecified,4408227,Taxi,Sedan,BROOKLYN,11221.0,40.68896,-73.93326,"{'latitude': '40.68896', 'longitude': '-73.93326', 'human_address': '{""address"": """", ""city"": """", ""state"": """", ""zip"": """"}'}",Unknown,Unknown,Unknown,Unknown,Unknown,Unknown,Unknown,0.0,0.0,0.0,0.0,0.0,0.0,0.0,0.0,0.0,0.0,0.0,0.0,0.0,0.0,0.0,0.0,0.0,0.0,0.0,0.0,0.0,0.0,0.0,0.0,0.0,0.0,0.0,0.0,0.0,0.0,0.0,0.0,0.0,0.0,0.0,0.0,0.0,0.0,0.0,0.0,0.0,0.0,0.0,0.0,1,11,Wednesday,4,0,0
2021-04-13,1900-01-01 07:25:00,MYRTLE AVENUE,Unknown,0,0,0,0,0,0,0,0,Passing or Lane Usage Improper,Unspecified,4408262,Station Wagon/Sport Utility Vehicle,Sedan,Unknown,0.0,40.695377,-73.94921,"{'latitude': '40.695377', 'longitude': '-73.94921', 'human_address': '{""address"": """", ""city"": """", ""state"": """", ""zip"": """"}'}",Unknown,Unknown,Unknown,Unknown,Unknown,Unknown,Unknown,0.0,0.0,0.0,0.0,0.0,0.0,0.0,0.0,0.0,0.0,0.0,0.0,0.0,0.0,0.0,0.0,0.0,0.0,0.0,0.0,0.0,0.0,0.0,0.0,0.0,0.0,0.0,0.0,0.0,0.0,0.0,0.0,0.0,0.0,0.0,0.0,0.0,0.0,0.0,0.0,0.0,0.0,0.0,0.0,0,7,Tuesday,4,1,0
2021-04-16,1900-01-01 18:03:00,EAST GUN HILL ROAD,WAYNE AVENUE,0,0,0,0,0,0,0,0,Passing or Lane Usage Improper,Unspecified,4407897,Station Wagon/Sport Utility Vehicle,Unknown,BRONX,10467.0,40.880657,-73.877625,"{'latitude': '40.880657', 'longitude': '-73.877625', 'human_address': '{""address"": """", ""city"": """", ""state"": """", ""zip"": """"}'}",Unknown,Unknown,Unknown,Unknown,Unknown,Unknown,Unknown,0.0,0.0,0.0,0.0,0.0,0.0,0.0,0.0,0.0,0.0,0.0,0.0,0.0,0.0,0.0,0.0,0.0,0.0,0.0,0.0,0.0,0.0,0.0,0.0,0.0,0.0,0.0,0.0,0.0,0.0,0.0,0.0,0.0,0.0,0.0,0.0,0.0,0.0,0.0,0.0,0.0,0.0,0.0,0.0,0,18,Friday,4,1,0
2021-04-16,1900-01-01 21:00:00,MAJOR DEEGAN EXPRESSWAY,Unknown,0,0,0,0,0,0,0,0,Unsafe Lane Changing,Following Too Closely,4408187,Sedan,Tractor Truck Gasoline,Unknown,0.0,40.828114,-73.93107,"{'latitude': '40.828114', 'longitude': '-73.93107', 'human_address': '{""address"": """", ""city"": """", ""state"": """", ""zip"": """"}'}",Unknown,Unknown,Unknown,Unknown,Unknown,Unknown,Unknown,0.0,0.0,0.0,0.0,0.0,0.0,0.0,0.0,0.0,0.0,0.0,0.0,0.0,0.0,0.0,0.0,0.0,0.0,0.0,0.0,0.0,0.0,0.0,0.0,0.0,0.0,0.0,0.0,0.0,0.0,0.0,0.0,0.0,0.0,0.0,0.0,0.0,0.0,0.0,0.0,0.0,0.0,0.0,0.0,0,21,Friday,4,0,0
2021-04-16,1900-01-01 10:40:00,COLUMBUS AVENUE,Unknown,1,0,1,0,0,0,0,0,Driver Inattention/Distraction,Unknown,4407975,Sedan,Unknown,Unknown,0.0,40.781265,-73.97599,"{'latitude': '40.781265', 'longitude': '-73.97599', 'human_address': '{""address"": """", ""city"": """", ""state"": """", ""zip"": """"}'}",Unknown,Unknown,Unknown,Unknown,Unknown,Unknown,Unknown,0.0,0.0,0.0,0.0,0.0,0.0,0.0,0.0,0.0,0.0,0.0,0.0,0.0,0.0,0.0,0.0,0.0,0.0,0.0,0.0,0.0,0.0,0.0,0.0,0.0,0.0,0.0,0.0,0.0,0.0,0.0,0.0,0.0,0.0,0.0,0.0,0.0,0.0,0.0,0.0,0.0,0.0,0.0,0.0,1,10,Friday,4,0,0
2021-04-16,1900-01-01 20:07:00,WEST 181 STREET,AUDUBON AVENUE,0,0,0,0,0,0,0,0,Failure to Yield Right-of-Way,Unspecified,4408164,Sedan,Sedan,MANHATTAN,10033.0,40.848736,-73.93234,"{'latitude': '40.848736', 'longitude': '-73.93234', 'human_address': '{""address"": """", ""city"": """", ""state"": """", ""zip"": """"}'}",Unknown,Unknown,Unknown,Unknown,Unknown,Unknown,Unknown,0.0,0.0,0.0,0.0,0.0,0.0,0.0,0.0,0.0,0.0,0.0,0.0,0.0,0.0,0.0,0.0,0.0,0.0,0.0,0.0,0.0,0.0,0.0,0.0,0.0,0.0,0.0,0.0,0.0,0.0,0.0,0.0,0.0,0.0,0.0,0.0,0.0,0.0,0.0,0.0,0.0,0.0,0.0,0.0,0,20,Friday,4,0,0
2021-04-16,1900-01-01 12:42:00,BRONX WHITESTONE BRIDGE,Unknown,2,0,0,0,0,0,2,0,Following Too Closely,Unspecified,4407910,Station Wagon/Sport Utility Vehicle,Sedan,Unknown,0.0,0.0,0.0,Unknown,Unknown,Unknown,Unknown,Unknown,Unknown,Unknown,Unknown,0.0,0.0,0.0,0.0,0.0,0.0,0.0,0.0,0.0,0.0,0.0,0.0,0.0,0.0,0.0,0.0,0.0,0.0,0.0,0.0,0.0,0.0,0.0,0.0,0.0,0.0,0.0,0.0,0.0,0.0,0.0,0.0,0.0,0.0,0.0,0.0,0.0,0.0,0.0,0.0,0.0,0.0,0.0,0.0,1,12,Friday,4,0,0
2021-04-15,1900-01-01 22:22:00,NEWPORT STREET,WATKINS STREET,0,0,0,0,0,0,0,0,Unspecified,Unknown,4408085,Sedan,Unknown,BROOKLYN,11212.0,40.65989,-73.90536,"{'latitude': '40.65989', 'longitude': '-73.90536', 'human_address': '{""address"": """", ""city"": """", ""state"": """", ""zip"": """"}'}",Unknown,Unknown,Unknown,Unknown,Unknown,Unknown,Unknown,0.0,0.0,0.0,0.0,0.0,0.0,0.0,0.0,0.0,0.0,0.0,0.0,0.0,0.0,0.0,0.0,0.0,0.0,0.0,0.0,0.0,0.0,0.0,0.0,0.0,0.0,0.0,0.0,0.0,0.0,0.0,0.0,0.0,0.0,0.0,0.0,0.0,0.0,0.0,0.0,0.0,0.0,0.0,0.0,0,22,Thursday,4,0,0
2021-04-16,1900-01-01 18:40:00,5 AVENUE,Unknown,1,0,0,0,1,0,0,0,Unsafe Lane Changing,Unspecified,4408250,Sedan,E-Bike,Unknown,0.0,40.748436,-73.984566,"{'latitude': '40.748436', 'longitude': '-73.984566', 'human_address': '{""address"": """", ""city"": """", ""state"": """", ""zip"": """"}'}",Unknown,Unknown,Unknown,Unknown,Unknown,Unknown,Unknown,0.0,0.0,0.0,0.0,0.0,0.0,0.0,0.0,0.0,0.0,0.0,0.0,0.0,0.0,0.0,0.0,0.0,0.0,0.0,0.0,0.0,0.0,0.0,0.0,0.0,0.0,0.0,0.0,0.0,0.0,0.0,0.0,0.0,0.0,0.0,0.0,0.0,0.0,0.0,0.0,0.0,0.0,0.0,0.0,1,18,Friday,4,1,0
2021-04-15,1900-01-01 12:38:00,Unknown,Unknown,1,0,0,0,0,0,1,0,Unsafe Lane Changing,Unspecified,4408028,Sedan,Sedan,BROOKLYN,11229.0,40.61033,-73.95932,"{'latitude': '40.61033', 'longitude': '-73.95932', 'human_address': '{""address"": """", ""city"": """", ""state"": """", ""zip"": """"}'}",Unspecified,Box Truck,1411      AVENUE P,Unknown,Unknown,Unknown,Unknown,0.0,0.0,0.0,0.0,0.0,0.0,0.0,0.0,0.0,0.0,0.0,0.0,0.0,0.0,0.0,0.0,0.0,0.0,0.0,0.0,0.0,0.0,0.0,0.0,0.0,0.0,0.0,0.0,0.0,0.0,0.0,0.0,0.0,0.0,0.0,0.0,0.0,0.0,0.0,0.0,0.0,0.0,0.0,0.0,1,12,Thursday,4,0,0
2021-04-14,1900-01-01 12:20:00,38 AVENUE,34 STREET,0,0,0,0,0,0,0,0,Unspecified,Unspecified,4407580,Sedan,Sedan,QUEENS,11101.0,40.752556,-73.92972,"{'latitude': '40.752556', 'longitude': '-73.92972', 'human_address': '{""address"": """", ""city"": """", ""state"": """", ""zip"": """"}'}",Unspecified,Sedan,Unknown,Unknown,Unknown,Unknown,Unknown,0.0,0.0,0.0,0.0,0.0,0.0,0.0,0.0,0.0,0.0,0.0,0.0,0.0,0.0,0.0,0.0,0.0,0.0,0.0,0.0,0.0,0.0,0.0,0.0,0.0,0.0,0.0,0.0,0.0,0.0,0.0,0.0,0.0,0.0,0.0,0.0,0.0,0.0,0.0,0.0,0.0,0.0,0.0,0.0,0,12,Wednesday,4,0,0
2021-04-14,1900-01-01 20:50:00,TELLER AVENUE,Unknown,1,0,1,0,0,0,0,0,Failure to Yield Right-of-Way,Unknown,4408302,Sedan,Unknown,Unknown,0.0,40.829697,-73.91313,"{'latitude': '40.829697', 'longitude': '-73.91313', 'human_address': '{""address"": """", ""city"": """", ""state"": """", ""zip"": """"}'}",Unknown,Unknown,Unknown,Unknown,Unknown,Unknown,Unknown,0.0,0.0,0.0,0.0,0.0,0.0,0.0,0.0,0.0,0.0,0.0,0.0,0.0,0.0,0.0,0.0,0.0,0.0,0.0,0.0,0.0,0.0,0.0,0.0,0.0,0.0,0.0,0.0,0.0,0.0,0.0,0.0,0.0,0.0,0.0,0.0,0.0,0.0,0.0,0.0,0.0,0.0,0.0,0.0,1,20,Wednesday,4,0,0
2021-04-14,1900-01-01 02:30:00,ATTORNEY STREET,RIVINGTON STREET,0,0,0,0,0,0,0,0,Turning Improperly,Unspecified,4407400,Sedan,Unknown,MANHATTAN,10002.0,40.718826,-73.98424,"{'latitude': '40.718826', 'longitude': '-73.98424', 'human_address': '{""address"": """", ""city"": """", ""state"": """", ""zip"": """"}'}",Unknown,Unknown,Unknown,Unknown,Unknown,Unknown,Unknown,0.0,0.0,0.0,0.0,0.0,0.0,0.0,0.0,0.0,0.0,0.0,0.0,0.0,0.0,0.0,0.0,0.0,0.0,0.0,0.0,0.0,0.0,0.0,0.0,0.0,0.0,0.0,0.0,0.0,0.0,0.0,0.0,0.0,0.0,0.0,0.0,0.0,0.0,0.0,0.0,0.0,0.0,0.0,0.0,0,2,Wednesday,4,0,0
2021-04-16,1900-01-01 12:38:00,Unknown,Unknown,0,0,0,0,0,0,0,0,Unspecified,Unspecified,4408128,Station Wagon/Sport Utility Vehicle,Unknown,BROOKLYN,11203.0,40.65241,-73.9264,"{'latitude': '40.65241', 'longitude': '-73.9264', 'human_address': '{""address"": """", ""city"": """", ""state"": """", ""zip"": """"}'}",Unknown,Unknown,5403      CHURCH AVENUE,Unknown,Unknown,Unknown,Unknown,0.0,0.0,0.0,0.0,0.0,0.0,0.0,0.0,0.0,0.0,0.0,0.0,0.0,0.0,0.0,0.0,0.0,0.0,0.0,0.0,0.0,0.0,0.0,0.0,0.0,0.0,0.0,0.0,0.0,0.0,0.0,0.0,0.0,0.0,0.0,0.0,0.0,0.0,0.0,0.0,0.0,0.0,0.0,0.0,0,12,Friday,4,0,0
2021-04-15,1900-01-01 13:31:00,Beadle Street,Vandervoort avenue,0,0,0,0,0,0,0,0,Passing or Lane Usage Improper,Unspecified,4407806,Pick-up Truck,Box Truck,Unknown,0.0,0.0,0.0,Unknown,Unknown,Unknown,Unknown,Unknown,Unknown,Unknown,Unknown,0.0,0.0,0.0,0.0,0.0,0.0,0.0,0.0,0.0,0.0,0.0,0.0,0.0,0.0,0.0,0.0,0.0,0.0,0.0,0.0,0.0,0.0,0.0,0.0,0.0,0.0,0.0,0.0,0.0,0.0,0.0,0.0,0.0,0.0,0.0,0.0,0.0,0.0,0.0,0.0,0.0,0.0,0.0,0.0,0,13,Thursday,4,0,0
2021-04-15,1900-01-01 15:20:00,UNDERCLIFF AVENUE,SEDGWICK AVENUE,1,0,0,0,0,0,1,0,Following Too Closely,Unspecified,4408194,Station Wagon/Sport Utility Vehicle,Sedan,Unknown,0.0,40.852673,-73.919106,"{'latitude': '40.852673', 'longitude': '-73.919106', 'human_address': '{""address"": """", ""city"": """", ""state"": """", ""zip"": """"}'}",Unknown,Unknown,Unknown,Unknown,Unknown,Unknown,Unknown,0.0,0.0,0.0,0.0,0.0,0.0,0.0,0.0,0.0,0.0,0.0,0.0,0.0,0.0,0.0,0.0,0.0,0.0,0.0,0.0,0.0,0.0,0.0,0.0,0.0,0.0,0.0,0.0,0.0,0.0,0.0,0.0,0.0,0.0,0.0,0.0,0.0,0.0,0.0,0.0,0.0,0.0,0.0,0.0,1,15,Thursday,4,0,0
2021-04-16,1900-01-01 15:00:00,CROSS BRONX EXPY,Unknown,0,0,0,0,0,0,0,0,Passing Too Closely,Unspecified,4408289,Box Truck,Station Wagon/Sport Utility Vehicle,Unknown,0.0,40.851555,-73.952446,"{'latitude': '40.851555', 'longitude': '-73.952446', 'human_address': '{""address"": """", ""city"": """", ""state"": """", ""zip"": """"}'}",Unknown,Unknown,Unknown,Unknown,Unknown,Unknown,Unknown,0.0,0.0,0.0,0.0,0.0,0.0,0.0,0.0,0.0,0.0,0.0,0.0,0.0,0.0,0.0,0.0,0.0,0.0,0.0,0.0,0.0,0.0,0.0,0.0,0.0,0.0,0.0,0.0,0.0,0.0,0.0,0.0,0.0,0.0,0.0,0.0,0.0,0.0,0.0,0.0,0.0,0.0,0.0,0.0,0,15,Friday,4,0,0
2021-04-16,1900-01-01 12:50:00,JAMAICA AVENUE,Unknown,0,0,0,0,0,0,0,0,Traffic Control Disregarded,Unspecified,4407953,Station Wagon/Sport Utility Vehicle,Sedan,Unknown,0.0,40.707928,-73.784294,"{'latitude': '40.707928', 'longitude': '-73.784294', 'human_address': '{""address"": """", ""city"": """", ""state"": """", ""zip"": """"}'}",Unknown,Unknown,Unknown,Unknown,Unknown,Unknown,Unknown,0.0,0.0,0.0,0.0,0.0,0.0,0.0,0.0,0.0,0.0,0.0,0.0,0.0,0.0,0.0,0.0,0.0,0.0,0.0,0.0,0.0,0.0,0.0,0.0,0.0,0.0,0.0,0.0,0.0,0.0,0.0,0.0,0.0,0.0,0.0,0.0,0.0,0.0,0.0,0.0,0.0,0.0,0.0,0.0,0,12,Friday,4,0,0
2021-04-06,1900-01-01 08:50:00,Unknown,Unknown,0,0,0,0,0,0,0,0,Outside Car Distraction,Driver Inattention/Distraction,4408391,Sedan,Taxi,BRONX,10466.0,40.891876,-73.8616,"{'latitude': '40.891876', 'longitude': '-73.8616', 'human_address': '{""address"": """", ""city"": """", ""state"": """", ""zip"": """"}'}",Unknown,Unknown,4110      CARPENTER AVENUE,Unknown,Unknown,Unknown,Unknown,0.0,0.0,0.0,0.0,0.0,0.0,0.0,0.0,0.0,0.0,0.0,0.0,0.0,0.0,0.0,0.0,0.0,0.0,0.0,0.0,0.0,0.0,0.0,0.0,0.0,0.0,0.0,0.0,0.0,0.0,0.0,0.0,0.0,0.0,0.0,0.0,0.0,0.0,0.0,0.0,0.0,0.0,0.0,0.0,0,8,Tuesday,4,1,0
2021-04-15,1900-01-01 00:00:00,Unknown,Unknown,0,0,0,0,0,0,0,0,Unspecified,Unspecified,4408204,Sedan,Unknown,QUEENS,11692.0,40.58947,-73.80105,"{'latitude': '40.58947', 'longitude': '-73.80105', 'human_address': '{""address"": """", ""city"": """", ""state"": """", ""zip"": """"}'}",Unknown,Unknown,207       BEACH 73 STREET,Unknown,Unknown,Unknown,Unknown,0.0,0.0,0.0,0.0,0.0,0.0,0.0,0.0,0.0,0.0,0.0,0.0,0.0,0.0,0.0,0.0,0.0,0.0,0.0,0.0,0.0,0.0,0.0,0.0,0.0,0.0,0.0,0.0,0.0,0.0,0.0,0.0,0.0,0.0,0.0,0.0,0.0,0.0,0.0,0.0,0.0,0.0,0.0,0.0,0,0,Thursday,4,0,0
2021-04-01,1900-01-01 04:46:00,2 AVENUE,EAST 37 STREET,0,0,0,0,0,0,0,0,Turning Improperly,Turning Improperly,4407870,Sedan,Sedan,MANHATTAN,10016.0,40.74668,-73.9745,"{'latitude': '40.74668', 'longitude': '-73.9745', 'human_address': '{""address"": """", ""city"": """", ""state"": """", ""zip"": """"}'}",Unknown,Unknown,Unknown,Unknown,Unknown,Unknown,Unknown,0.0,0.0,0.0,0.0,0.0,0.0,0.0,0.0,0.0,0.0,0.0,0.0,0.0,0.0,0.0,0.0,0.0,0.0,0.0,0.0,0.0,0.0,0.0,0.0,0.0,0.0,0.0,0.0,0.0,0.0,0.0,0.0,0.0,0.0,0.0,0.0,0.0,0.0,0.0,0.0,0.0,0.0,0.0,0.0,0,4,Thursday,4,0,0
2021-04-14,1900-01-01 22:17:00,EAST 184 STREET,MARION AVENUE,0,0,0,0,0,0,0,0,Unspecified,Unknown,4407524,Sedan,Unknown,BRONX,10458.0,40.85814,-73.895744,"{'latitude': '40.85814', 'longitude': '-73.895744', 'human_address': '{""address"": """", ""city"": """", ""state"": """", ""zip"": """"}'}",Unknown,Unknown,Unknown,Unknown,Unknown,Unknown,Unknown,0.0,0.0,0.0,0.0,0.0,0.0,0.0,0.0,0.0,0.0,0.0,0.0,0.0,0.0,0.0,0.0,0.0,0.0,0.0,0.0,0.0,0.0,0.0,0.0,0.0,0.0,0.0,0.0,0.0,0.0,0.0,0.0,0.0,0.0,0.0,0.0,0.0,0.0,0.0,0.0,0.0,0.0,0.0,0.0,0,22,Wednesday,4,0,0
2021-04-16,1900-01-01 14:35:00,MANHATTAN AVENUE,SCHOLES STREET,0,0,0,0,0,0,0,0,Driver Inattention/Distraction,Unspecified,4408353,Lift Boom,Station Wagon/Sport Utility Vehicle,BROOKLYN,11206.0,40.708626,-73.94513,"{'latitude': '40.708626', 'longitude': '-73.94513', 'human_address': '{""address"": """", ""city"": """", ""state"": """", ""zip"": """"}'}",Unknown,Unknown,Unknown,Unknown,Unknown,Unknown,Unknown,0.0,0.0,0.0,0.0,0.0,0.0,0.0,0.0,0.0,0.0,0.0,0.0,0.0,0.0,0.0,0.0,0.0,0.0,0.0,0.0,0.0,0.0,0.0,0.0,0.0,0.0,0.0,0.0,0.0,0.0,0.0,0.0,0.0,0.0,0.0,0.0,0.0,0.0,0.0,0.0,0.0,0.0,0.0,0.0,0,14,Friday,4,0,0
2021-04-14,1900-01-01 02:09:00,EAST 128 STREET,3 AVENUE BRIDGE,1,0,0,0,0,0,1,0,Alcohol Involvement,Unknown,4407243,Sedan,Unknown,Unknown,0.0,0.0,0.0,Unknown,Unknown,Unknown,Unknown,Unknown,Unknown,Unknown,Unknown,0.0,0.0,0.0,0.0,0.0,0.0,0.0,0.0,0.0,0.0,0.0,0.0,0.0,0.0,0.0,0.0,0.0,0.0,0.0,0.0,0.0,0.0,0.0,0.0,0.0,0.0,0.0,0.0,0.0,0.0,0.0,0.0,0.0,0.0,0.0,0.0,0.0,0.0,0.0,0.0,0.0,0.0,0.0,0.0,1,2,Wednesday,4,0,0
2021-04-14,1900-01-01 15:25:00,Unknown,Unknown,1,0,0,0,0,0,1,0,Reaction to Uninvolved Vehicle,Following Too Closely,4407445,Sedan,Motorcycle,QUEENS,11373.0,40.73464,-73.87421,"{'latitude': '40.73464', 'longitude': '-73.87421', 'human_address': '{""address"": """", ""city"": """", ""state"": """", ""zip"": """"}'}",Unknown,Unknown,89-21     QUEENS BOULEVARD,Unknown,Unknown,Unknown,Unknown,0.0,0.0,0.0,0.0,0.0,0.0,0.0,0.0,0.0,0.0,0.0,0.0,0.0,0.0,0.0,0.0,0.0,0.0,0.0,0.0,0.0,0.0,0.0,0.0,0.0,0.0,0.0,0.0,0.0,0.0,0.0,0.0,0.0,0.0,0.0,0.0,0.0,0.0,0.0,0.0,0.0,0.0,0.0,0.0,1,15,Wednesday,4,0,0
2021-04-16,1900-01-01 10:00:00,Unknown,Unknown,0,0,0,0,0,0,0,0,Unspecified,Unspecified,4408056,Sedan,Unknown,BROOKLYN,11210.0,40.62855,-73.952835,"{'latitude': '40.62855', 'longitude': '-73.952835', 'human_address': '{""address"": """", ""city"": """", ""state"": """", ""zip"": """"}'}",Unknown,Unknown,2408      AVENUE I,Unknown,Unknown,Unknown,Unknown,0.0,0.0,0.0,0.0,0.0,0.0,0.0,0.0,0.0,0.0,0.0,0.0,0.0,0.0,0.0,0.0,0.0,0.0,0.0,0.0,0.0,0.0,0.0,0.0,0.0,0.0,0.0,0.0,0.0,0.0,0.0,0.0,0.0,0.0,0.0,0.0,0.0,0.0,0.0,0.0,0.0,0.0,0.0,0.0,0,10,Friday,4,0,0
2021-04-14,1900-01-01 13:40:00,LENOX ROAD,EAST 55 STREET,2,0,0,0,0,0,2,0,Unspecified,Unspecified,4407327,Sedan,Station Wagon/Sport Utility Vehicle,BROOKLYN,11203.0,40.65563,-73.92596,"{'latitude': '40.65563', 'longitude': '-73.92596', 'human_address': '{""address"": """", ""city"": """", ""state"": """", ""zip"": """"}'}",Unknown,Unknown,Unknown,Unknown,Unknown,Unknown,Unknown,0.0,0.0,0.0,0.0,0.0,0.0,0.0,0.0,0.0,0.0,0.0,0.0,0.0,0.0,0.0,0.0,0.0,0.0,0.0,0.0,0.0,0.0,0.0,0.0,0.0,0.0,0.0,0.0,0.0,0.0,0.0,0.0,0.0,0.0,0.0,0.0,0.0,0.0,0.0,0.0,0.0,0.0,0.0,0.0,1,13,Wednesday,4,0,0
2021-04-16,1900-01-01 10:10:00,155 STREET,LINDEN BOULEVARD,0,0,0,0,0,0,0,0,Driver Inattention/Distraction,Unspecified,4407784,Sedan,Unknown,QUEENS,11434.0,40.687046,-73.792114,"{'latitude': '40.687046', 'longitude': '-73.792114', 'human_address': '{""address"": """", ""city"": """", ""state"": """", ""zip"": """"}'}",Unknown,Unknown,Unknown,Unknown,Unknown,Unknown,Unknown,0.0,0.0,0.0,0.0,0.0,0.0,0.0,0.0,0.0,0.0,0.0,0.0,0.0,0.0,0.0,0.0,0.0,0.0,0.0,0.0,0.0,0.0,0.0,0.0,0.0,0.0,0.0,0.0,0.0,0.0,0.0,0.0,0.0,0.0,0.0,0.0,0.0,0.0,0.0,0.0,0.0,0.0,0.0,0.0,0,10,Friday,4,0,0
2021-04-14,1900-01-01 11:46:00,MYRTLE AVENUE,84 STREET,1,0,1,0,0,0,0,0,Driver Inattention/Distraction,Unknown,4407928,Bike,Unknown,QUEENS,11385.0,40.70326,-73.86474,"{'latitude': '40.70326', 'longitude': '-73.86474', 'human_address': '{""address"": """", ""city"": """", ""state"": """", ""zip"": """"}'}",Unknown,Unknown,Unknown,Unknown,Unknown,Unknown,Unknown,0.0,0.0,0.0,0.0,0.0,0.0,0.0,0.0,0.0,0.0,0.0,0.0,0.0,0.0,0.0,0.0,0.0,0.0,0.0,0.0,0.0,0.0,0.0,0.0,0.0,0.0,0.0,0.0,0.0,0.0,0.0,0.0,0.0,0.0,0.0,0.0,0.0,0.0,0.0,0.0,0.0,0.0,0.0,0.0,1,11,Wednesday,4,0,0
2021-04-06,1900-01-01 16:00:00,BEDFORD AVENUE,Unknown,1,0,1,0,0,0,0,0,Driver Inattention/Distraction,Unknown,4408107,Bus,Unknown,Unknown,0.0,0.0,0.0,"{'latitude': '0.0', 'longitude': '0.0', 'human_address': '{""address"": """", ""city"": """", ""state"": """", ""zip"": """"}'}",Unknown,Unknown,Unknown,Unknown,Unknown,Unknown,Unknown,0.0,0.0,0.0,0.0,0.0,0.0,0.0,0.0,0.0,0.0,0.0,0.0,0.0,0.0,0.0,0.0,0.0,0.0,0.0,0.0,0.0,0.0,0.0,0.0,0.0,0.0,0.0,0.0,0.0,0.0,0.0,0.0,0.0,0.0,0.0,0.0,0.0,0.0,0.0,0.0,0.0,0.0,0.0,0.0,1,16,Tuesday,4,1,0
2021-09-10,1900-01-01 00:00:00,FRANCIS LEWIS BOULEVARD,UNDERHILL AVENUE,1,0,0,0,0,0,1,0,Unspecified,Unspecified,4456830,Sedan,Sedan,Unknown,0.0,0.0,0.0,Unknown,Unknown,Unknown,Unknown,Unknown,Unknown,Unknown,Unknown,0.0,0.0,0.0,0.0,0.0,0.0,0.0,0.0,0.0,0.0,0.0,0.0,0.0,0.0,0.0,0.0,0.0,0.0,0.0,0.0,0.0,0.0,0.0,0.0,0.0,0.0,0.0,0.0,0.0,0.0,0.0,0.0,0.0,0.0,0.0,0.0,0.0,0.0,0.0,0.0,0.0,0.0,0.0,0.0,1,0,Friday,9,0,0