crash_date,crash_time,on_street_name,off_street_name,number_of_persons_injured,number_of_persons_killed,number_of_pedestrians_injured,number_of_pedestrians_killed,number_of_cyclist_injured,number_of_cyclist_killed,number_of_motorist_injured,number_of_motorist_killed,contributing_factor_vehicle_1,contributing_factor_vehicle_2,collision_id,vehicle_type_code1,vehicle_type_code2,borough,zip_code,latitude,longitude,location,contributing_factor_vehicle_3,vehicle_type_code_3,cross_street_name,contributing_factor_vehicle_4,vehicle_type_code_4,contributing_factor_vehicle_5,vehicle_type_code_5,unique_id,crash_date_veh,crash_time_veh,vehicle_id,state_registration,vehicle_type,contributing_factor_1,vehicle_make,vehicle_year,travel_direction,vehicle_occupants,driver_sex,driver_license_status,driver_license_jurisdiction,pre_crash,point_of_impact,vehicle_damage,public_property_damage,contributing_factor_2,vehicle_damage_1,vehicle_damage_2,vehicle_damage_3,vehicle_model,public_property_damage_type,unique_id_pers,crash_date_pers,crash_time_pers,person_id,person_type,person_injury,vehicle_id_pers,ped_role,person_sex,person_age,ejection,emotional_status,bodily_injury,position_in_vehicle,safety_equipment,complaint,ped_location,ped_action,contributing_factor_1_pers,contributing_factor_2_pers,injury_occurred,crash_hour,day_of_week,month,rush_hour,is_weekend
2021-04-14,1900-01-01 13:00:00,Unknown,Unknown,0,0,0,0,0,0,0,0,Driver Inattention/Distraction,Unspecified,4407454,Station Wagon/Sport Utility Vehicle,Station Wagon/Sport Utility Vehicle,BROOKLYN,11210.0,40.633114,-73.94928,"{'latitude': '40.633114', 'longitude': '-73.94928', 'human_address': '{""address"": """", ""city"": """", ""state"": """", ""zip"": """"}'}",Unknown,Unknown,120       KENILWORTH PLACE,Unknown,Unknown,Unknown,Unknown,0.0,0.0,0.0,0.0,0.0,0.0,0.0,0.0,0.0,0.0,0.0,0.0,0.0,0.0,0.0,0.0,0.0,0.0,0.0,0.0,0.0,0.0,0.0,0.0,0.0,0.0,0.0,0.0,0.0,0.0,0.0,0.0,0.0,0.0,0.0,0.0,0.0,0.0,0.0,0.0,0.0,0.0,0.0,0.0,0,13,Wednesday,4,0,0
2021-04-14,1900-01-01 13:30:00,Unknown,Unknown,0,0,0,0,0,0,0,0,Unspecified,Unspecified,4407372,Station Wagon/Sport Utility Vehicle,Unknown,STATEN ISLAND,10304.0,40.62046,-74.07641,"{'latitude': '40.62046', 'longitude': '-74.07641', 'human_address': '{""address"": """", ""city"": """", ""state"": """", ""zip"": """"}'}",Unknown,Unknown,135       VANDERBILT AVENUE,Unknown,Unknown,Unknown,Unknown,0.0,0.0,0.0,0.0,0.0,0.0,0.0,0.0,0.0,0.0,0.0,0.0,0.0,0.0,0.0,0.0,0.0,0.0,0.0,0.0,0.0,0.0,0.0,0.0,0.0,0.0,0.0,0.0,0.0,0.0,0.0,0.0,0.0,0.0,0.0,0.0,0.0,0.0,0.0,0.0,0.0,0.0,0.0,0.0,0,13,Wednesday,4,0,0
2021-04-14,1900-01-01 21:24:00,FDR DRIVE,EAST 61 STREET,0,0,0,0,0,0,0,0,Reaction to Uninvolved Vehicle,Unspecified,4407444,Station Wagon/Sport Utility Vehicle,Station Wagon/Sport Utility Vehicle,MANHATTAN,10065.0,40.75964,-73.95817,"{'latitude': '40.75964', 'longitude': '-73.95817', 'human_address': '{""address"": """", ""city"": """", ""state"": """", ""zip"": """"}'}",Unknown,Unknown,Unknown,Unknown,Unknown,Unknown,Unknown,0.0,0.0,0.0,0.0,0.0,0.0,0.0,0.0,0.0,0.0,0.0,0.0,0.0,0.0,0.0,0.0,0.0,0.0,0.0,0.0,0.0,0.0,0.0,0.0,0.0,0.0,0.0,0.0,0.0,0.0,0.0,0.0,0.0,0.0,0.0,0.0,0.0,0.0,0.0,0.0,0.0,0.0,0.0,0.0,0,21,Wednesday,4,0,0
2021-04-13,1900-01-01 20:15:00,BELT PARKWAY,Unknown,2,0,0,0,0,0,2,0,Following Too Closely,Following Too Closely,4407756,Station Wagon/Sport Utility Vehicle,Pick-up Truck,Unknown,0.0,40.64254,-73.87652,"{'latitude': '40.64254', 'longitude': '-73.87652', 'human_address': '{""address"": """", ""city"": """", ""state"": """", ""zip"": """"}'}",Following Too Closely,Station Wagon/Sport Utility Vehicle,Unknown,Unspecified,Station Wagon/Sport Utility Vehicle,Unspecified,Sedan,0.0,0.0,0.0,0.0,0.0,0.0,0.0,0.0,0.0,0.0,0.0,0.0,0.0,0.0,0.0,0.0,0.0,0.0,0.0,0.0,0.0,0.0,0.0,0.0,0.0,0.0,0.0,0.0,0.0,0.0,0.0,0.0,0.0,0.0,0.0,0.0,0.0,0.0,0.0,0.0,0.0,0.0,0.0,0.0,1,20,Tuesday,4,0,0
2021-04-15,1900-01-01 10:30:00,WEST 79 STREET,Unknown,1,0,1,0,0,0,0,0,Passing Too Closely,Unknown,4407620,Sedan,Unknown,Unknown,0.0,40.783146,-73.97833,"{'latitude': '40.783146', 'longitude': '-73.97833', 'human_address': '{""address"": """", ""city"": """", ""state"": """", ""zip"": """"}'}",Unknown,Unknown,Unknown,Unknown,Unknown,Unknown,Unknown,0.0,0.0,0.0,0.0,0.0,0.0,0.0,0.0,0.0,0.0,0.0,0.0,0.0,0.0,0.0,0.0,0.0,0.0,0.0,0.0,0.0,0.0,0.0,0.0,0.0,0.0,0.0,0.0,0.0,0.0,0.0,0.0,0.0,0.0,0.0,0.0,0.0,0.0,0.0,0.0,0.0,0.0,0.0,0.0,1,10,Thursday,4,0,0
2021-04-14,1900-01-01 23:30:00,LIBERTY AVENUE,178 STREET,6,0,0,0,0,0,6,0,Reaction to Uninvolved Vehicle,Unspecified,4407412,Taxi,Sedan,QUEENS,11433.0,40.705452,-73.78149,"{'latitude': '40.705452', 'longitude': '-73.78149', 'human_address': '{""address"": """", ""city"": """", ""state"": """", ""zip"": """"}'}",Unknown,Unknown,Unknown,Unknown,Unknown,Unknown,Unknown,0.0,0.0,0.0,0.0,0.0,0.0,0.0,0.0,0.0,0.0,0.0,0.0,0.0,0.0,0.0,0.0,0.0,0.0,0.0,0.0,0.0,0.0,0.0,0.0,0.0,0.0,0.0,0.0,0.0,0.0,0.0,0.0,0.0,0.0,0.0,0.0,0.0,0.0,0.0,0.0,0.0,0.0,0.0,0.0,1,23,Wednesday,4,0,0
2021-04-15,1900-01-01 19:00:00,CROSS ISLAND PARKWAY,GRAND CENTRAL PARKWAY,0,0,0,0,0,0,0,0,Unspecified,Unknown,4407633,Station Wagon/Sport Utility Vehicle,Unknown,Unknown,0.0,40.74425,-73.7334,"{'latitude': '40.74425', 'longitude': '-73.7334', 'human_address': '{""address"": """", ""city"": """", ""state"": """", ""zip"": """"}'}",Unknown,Unknown,Unknown,Unknown,Unknown,Unknown,Unknown,0.0,0.0,0.0,0.0,0.0,0.0,0.0,0.0,0.0,0.0,0.0,0.0,0.0,0.0,0.0,0.0,0.0,0.0,0.0,0.0,0.0,0.0,0.0,0.0,0.0,0.0,0.0,0.0,0.0,0.0,0.0,0.0,0.0,0.0,0.0,0.0,0.0,0.0,0.0,0.0,0.0,0.0,0.0,0.0,0,19,Thursday,4,0,0
2021-04-14,1900-01-01 04:35:00,WEST 42 STREET,5 AVENUE,0,0,0,0,0,0,0,0,Unsafe Lane Changing,Unspecified,4407119,Station Wagon/Sport Utility Vehicle,Station Wagon/Sport Utility Vehicle,MANHATTAN,10017.0,40.75348,-73.980896,"{'latitude': '40.75348', 'longitude': '-73.980896', 'human_address': '{""address"": """", ""city"": """", ""state"": """", ""zip"": """"}'}",Unknown,Unknown,Unknown,Unknown,Unknown,Unknown,Unknown,0.0,0.0,0.0,0.0,0.0,0.0,0.0,0.0,0.0,0.0,0.0,0.0,0.0,0.0,0.0,0.0,0.0,0.0,0.0,0.0,0.0,0.0,0.0,0.0,0.0,0.0,0.0,0.0,0.0,0.0,0.0,0.0,0.0,0.0,0.0,0.0,0.0,0.0,0.0,0.0,0.0,0.0,0.0,0.0,0,4,Wednesday,4,0,0
2021-04-14,1900-01-01 23:46:00,SILVER STREET,EAST TREMONT AVENUE,2,0,0,0,0,0,2,0,Unspecified,Unspecified,4407660,Station Wagon/Sport Utility Vehicle,Station Wagon/Sport Utility Vehicle,BRONX,10461.0,40.84307,-73.848076,"{'latitude': '40.84307', 'longitude': '-73.848076', 'human_address': '{""address"": """", ""city"": """", ""state"": """", ""zip"": """"}'}",Unknown,Unknown,Unknown,Unknown,Unknown,Unknown,Unknown,0.0,0.0,0.0,0.0,0.0,0.0,0.0,0.0,0.0,0.0,0.0,0.0,0.0,0.0,0.0,0.0,0.0,0.0,0.0,0.0,0.0,0.0,0.0,0.0,0.0,0.0,0.0,0.0,0.0,0.0,0.0,0.0,0.0,0.0,0.0,0.0,0.0,0.0,0.0,0.0,0.0,0.0,0.0,0.0,1,23,Wednesday,4,0,0
2021-04-15,1900-01-01 12:30:00,MC DONALD AVENUE,BAY PARKWAY,1,0,0,0,0,0,1,0,Illnes,Unknown,4408154,Sedan,Unknown,BROOKLYN,11204.0,40.620914,-73.9753,"{'latitude': '40.620914', 'longitude': '-73.9753', 'human_address': '{""address"": """", ""city"": """", ""state"": """", ""zip"": """"}'}",Unknown,Unknown,Unknown,Unknown,Unknown,Unknown,Unknown,0.0,0.0,0.0,0.0,0.0,0.0,0.0,0.0,0.0,0.0,0.0,0.0,0.0,0.0,0.0,0.0,0.0,0.0,0.0,0.0,0.0,0.0,0.0,0.0,0.0,0.0,0.0,0.0,0.0,0.0,0.0,0.0,0.0,0.0,0.0,0.0,0.0,0.0,0.0,0.0,0.0,0.0,0.0,0.0,1,12,Thursday,4,0,0
2021-04-04,1900-01-01 21:43:00,Unknown,Unknown,0,0,0,0,0,0,0,0,Unsafe Speed,Unspecified,4407773,Sedan,Sedan,MANHATTAN,10027.0,40.80889,-73.95581,"{'latitude': '40.80889', 'longitude': '-73.95581', 'human_address': '{""address"": """", ""city"": """", ""state"": """", ""zip"": """"}'}",Unspecified,Sedan,71        MORNINGSIDE AVENUE,Unknown,Unknown,Unknown,Unknown,0.0,0.0,0.0,0.0,0.0,0.0,0.0,0.0,0.0,0.0,0.0,0.0,0.0,0.0,0.0,0.0,0.0,0.0,0.0,0.0,0.0,0.0,0.0,0.0,0.0,0.0,0.0,0.0,0.0,0.0,0.0,0.0,0.0,0.0,0.0,0.0,0.0,0.0,0.0,0.0,0.0,0.0,0.0,0.0,0,21,Sunday,4,0,1
2021-04-15,1900-01-01 13:18:00,Unknown,Unknown,0,0,0,0,0,0,0,0,Driver Inattention/Distraction,Unspecified,4407567,Sedan,Station Wagon/Sport Utility Vehicle,MANHATTAN,10024.0,40.78847,-73.968895,"{'latitude': '40.78847', 'longitude': '-73.968895', 'human_address': '{""address"": """", ""city"": """", ""state"": """", ""zip"": """"}'}",Unknown,Unknown,51        WEST 90 STREET,Unknown,Unknown,Unknown,Unknown,0.0,0.0,0.0,0.0,0.0,0.0,0.0,0.0,0.0,0.0,0.0,0.0,0.0,0.0,0.0,0.0,0.0,0.0,0.0,0.0,0.0,0.0,0.0,0.0,0.0,0.0,0.0,0.0,0.0,0.0,0.0,0.0,0.0,0.0,0.0,0.0,0.0,0.0,0.0,0.0,0.0,0.0,0.0,0.0,0,13,Thursday,4,0,0
2021-04-14,1900-01-01 13:36:00,Unknown,Unknown,1,0,0,0,0,0,1,0,Following Too Closely,Unspecified,4407938,Pick-up Truck,Sedan,QUEENS,11385.0,40.712776,-73.90601,"{'latitude': '40.712776', 'longitude': '-73.90601', 'human_address': '{""address"": """", ""city"": """", ""state"": """", ""zip"": """"}'}",Unknown,Unknown,62-41     FOREST AVENUE,Unknown,Unknown,Unknown,Unknown,0.0,0.0,0.0,0.0,0.0,0.0,0.0,0.0,0.0,0.0,0.0,0.0,0.0,0.0,0.0,0.0,0.0,0.0,0.0,0.0,0.0,0.0,0.0,0.0,0.0,0.0,0.0,0.0,0.0,0.0,0.0,0.0,0.0,0.0,0.0,0.0,0.0,0.0,0.0,0.0,0.0,0.0,0.0,0.0,1,13,Wednesday,4,0,0
2021-04-16,1900-01-01 00:30:00,93 STREET,32 AVENUE,0,0,0,0,0,0,0,0,Unsafe Speed,Unspecified,4407713,Sedan,Unknown,QUEENS,11369.0,40.75868,-73.87552,"{'latitude': '40.75868', 'longitude': '-73.87552', 'human_address': '{""address"": """", ""city"": """", ""state"": """", ""zip"": """"}'}",Unknown,Unknown,Unknown,Unknown,Unknown,Unknown,Unknown,0.0,0.0,0.0,0.0,0.0,0.0,0.0,0.0,0.0,0.0,0.0,0.0,0.0,0.0,0.0,0.0,0.0,0.0,0.0,0.0,0.0,0.0,0.0,0.0,0.0,0.0,0.0,0.0,0.0,0.0,0.0,0.0,0.0,0.0,0.0,0.0,0.0,0.0,0.0,0.0,0.0,0.0,0.0,0.0,0,0,Friday,4,0,0
2021-04-11,1900-01-01 13:40:00,GRAND CENTRAL PARKWAY,PARSONS BOULEVARD,0,0,0,0,0,0,0,0,Unspecified,Unspecified,4408017,Station Wagon/Sport Utility Vehicle,Sedan,Unknown,0.0,0.0,0.0,Unknown,Unknown,Unknown,Unknown,Unknown,Unknown,Unknown,Unknown,0.0,0.0,0.0,0.0,0.0,0.0,0.0,0.0,0.0,0.0,0.0,0.0,0.0,0.0,0.0,0.0,0.0,0.0,0.0,0.0,0.0,0.0,0.0,0.0,0.0,0.0,0.0,0.0,0.0,0.0,0.0,0.0,0.0,0.0,0.0,0.0,0.0,0.0,0.0,0.0,0.0,0.0,0.0,0.0,0,13,Sunday,4,0,1
2021-04-16,1900-01-01 17:50:00,Unknown,Unknown,0,0,0,0,0,0,0,0,Alcohol Involvement,Unspecified,4408208,Station Wagon/Sport Utility Vehicle,Station Wagon/Sport Utility Vehicle,QUEENS,11368.0,40.74661,-73.86473,"{'latitude': '40.74661', 'longitude': '-73.86473', 'human_address': '{""address"": """", ""city"": """", ""state"": """", ""zip"": """"}'}",Unknown,Unknown,99-05     43 AVENUE,Unknown,Unknown,Unknown,Unknown,0.0,0.0,0.0,0.0,0.0,0.0,0.0,0.0,0.0,0.0,0.0,0.0,0.0,0.0,0.0,0.0,0.0,0.0,0.0,0.0,0.0,0.0,0.0,0.0,0.0,0.0,0.0,0.0,0.0,0.0,0.0,0.0,0.0,0.0,0.0,0.0,0.0,0.0,0.0,0.0,0.0,0.0,0.0,0.0,0,17,Friday,4,1,0
2021-04-16,1900-01-01 16:01:00,SOUTHERN BOULEVARD,EAST 173 STREET,0,0,0,0,0,0,0,0,Unsafe Speed,Unspecified,4408043,Sedan,Unknown,BRONX,10460.0,40.835705,-73.88875,"{'latitude': '40.835705', 'longitude': '-73.88875', 'human_address': '{""address"": """", ""city"": """", ""state"": """", ""zip"": """"}'}",Unknown,Unknown,Unknown,Unknown,Unknown,Unknown,Unknown,0.0,0.0,0.0,0.0,0.0,0.0,0.0,0.0,0.0,0.0,0.0,0.0,0.0,0.0,0.0,0.0,0.0,0.0,0.0,0.0,0.0,0.0,0.0,0.0,0.0,0.0,0.0,0.0,0.0,0.0,0.0,0.0,0.0,0.0,0.0,0.0,0.0,0.0,0.0,0.0,0.0,0.0,0.0,0.0,0,16,Friday,4,1,0
2021-03-28,1900-01-01 18:30:00,Unknown,Unknown,1,0,1,0,0,0,0,0,Unspecified,Unknown,4408233,Station Wagon/Sport Utility Vehicle,Unknown,BROOKLYN,11221.0,40.688404,-73.93803,"{'latitude': '40.688404', 'longitude': '-73.93803', 'human_address': '{""address"": """", ""city"": """", ""state"": """", ""zip"": """"}'}",Unknown,Unknown,562       QUINCY STREET,Unknown,Unknown,Unknown,Unknown,0.0,0.0,0.0,0.0,0.0,0.0,0.0,0.0,0.0,0.0,0.0,0.0,0.0,0.0,0.0,0.0,0.0,0.0,0.0,0.0,0.0,0.0,0.0,0.0,0.0,0.0,0.0,0.0,0.0,0.0,0.0,0.0,0.0,0.0,0.0,0.0,0.0,0.0,0.0,0.0,0.0,0.0,0.0,0.0,1,18,Sunday,3,1,1
2021-04-12,1900-01-01 20:00:00,144 STREET,20 AVENUE,1,0,1,0,0,0,0,0,Failure to Yield Right-of-Way,Unknown,4407990,Sedan,Unknown,QUEENS,11357.0,40.781715,-73.823845,"{'latitude': '40.781715', 'longitude': '-73.823845', 'human_address': '{""address"": """", ""city"": """", ""state"": """", ""zip"": """"}'}",Unknown,Unknown,Unknown,Unknown,Unknown,Unknown,Unknown,0.0,0.0,0.0,0.0,0.0,0.0,0.0,0.0,0.0,0.0,0.0,0.0,0.0,0.0,0.0,0.0,0.0,0.0,0.0,0.0,0.0,0.0,0.0,0.0,0.0,0.0,0.0,0.0,0.0,0.0,0.0,0.0,0.0,0.0,0.0,0.0,0.0,0.0,0.0,0.0,0.0,0.0,0.0,0.0,1,20,Monday,4,0,0
2021-04-02,1900-01-01 21:15:00,FDR DRIVE,Unknown,0,0,0,0,0,0,0,0,Unsafe Speed,Unspecified,4408079,Sedan,Unknown,Unknown,0.0,40.730644,-73.97329,"{'latitude': '40.730644', 'longitude': '-73.97329', 'human_address': '{""address"": """", ""city"": """", ""state"": """", ""zip"": """"}'}",Unknown,Unknown,Unknown,Unknown,Unknown,Unknown,Unknown,0.0,0.0,0.0,0.0,0.0,0.0,0.0,0.0,0.0,0.0,0.0,0.0,0.0,0.0,0.0,0.0,0.0,0.0,0.0,0.0,0.0,0.0,0.0,0.0,0.0,0.0,0.0,0.0,0.0,0.0,0.0,0.0,0.0,0.0,0.0,0.0,0.0,0.0,0.0,0.0,0.0,0.0,0.0,0.0,0,21,Friday,4,0,0
2021-04-16,1900-01-01 15:05:00,GRAND CENTRAL PKWY,Unknown,0,0,0,0,0,0,0,0,Following Too Closely,Unspecified,4408217,Sedan,Station Wagon/Sport Utility Vehicle,Unknown,0.0,40.75218,-73.85201,"{'latitude': '40.75218', 'longitude': '-73.85201', 'human_address': '{""address"": """", ""city"": """", ""state"": """", ""zip"": """"}'}",Unknown,Unknown,Unknown,Unknown,Unknown,Unknown,Unknown,0.0,0.0,0.0,0.0,0.0,0.0,0.0,0.0,0.0,0.0,0.0,0.0,0.0,0.0,0.0,0.0,0.0,0.0,0.0,0.0,0.0,0.0,0.0,0.0,0.0,0.0,0.0,0.0,0.0,0.0,0.0,0.0,0.0,0.0,0.0,0.0,0.0,0.0,0.0,0.0,0.0,0.0,0.0,0.0,0,15,Friday,4,0,0
2021-04-16,1900-01-01 15:45:00,GREENPOINT AVENUE,HUMBOLDT STREET,1,0,0,0,1,0,0,0,Failure to Yield Right-of-Way,Unspecified,4408331,Sedan,Bike,BROOKLYN,11222.0,40.731422,-73.94641,"{'latitude': '40.731422', 'longitude': '-73.94641', 'human_address': '{""address"": """", ""city"": """", ""state"": """", ""zip"": """"}'}",Unknown,Unknown,Unknown,Unknown,Unknown,Unknown,Unknown,0.0,0.0,0.0,0.0,0.0,0.0,0.0,0.0,0.0,0.0,0.0,0.0,0.0,0.0,0.0,0.0,0.0,0.0,0.0,0.0,0.0,0.0,0.0,0.0,0.0,0.0,0.0,0.0,0.0,0.0,0.0,0.0,0.0,0.0,0.0,0.0,0.0,0.0,0.0,0.0,0.0,0.0,0.0,0.0,1,15,Friday,4,0,0
2021-04-15,1900-01-01 08:20:00,2 AVENUE,EAST 60 STREET,0,0,0,0,0,0,0,0,Driver Inattention/Distraction,Unknown,4407698,Station Wagon/Sport Utility Vehicle,Unknown,MANHATTAN,10022.0,40.761234,-73.96389,"{'latitude': '40.761234', 'longitude': '-73.96389', 'human_address': '{""address"": """", ""city"": """", ""state"": """", ""zip"": """"}'}",Unknown,Unknown,Unknown,Unknown,Unknown,Unknown,Unknown,0.0,0.0,0.0,0.0,0.0,0.0,0.0,0.0,0.0,0.0,0.0,0.0,0.0,0.0,0.0,0.0,0.0,0.0,0.0,0.0,0.0,0.0,0.0,0.0,0.0,0.0,0.0,0.0,0.0,0.0,0.0,0.0,0.0,0.0,0.0,0.0,0.0,0.0,0.0,0.0,0.0,0.0,0.0,0.0,0,8,Thursday,4,1,0
2021-04-10,1900-01-01 19:09:00,STONE AVENUE,BELMONT AVENUE,0,0,0,0,0,0,0,0,Unspecified,Unspecified,4407825,Sedan,fire truck,BROOKLYN,11212.0,40.668976,-73.90668,"{'latitude': '40.668976', 'longitude': '-73.90668', 'human_address': '{""address"": """", ""city"": """", ""state"": """", ""zip"": """"}'}",Unknown,Unknown,Unknown,Unknown,Unknown,Unknown,Unknown,0.0,0.0,0.0,0.0,0.0,0.0,0.0,0.0,0.0,0.0,0.0,0.0,0.0,0.0,0.0,0.0,0.0,0.0,0.0,0.0,0.0,0.0,0.0,0.0,0.0,0.0,0.0,0.0,0.0,0.0,0.0,0.0,0.0,0.0,0.0,0.0,0.0,0.0,0.0,0.0,0.0,0.0,0.0,0.0,0,19,Saturday,4,0,1
2021-04-12,1900-01-01 06:55:00,THROGS NECK BRIDGE,Unknown,1,0,0,0,0,0,1,0,Following Too Closely,Unspecified,4408411,Station Wagon/Sport Utility Vehicle,Chassis Cab,Unknown,0.0,0.0,0.0,Unknown,Unknown,Unknown,Unknown,Unknown,Unknown,Unknown,Unknown,0.0,0.0,0.0,0.0,0.0,0.0,0.0,0.0,0.0,0.0,0.0,0.0,0.0,0.0,0.0,0.0,0.0,0.0,0.0,0.0,0.0,0.0,0.0,0.0,0.0,0.0,0.0,0.0,0.0,0.0,0.0,0.0,0.0,0.0,0.0,0.0,0.0,0.0,0.0,0.0,0.0,0.0,0.0,0.0,1,6,Monday,4,0,0
2021-04-15,1900-01-01 18:20:00,SCHENECTADY AVENUE,FARRAGUT ROAD,0,0,0,0,0,0,0,0,Unspecified,Unspecified,4408122,Station Wagon/Sport Utility Vehicle,Sedan,BROOKLYN,11203.0,40.637276,-73.93177,"{'latitude': '40.637276', 'longitude': '-73.93177', 'human_address': '{""address"": """", ""city"": """", ""state"": """", ""zip"": """"}'}",Unknown,Unknown,Unknown,Unknown,Unknown,Unknown,Unknown,0.0,0.0,0.0,0.0,0.0,0.0,0.0,0.0,0.0,0.0,0.0,0.0,0.0,0.0,0.0,0.0,0.0,0.0,0.0,0.0,0.0,0.0,0.0,0.0,0.0,0.0,0.0,0.0,0.0,0.0,0.0,0.0,0.0,0.0,0.0,0.0,0.0,0.0,0.0,0.0,0.0,0.0,0.0,0.0,0,18,Thursday,4,1,0
2021-04-11,1900-01-01 01:36:00,2 AVENUE,Unknown,0,0,0,0,0,0,0,0,Driver Inattention/Distraction,Unspecified,4407838,Sedan,E-Scooter,Unknown,0.0,40.788685,-73.94386,"{'latitude': '40.788685', 'longitude': '-73.94386', 'human_address': '{""address"": """", ""city"": """", ""state"": """", ""zip"": """"}'}",Unknown,Unknown,Unknown,Unknown,Unknown,Unknown,Unknown,0.0,0.0,0.0,0.0,0.0,0.0,0.0,0.0,0.0,0.0,0.0,0.0,0.0,0.0,0.0,0.0,0.0,0.0,0.0,0.0,0.0,0.0,0.0,0.0,0.0,0.0,0.0,0.0,0.0,0.0,0.0,0.0,0.0,0.0,0.0,0.0,0.0,0.0,0.0,0.0,0.0,0.0,0.0,0.0,0,1,Sunday,4,0,1
2021-09-11,1900-01-01 04:27:00,SHORE PARKWAY,Unknown,0,0,0,0,0,0,0,0,Passing Too Closely,Unspecified,4456364,Station Wagon/Sport Utility Vehicle,Station Wagon/Sport Utility Vehicle,Unknown,0.0,0.0,0.0,Unknown,Unspecified,Sedan,Unknown,Unknown,Unknown,Unknown,Unknown,0.0,0.0,0.0,0.0,0.0,0.0,0.0,0.0,0.0,0.0,0.0,0.0,0.0,0.0,0.0,0.0,0.0,0.0,0.0,0.0,0.0,0.0,0.0,0.0,0.0,0.0,0.0,0.0,0.0,0.0,0.0,0.0,0.0,0.0,0.0,0.0,0.0,0.0,0.0,0.0,0.0,0.0,0.0,0.0,0,4,Saturday,9,0,1
2021-04-16,1900-01-01 22:42:00,HUTCHINSON RIVER PARKWAY,Unknown,0,0,0,0,0,0,0,0,Passing or Lane Usage Improper,Passing or Lane Usage Improper,4407948,Sedan,Station Wagon/Sport Utility Vehicle,Unknown,0.0,40.87356,-73.81853,"{'latitude': '40.87356', 'longitude': '-73.81853', 'human_address': '{""address"": """", ""city"": """", ""state"": """", ""zip"": """"}'}",Unknown,Unknown,Unknown,Unknown,Unknown,Unknown,Unknown,0.0,0.0,0.0,0.0,0.0,0.0,0.0,0.0,0.0,0.0,0.0,0.0,0.0,0.0,0.0,0.0,0.0,0.0,0.0,0.0,0.0,0.0,0.0,0.0,0.0,0.0,0.0,0.0,0.0,0.0,0.0,0.0,0.0,0.0,0.0,0.0,0.0,0.0,0.0,0.0,0.0,0.0,0.0,0.0,0,22,Friday,4,0,0
2021-04-14,1900-01-01 23:32:00,Unknown,Unknown,1,0,1,0,0,0,0,0,Driver Inattention/Distraction,Unknown,4407843,Sedan,Unknown,MANHATTAN,10029.0,40.795006,-73.9485,"{'latitude': '40.795006', 'longitude': '-73.9485', 'human_address': '{""address"": """", ""city"": """", ""state"": """", ""zip"": """"}'}",Unknown,Unknown,1618      MADISON AVENUE,Unknown,Unknown,Unknown,Unknown,0.0,0.0,0.0,0.0,0.0,0.0,0.0,0.0,0.0,0.0,0.0,0.0,0.0,0.0,0.0,0.0,0.0,0.0,0.0,0.0,0.0,0.0,0.0,0.0,0.0,0.0,0.0,0.0,0.0,0.0,0.0,0.0,0.0,0.0,0.0,0.0,0.0,0.0,0.0,0.0,0.0,0.0,0.0,0.0,1,23,Wednesday,4,0,0
2021-04-15,1900-01-01 08:30:00,WEST 135 STREET,Unknown,1,0,0,0,0,0,1,0,Unspecified,Unspecified,4407515,Taxi,Station Wagon/Sport Utility Vehicle,Unknown,0.0,40.820095,-73.955086,"{'latitude': '40.820095', 'longitude': '-73.955086', 'human_address': '{""address"": """", ""city"": """", ""state"": """", ""zip"": """"}'}",Unknown,Unknown,Unknown,Unknown,Unknown,Unknown,Unknown,0.0,0.0,0.0,0.0,0.0,0.0,0.0,0.0,0.0,0.0,0.0,0.0,0.0,0.0,0.0,0.0,0.0,0.0,0.0,0.0,0.0,0.0,0.0,0.0,0.0,0.0,0.0,0.0,0.0,0.0,0.0,0.0,0.0,0.0,0.0,0.0,0.0,0.0,0.0,0.0,0.0,0.0,0.0,0.0,1,8,Thursday,4,1,0
2021-04-14,1900-01-01 11:26:00,BATH AVENUE,Unknown,1,0,1,0,0,0,0,0,Driver Inattention/Distraction,Unknown,4407312,Sedan,Unknown,Unknown,0.0,40.594334,-73.990944,"{'latitude': '40.594334', 'longitude': '-73.990944', 'human_address': '{""address"": """", ""city"": """", ""state"": """", ""zip"": """"}'}",Unknown,Unknown,Unknown,Unknown,Unknown,Unknown,Unknown,0.0,0.0,0.0,0.0,0.0,0.0,0.0,0.0,0.0,0.0,0.0,0.0,0.0,0.0,0.0,0.0,0.0,0.0,0.0,0.0,0.0,0.0,0.0,0.0,0.0,0.0,0.0,0.0,0.0,0.0,0.0,0.0,0.0,0.0,0.0,0.0,0.0,0.0,0.0,0.0,0.0,0.0,0.0,0.0,1,11,Wednesday,4,0,0