crash_date,crash_time,on_street_name,off_street_name,number_of_persons_injured,number_of_persons_killed,number_of_pedestrians_injured,number_of_pedestrians_killed,number_of_cyclist_injured,number_of_cyclist_killed,number_of_motorist_injured,number_of_motorist_killed,contributing_factor_vehicle_1,contributing_factor_vehicle_2,collision_id,vehicle_type_code1,vehicle_type_code2,borough,zip_code,latitude,longitude,location,contributing_factor_vehicle_3,vehicle_type_code_3,cross_street_name,contributing_factor_vehicle_4,vehicle_type_code_4,contributing_factor_vehicle_5,vehicle_type_code_5,unique_id,crash_date_veh,crash_time_veh,vehicle_id,state_registration,vehicle_type,contributing_factor_1,vehicle_make,vehicle_year,travel_direction,vehicle_occupants,driver_sex,driver_license_status,driver_license_jurisdiction,pre_crash,point_of_impact,vehicle_damage,public_property_damage,contributing_factor_2,vehicle_damage_1,vehicle_damage_2,vehicle_damage_3,vehicle_model,public_property_damage_type,unique_id_pers,crash_date_pers,crash_time_pers,person_id,person_type,person_injury,vehicle_id_pers,ped_role,person_sex,person_age,ejection,emotional_status,bodily_injury,position_in_vehicle,safety_equipment,complaint,ped_location,ped_action,contributing_factor_1_pers,contributing_factor_2_pers,injury_occurred,crash_hour,day_of_week,month,rush_hour,is_weekend
2021-04-14,1900-01-01 11:00:00,BELT PARKWAY,Unknown,0,0,0,0,0,0,0,0,Unsafe Speed,Unsafe Lane Changing,4407314,Sedan,Station Wagon/Sport Utility Vehicle,Unknown,0.0,40.666306,-73.79171,"{'latitude': '40.666306', 'longitude': '-73.79171', 'human_address': '{""address"": """", ""city"": """", ""state"": """", ""zip"": """"}'}",Unknown,Unknown,Unknown,Unknown,Unknown,Unknown,Unknown,0.0,0.0,0.0,0.0,0.0,0.0,0.0,0.0,0.0,0.0,0.0,0.0,0.0,0.0,0.0,0.0,0.0,0.0,0.0,0.0,0.0,0.0,0.0,0.0,0.0,0.0,0.0,0.0,0.0,0.0,0.0,0.0,0.0,0.0,0.0,0.0,0.0,0.0,0.0,0.0,0.0,0.0,0.0,0.0,0,11,Wednesday,4,0,0
2021-04-14,1900-01-01 12:37:00,Unknown,Unknown,0,0,0,0,0,0,0,0,Passing or Lane Usage Improper,Unspecified,4407489,Station Wagon/Sport Utility Vehicle,Sedan,BROOKLYN,11215.0,40.673008,-73.97851,"{'latitude': '40.673008', 'longitude': '-73.97851', 'human_address': '{""address"": """", ""city"": """", ""state"": """", ""zip"": """"}'}",Unknown,Unknown,162       GARFIELD PLACE,Unknown,Unknown,Unknown,Unknown,0.0,0.0,0.0,0.0,0.0,0.0,0.0,0.0,0.0,0.0,0.0,0.0,0.0,0.0,0.0,0.0,0.0,0.0,0.0,0.0,0.0,0.0,0.0,0.0,0.0,0.0,0.0,0.0,0.0,0.0,0.0,0.0,0.0,0.0,0.0,0.0,0.0,0.0,0.0,0.0,0.0,0.0,0.0,0.0,0,12,Wednesday,4,0,0
2021-04-14,1900-01-01 00:25:00,BELT PARKWAY,Unknown,0,0,0,0,0,0,0,0,Unsafe Speed,Unknown,4407656,Station Wagon/Sport Utility Vehicle,Unknown,Unknown,0.0,40.583626,-73.98407,"{'latitude': '40.583626', 'longitude': '-73.98407', 'human_address': '{""address"": """", ""city"": """", ""state"": """", ""zip"": """"}'}",Unknown,Unknown,Unknown,Unknown,Unknown,Unknown,Unknown,0.0,0.0,0.0,0.0,0.0,0.0,0.0,0.0,0.0,0.0,0.0,0.0,0.0,0.0,0.0,0.0,0.0,0.0,0.0,0.0,0.0,0.0,0.0,0.0,0.0,0.0,0.0,0.0,0.0,0.0,0.0,0.0,0.0,0.0,0.0,0.0,0.0,0.0,0.0,0.0,0.0,0.0,0.0,0.0,0,0,Wednesday,4,0,0
2021-04-14,1900-01-01 12:45:00,WEBB AVENUE,RESERVOIR AVENUE,0,0,0,0,0,0,0,0,Unspecified,Unspecified,4407332,Sedan,Sedan,BRONX,10468.0,40.874474,-73.90031,"{'latitude': '40.874474', 'longitude': '-73.90031', 'human_address': '{""address"": """", ""city"": """", ""state"": """", ""zip"": """"}'}",Unknown,Unknown,Unknown,Unknown,Unknown,Unknown,Unknown,0.0,0.0,0.0,0.0,0.0,0.0,0.0,0.0,0.0,0.0,0.0,0.0,0.0,0.0,0.0,0.0,0.0,0.0,0.0,0.0,0.0,0.0,0.0,0.0,0.0,0.0,0.0,0.0,0.0,0.0,0.0,0.0,0.0,0.0,0.0,0.0,0.0,0.0,0.0,0.0,0.0,0.0,0.0,0.0,0,12,Wednesday,4,0,0
2021-04-14,1900-01-01 14:25:00,Unknown,Unknown,1,0,0,0,0,0,1,0,Unspecified,Unspecified,4407506,Taxi,Station Wagon/Sport Utility Vehicle,BROOKLYN,11204.0,40.633995,-73.98138,"{'latitude': '40.633995', 'longitude': '-73.98138', 'human_address': '{""address"": """", ""city"": """", ""state"": """", ""zip"": """"}'}",Unknown,Unknown,1616      43 STREET,Unknown,Unknown,Unknown,Unknown,0.0,0.0,0.0,0.0,0.0,0.0,0.0,0.0,0.0,0.0,0.0,0.0,0.0,0.0,0.0,0.0,0.0,0.0,0.0,0.0,0.0,0.0,0.0,0.0,0.0,0.0,0.0,0.0,0.0,0.0,0.0,0.0,0.0,0.0,0.0,0.0,0.0,0.0,0.0,0.0,0.0,0.0,0.0,0.0,1,14,Wednesday,4,0,0
2021-04-14,1900-01-01 23:20:00,FDR DRIVE,Unknown,1,0,0,0,0,0,1,0,Unspecified,Unspecified,4408401,Sedan,Sedan,Unknown,0.0,40.772327,-73.94531,"{'latitude': '40.772327', 'longitude': '-73.94531', 'human_address': '{""address"": """", ""city"": """", ""state"": """", ""zip"": """"}'}",Unknown,Unknown,Unknown,Unknown,Unknown,Unknown,Unknown,0.0,0.0,0.0,0.0,0.0,0.0,0.0,0.0,0.0,0.0,0.0,0.0,0.0,0.0,0.0,0.0,0.0,0.0,0.0,0.0,0.0,0.0,0.0,0.0,0.0,0.0,0.0,0.0,0.0,0.0,0.0,0.0,0.0,0.0,0.0,0.0,0.0,0.0,0.0,0.0,0.0,0.0,0.0,0.0,1,23,Wednesday,4,0,0
2021-04-15,1900-01-01 18:45:00,Unknown,Unknown,0,0,0,0,0,0,0,0,Other Vehicular,Other Vehicular,4407677,Sedan,Box Truck,BROOKLYN,11206.0,40.704937,-73.94932,"{'latitude': '40.704937', 'longitude': '-73.94932', 'human_address': '{""address"": """", ""city"": """", ""state"": """", ""zip"": """"}'}",Unknown,Unknown,545       BROADWAY,Unknown,Unknown,Unknown,Unknown,0.0,0.0,0.0,0.0,0.0,0.0,0.0,0.0,0.0,0.0,0.0,0.0,0.0,0.0,0.0,0.0,0.0,0.0,0.0,0.0,0.0,0.0,0.0,0.0,0.0,0.0,0.0,0.0,0.0,0.0,0.0,0.0,0.0,0.0,0.0,0.0,0.0,0.0,0.0,0.0,0.0,0.0,0.0,0.0,0,18,Thursday,4,1,0
2021-04-14,1900-01-01 15:34:00,39 STREET,3 AVENUE,1,0,1,0,0,0,0,0,Reaction to Uninvolved Vehicle,Unknown,4407359,Sedan,Unknown,BROOKLYN,11232.0,40.653873,-74.008156,"{'latitude': '40.653873', 'longitude': '-74.008156', 'human_address': '{""address"": """", ""city"": """", ""state"": """", ""zip"": """"}'}",Unknown,Unknown,Unknown,Unknown,Unknown,Unknown,Unknown,0.0,0.0,0.0,0.0,0.0,0.0,0.0,0.0,0.0,0.0,0.0,0.0,0.0,0.0,0.0,0.0,0.0,0.0,0.0,0.0,0.0,0.0,0.0,0.0,0.0,0.0,0.0,0.0,0.0,0.0,0.0,0.0,0.0,0.0,0.0,0.0,0.0,0.0,0.0,0.0,0.0,0.0,0.0,0.0,1,15,Wednesday,4,0,0
2021-04-16,1900-01-01 23:30:00,SHORE PARKWAY,Unknown,0,0,0,0,0,0,0,0,Unspecified,Unknown,4408060,Sedan,Unknown,Unknown,0.0,0.0,0.0,Unknown,Unknown,Unknown,Unknown,Unknown,Unknown,Unknown,Unknown,0.0,0.0,0.0,0.0,0.0,0.0,0.0,0.0,0.0,0.0,0.0,0.0,0.0,0.0,0.0,0.0,0.0,0.0,0.0,0.0,0.0,0.0,0.0,0.0,0.0,0.0,0.0,0.0,0.0,0.0,0.0,0.0,0.0,0.0,0.0,0.0,0.0,0.0,0.0,0.0,0.0,0.0,0.0,0.0,0,23,Friday,4,0,0
2021-04-15,1900-01-01 03:46:00,FDR DRIVE,EAST 117 STREET,0,0,0,0,0,0,0,0,Driver Inattention/Distraction,Unknown,4407533,Sedan,Unknown,Unknown,0.0,0.0,0.0,Unknown,Unknown,Unknown,Unknown,Unknown,Unknown,Unknown,Unknown,0.0,0.0,0.0,0.0,0.0,0.0,0.0,0.0,0.0,0.0,0.0,0.0,0.0,0.0,0.0,0.0,0.0,0.0,0.0,0.0,0.0,0.0,0.0,0.0,0.0,0.0,0.0,0.0,0.0,0.0,0.0,0.0,0.0,0.0,0.0,0.0,0.0,0.0,0.0,0.0,0.0,0.0,0.0,0.0,0,3,Thursday,4,0,0
2021-04-08,1900-01-01 00:00:00,ATLANTIC AVENUE,Unknown,1,0,0,0,0,0,1,0,Following Too Closely,Unspecified,4408266,Station Wagon/Sport Utility Vehicle,Station Wagon/Sport Utility Vehicle,Unknown,0.0,40.677917,-73.93861,"{'latitude': '40.677917', 'longitude': '-73.93861', 'human_address': '{""address"": """", ""city"": """", ""state"": """", ""zip"": """"}'}",Unspecified,Box Truck,Unknown,Unspecified,Sedan,Unknown,Unknown,0.0,0.0,0.0,0.0,0.0,0.0,0.0,0.0,0.0,0.0,0.0,0.0,0.0,0.0,0.0,0.0,0.0,0.0,0.0,0.0,0.0,0.0,0.0,0.0,0.0,0.0,0.0,0.0,0.0,0.0,0.0,0.0,0.0,0.0,0.0,0.0,0.0,0.0,0.0,0.0,0.0,0.0,0.0,0.0,1,0,Thursday,4,0,0
2021-04-14,1900-01-01 13:20:00,Unknown,Unknown,0,0,0,0,0,0,0,0,Unspecified,Unspecified,4407696,Sedan,Sedan,BROOKLYN,11223.0,40.59857,-73.9689,"{'latitude': '40.59857', 'longitude': '-73.9689', 'human_address': '{""address"": """", ""city"": """", ""state"": """", ""zip"": """"}'}",Unspecified,Sedan,2115      EAST 3 STREET,Unknown,Unknown,Unknown,Unknown,0.0,0.0,0.0,0.0,0.0,0.0,0.0,0.0,0.0,0.0,0.0,0.0,0.0,0.0,0.0,0.0,0.0,0.0,0.0,0.0,0.0,0.0,0.0,0.0,0.0,0.0,0.0,0.0,0.0,0.0,0.0,0.0,0.0,0.0,0.0,0.0,0.0,0.0,0.0,0.0,0.0,0.0,0.0,0.0,0,13,Wednesday,4,0,0
2021-04-14,1900-01-01 06:15:00,EAST 135 STREET,3 AVENUE,0,0,0,0,0,0,0,0,Unspecified,Unspecified,4407261,Tractor Truck Diesel,Sedan,Unknown,0.0,40.809563,-73.92923,"{'latitude': '40.809563', 'longitude': '-73.92923', 'human_address': '{""address"": """", ""city"": """", ""state"": """", ""zip"": """"}'}",Unknown,Unknown,Unknown,Unknown,Unknown,Unknown,Unknown,0.0,0.0,0.0,0.0,0.0,0.0,0.0,0.0,0.0,0.0,0.0,0.0,0.0,0.0,0.0,0.0,0.0,0.0,0.0,0.0,0.0,0.0,0.0,0.0,0.0,0.0,0.0,0.0,0.0,0.0,0.0,0.0,0.0,0.0,0.0,0.0,0.0,0.0,0.0,0.0,0.0,0.0,0.0,0.0,0,6,Wednesday,4,0,0
2021-04-16,1900-01-01 15:12:00,Unknown,Unknown,1,0,0,0,1,0,0,0,Unspecified,Unspecified,4407857,Sedan,Bike,BROOKLYN,11238.0,40.68836,-73.96444,"{'latitude': '40.68836', 'longitude': '-73.96444', 'human_address': '{""address"": """", ""city"": """", ""state"": """", ""zip"": """"}'}",Unknown,Unknown,284       LAFAYETTE AVENUE,Unknown,Unknown,Unknown,Unknown,0.0,0.0,0.0,0.0,0.0,0.0,0.0,0.0,0.0,0.0,0.0,0.0,0.0,0.0,0.0,0.0,0.0,0.0,0.0,0.0,0.0,0.0,0.0,0.0,0.0,0.0,0.0,0.0,0.0,0.0,0.0,0.0,0.0,0.0,0.0,0.0,0.0,0.0,0.0,0.0,0.0,0.0,0.0,0.0,1,15,Friday,4,0,0
2021-04-14,1900-01-01 19:30:00,JUNIUS STREET,BLAKE AVENUE,0,0,0,0,0,0,0,0,Failure to Yield Right-of-Way,Unspecified,4407490,Station Wagon/Sport Utility Vehicle,Sedan,BROOKLYN,11212.0,40.666737,-73.90224,"{'latitude': '40.666737', 'longitude': '-73.90224', 'human_address': '{""address"": """", ""city"": """", ""state"": """", ""zip"": """"}'}",Unknown,Unknown,Unknown,Unknown,Unknown,Unknown,Unknown,0.0,0.0,0.0,0.0,0.0,0.0,0.0,0.0,0.0,0.0,0.0,0.0,0.0,0.0,0.0,0.0,0.0,0.0,0.0,0.0,0.0,0.0,0.0,0.0,0.0,0.0,0.0,0.0,0.0,0.0,0.0,0.0,0.0,0.0,0.0,0.0,0.0,0.0,0.0,0.0,0.0,0.0,0.0,0.0,0,19,Wednesday,4,0,0
2021-04-14,1900-01-01 10:30:00,FRESH POND ROAD,62 ROAD,1,0,0,0,0,0,1,0,Unspecified,Unknown,4407788,Station Wagon/Sport Utility Vehicle,Unknown,QUEENS,11379.0,40.713173,-73.90076,"{'latitude': '40.713173', 'longitude': '-73.90076', 'human_address': '{""address"": """", ""city"": """", ""state"": """", ""zip"": """"}'}",Unknown,Unknown,Unknown,Unknown,Unknown,Unknown,Unknown,0.0,0.0,0.0,0.0,0.0,0.0,0.0,0.0,0.0,0.0,0.0,0.0,0.0,0.0,0.0,0.0,0.0,0.0,0.0,0.0,0.0,0.0,0.0,0.0,0.0,0.0,0.0,0.0,0.0,0.0,0.0,0.0,0.0,0.0,0.0,0.0,0.0,0.0,0.0,0.0,0.0,0.0,0.0,0.0,1,10,Wednesday,4,0,0
2021-04-15,1900-01-01 06:00:00,Unknown,Unknown,0,0,0,0,0,0,0,0,Unspecified,Unknown,4408379,Station Wagon/Sport Utility Vehicle,Unknown,QUEENS,11001.0,40.73006,-73.710754,"{'latitude': '40.73006', 'longitude': '-73.710754', 'human_address': '{""address"": """", ""city"": """", ""state"": """", ""zip"": """"}'}",Unknown,Unknown,87-33     LITTLE NECK PARKWAY,Unknown,Unknown,Unknown,Unknown,0.0,0.0,0.0,0.0,0.0,0.0,0.0,0.0,0.0,0.0,0.0,0.0,0.0,0.0,0.0,0.0,0.0,0.0,0.0,0.0,0.0,0.0,0.0,0.0,0.0,0.0,0.0,0.0,0.0,0.0,0.0,0.0,0.0,0.0,0.0,0.0,0.0,0.0,0.0,0.0,0.0,0.0,0.0,0.0,0,6,Thursday,4,0,0
2021-04-13,1900-01-01 16:20:00,EAST 53 STREET,CHURCH AVENUE,0,0,0,0,0,0,0,0,Driver Inattention/Distraction,Unspecified,4408103,Station Wagon/Sport Utility Vehicle,Sedan,BROOKLYN,11203.0,40.652317,-73.92752,"{'latitude': '40.652317', 'longitude': '-73.92752', 'human_address': '{""address"": """", ""city"": """", ""state"": """", ""zip"": """"}'}",Unknown,Unknown,Unknown,Unknown,Unknown,Unknown,Unknown,0.0,0.0,0.0,0.0,0.0,0.0,0.0,0.0,0.0,0.0,0.0,0.0,0.0,0.0,0.0,0.0,0.0,0.0,0.0,0.0,0.0,0.0,0.0,0.0,0.0,0.0,0.0,0.0,0.0,0.0,0.0,0.0,0.0,0.0,0.0,0.0,0.0,0.0,0.0,0.0,0.0,0.0,0.0,0.0,0,16,Tuesday,4,1,0
2021-04-15,1900-01-01 01:20:00,CRESCENT STREET,Unknown,1,0,0,0,1,0,0,0,Unspecified,Unknown,4408076,Bike,Unknown,Unknown,0.0,40.76122,-73.93056,"{'latitude': '40.76122', 'longitude': '-73.93056', 'human_address': '{""address"": """", ""city"": """", ""state"": """", ""zip"": """"}'}",Unknown,Unknown,Unknown,Unknown,Unknown,Unknown,Unknown,0.0,0.0,0.0,0.0,0.0,0.0,0.0,0.0,0.0,0.0,0.0,0.0,0.0,0.0,0.0,0.0,0.0,0.0,0.0,0.0,0.0,0.0,0.0,0.0,0.0,0.0,0.0,0.0,0.0,0.0,0.0,0.0,0.0,0.0,0.0,0.0,0.0,0.0,0.0,0.0,0.0,0.0,0.0,0.0,1,1,Thursday,4,0,0
2021-04-12,1900-01-01 18:00:00,CONEY ISLAND AVENUE,Unknown,0,0,0,0,0,0,0,0,Failure to Yield Right-of-Way,Unspecified,4408049,Station Wagon/Sport Utility Vehicle,Sedan,Unknown,0.0,40.588722,-73.960464,"{'latitude': '40.588722', 'longitude': '-73.960464', 'human_address': '{""address"": """", ""city"": """", ""state"": """", ""zip"": """"}'}",Unknown,Unknown,Unknown,Unknown,Unknown,Unknown,Unknown,0.0,0.0,0.0,0.0,0.0,0.0,0.0,0.0,0.0,0.0,0.0,0.0,0.0,0.0,0.0,0.0,0.0,0.0,0.0,0.0,0.0,0.0,0.0,0.0,0.0,0.0,0.0,0.0,0.0,0.0,0.0,0.0,0.0,0.0,0.0,0.0,0.0,0.0,0.0,0.0,0.0,0.0,0.0,0.0,0,18,Monday,4,1,0
2021-04-14,1900-01-01 17:25:00,BEVERLEY ROAD,Unknown,0,0,0,0,0,0,0,0,Unspecified,Unspecified,4407527,Sedan,Sedan,Unknown,0.0,40.643456,-73.972725,"{'latitude': '40.643456', 'longitude': '-73.972725', 'human_address': '{""address"": """", ""city"": """", ""state"": """", ""zip"": """"}'}",Unknown,Unknown,Unknown,Unknown,Unknown,Unknown,Unknown,0.0,0.0,0.0,0.0,0.0,0.0,0.0,0.0,0.0,0.0,0.0,0.0,0.0,0.0,0.0,0.0,0.0,0.0,0.0,0.0,0.0,0.0,0.0,0.0,0.0,0.0,0.0,0.0,0.0,0.0,0.0,0.0,0.0,0.0,0.0,0.0,0.0,0.0,0.0,0.0,0.0,0.0,0.0,0.0,0,17,Wednesday,4,1,0
2021-04-12,1900-01-01 19:45:00,ALLERTON AVENUE,BOSTON ROAD,0,0,0,0,0,0,0,0,Other Vehicular,Unknown,4407836,Sedan,Unknown,BRONX,10467.0,40.865532,-73.86238,"{'latitude': '40.865532', 'longitude': '-73.86238', 'human_address': '{""address"": """", ""city"": """", ""state"": """", ""zip"": """"}'}",Unknown,Unknown,Unknown,Unknown,Unknown,Unknown,Unknown,0.0,0.0,0.0,0.0,0.0,0.0,0.0,0.0,0.0,0.0,0.0,0.0,0.0,0.0,0.0,0.0,0.0,0.0,0.0,0.0,0.0,0.0,0.0,0.0,0.0,0.0,0.0,0.0,0.0,0.0,0.0,0.0,0.0,0.0,0.0,0.0,0.0,0.0,0.0,0.0,0.0,0.0,0.0,0.0,0,19,Monday,4,0,0
2021-04-16,1900-01-01 16:46:00,TROY AVENUE,Unknown,1,0,1,0,0,0,0,0,Unspecified,Unknown,4408274,Station Wagon/Sport Utility Vehicle,Unknown,Unknown,0.0,40.67612,-73.936005,"{'latitude': '40.67612', 'longitude': '-73.936005', 'human_address': '{""address"": """", ""city"": """", ""state"": """", ""zip"": """"}'}",Unknown,Unknown,Unknown,Unknown,Unknown,Unknown,Unknown,0.0,0.0,0.0,0.0,0.0,0.0,0.0,0.0,0.0,0.0,0.0,0.0,0.0,0.0,0.0,0.0,0.0,0.0,0.0,0.0,0.0,0.0,0.0,0.0,0.0,0.0,0.0,0.0,0.0,0.0,0.0,0.0,0.0,0.0,0.0,0.0,0.0,0.0,0.0,0.0,0.0,0.0,0.0,0.0,1,16,Friday,4,1,0
2021-04-15,1900-01-01 09:20:00,RICHMOND AVENUE,ANITA STREET,1,0,0,0,0,0,1,0,Unsafe Lane Changing,Unspecified,4407547,Station Wagon/Sport Utility Vehicle,Station Wagon/Sport Utility Vehicle,Unknown,0.0,40.620663,-74.1524,"{'latitude': '40.620663', 'longitude': '-74.1524', 'human_address': '{""address"": """", ""city"": """", ""state"": """", ""zip"": """"}'}",Unknown,Unknown,Unknown,Unknown,Unknown,Unknown,Unknown,0.0,0.0,0.0,0.0,0.0,0.0,0.0,0.0,0.0,0.0,0.0,0.0,0.0,0.0,0.0,0.0,0.0,0.0,0.0,0.0,0.0,0.0,0.0,0.0,0.0,0.0,0.0,0.0,0.0,0.0,0.0,0.0,0.0,0.0,0.0,0.0,0.0,0.0,0.0,0.0,0.0,0.0,0.0,0.0,1,9,Thursday,4,1,0
2021-04-15,1900-01-01 13:30:00,Unknown,Unknown,0,0,0,0,0,0,0,0,Failure to Yield Right-of-Way,Unspecified,4407815,Station Wagon/Sport Utility Vehicle,Station Wagon/Sport Utility Vehicle,QUEENS,11378.0,40.72166,-73.888664,"{'latitude': '40.72166', 'longitude': '-73.888664', 'human_address': '{""address"": """", ""city"": """", ""state"": """", ""zip"": """"}'}",Unknown,Unknown,60-74     70 STREET,Unknown,Unknown,Unknown,Unknown,0.0,0.0,0.0,0.0,0.0,0.0,0.0,0.0,0.0,0.0,0.0,0.0,0.0,0.0,0.0,0.0,0.0,0.0,0.0,0.0,0.0,0.0,0.0,0.0,0.0,0.0,0.0,0.0,0.0,0.0,0.0,0.0,0.0,0.0,0.0,0.0,0.0,0.0,0.0,0.0,0.0,0.0,0.0,0.0,0,13,Thursday,4,0,0
2021-04-14,1900-01-01 17:45:00,Unknown,Unknown,0,0,0,0,0,0,0,0,Unspecified,Unspecified,4408375,Sedan,Sedan,QUEENS,11426.0,40.733723,-73.72516,"{'latitude': '40.733723', 'longitude': '-73.72516', 'human_address': '{""address"": """", ""city"": """", ""state"": """", ""zip"": """"}'}",Unknown,Unknown,241-15    HILLSIDE AVENUE,Unknown,Unknown,Unknown,Unknown,0.0,0.0,0.0,0.0,0.0,0.0,0.0,0.0,0.0,0.0,0.0,0.0,0.0,0.0,0.0,0.0,0.0,0.0,0.0,0.0,0.0,0.0,0.0,0.0,0.0,0.0,0.0,0.0,0.0,0.0,0.0,0.0,0.0,0.0,0.0,0.0,0.0,0.0,0.0,0.0,0.0,0.0,0.0,0.0,0,17,Wednesday,4,1,0
2021-04-14,1900-01-01 09:30:00,EAST 37 STREET,QUEENS MIDTOWN TUNNEL EXIT,0,0,0,0,0,0,0,0,Driver Inattention/Distraction,Unspecified,4407279,Station Wagon/Sport Utility Vehicle,Sedan,Unknown,0.0,40.745686,-73.97213,"{'latitude': '40.745686', 'longitude': '-73.97213', 'human_address': '{""address"": """", ""city"": """", ""state"": """", ""zip"": """"}'}",Unknown,Unknown,Unknown,Unknown,Unknown,Unknown,Unknown,0.0,0.0,0.0,0.0,0.0,0.0,0.0,0.0,0.0,0.0,0.0,0.0,0.0,0.0,0.0,0.0,0.0,0.0,0.0,0.0,0.0,0.0,0.0,0.0,0.0,0.0,0.0,0.0,0.0,0.0,0.0,0.0,0.0,0.0,0.0,0.0,0.0,0.0,0.0,0.0,0.0,0.0,0.0,0.0,0,9,Wednesday,4,1,0
2021-04-14,1900-01-01 00:00:00,Unknown,Unknown,0,0,0,0,0,0,0,0,Unspecified,Unknown,4407331,Station Wagon/Sport Utility Vehicle,Station Wagon/Sport Utility Vehicle,BRONX,10463.0,40.875294,-73.9088,"{'latitude': '40.875294', 'longitude': '-73.9088', 'human_address': '{""address"": """", ""city"": """", ""state"": """", ""zip"": """"}'}",Unknown,Unknown,5240      BROADWAY,Unknown,Unknown,Unknown,Unknown,0.0,0.0,0.0,0.0,0.0,0.0,0.0,0.0,0.0,0.0,0.0,0.0,0.0,0.0,0.0,0.0,0.0,0.0,0.0,0.0,0.0,0.0,0.0,0.0,0.0,0.0,0.0,0.0,0.0,0.0,0.0,0.0,0.0,0.0,0.0,0.0,0.0,0.0,0.0,0.0,0.0,0.0,0.0,0.0,0,0,Wednesday,4,0,0
2021-04-15,1900-01-01 16:54:00,WILLOW AVENUE,EAST 137 STREET,1,0,0,0,0,0,1,0,Unspecified,Unspecified,4407686,Sedan,Sedan,BRONX,10454.0,40.803555,-73.91184,"{'latitude': '40.803555', 'longitude': '-73.91184', 'human_address': '{""address"": """", ""city"": """", ""state"": """", ""zip"": """"}'}",Unknown,Unknown,Unknown,Unknown,Unknown,Unknown,Unknown,0.0,0.0,0.0,0.0,0.0,0.0,0.0,0.0,0.0,0.0,0.0,0.0,0.0,0.0,0.0,0.0,0.0,0.0,0.0,0.0,0.0,0.0,0.0,0.0,0.0,0.0,0.0,0.0,0.0,0.0,0.0,0.0,0.0,0.0,0.0,0.0,0.0,0.0,0.0,0.0,0.0,0.0,0.0,0.0,1,16,Thursday,4,1,0
2021-04-15,1900-01-01 19:20:00,FDR DRIVE,Unknown,0,0,0,0,0,0,0,0,Pavement Slippery,Following Too Closely,4408398,Sedan,Station Wagon/Sport Utility Vehicle,Unknown,0.0,40.7605,-73.95699,"{'latitude': '40.7605', 'longitude': '-73.95699', 'human_address': '{""address"": """", ""city"": """", ""state"": """", ""zip"": """"}'}",Unknown,Unknown,Unknown,Unknown,Unknown,Unknown,Unknown,0.0,0.0,0.0,0.0,0.0,0.0,0.0,0.0,0.0,0.0,0.0,0.0,0.0,0.0,0.0,0.0,0.0,0.0,0.0,0.0,0.0,0.0,0.0,0.0,0.0,0.0,0.0,0.0,0.0,0.0,0.0,0.0,0.0,0.0,0.0,0.0,0.0,0.0,0.0,0.0,0.0,0.0,0.0,0.0,0,19,Thursday,4,0,0
2021-04-16,1900-01-01 00:17:00,EAST 98 STREET,TAPSCOTT STREET,0,0,0,0,0,0,0,0,Unspecified,Unknown,4408066,Sedan,Unknown,Unknown,0.0,40.661995,-73.91959,"{'latitude': '40.661995', 'longitude': '-73.91959', 'human_address': '{""address"": """", ""city"": """", ""state"": """", ""zip"": """"}'}",Unknown,Unknown,Unknown,Unknown,Unknown,Unknown,Unknown,0.0,0.0,0.0,0.0,0.0,0.0,0.0,0.0,0.0,0.0,0.0,0.0,0.0,0.0,0.0,0.0,0.0,0.0,0.0,0.0,0.0,0.0,0.0,0.0,0.0,0.0,0.0,0.0,0.0,0.0,0.0,0.0,0.0,0.0,0.0,0.0,0.0,0.0,0.0,0.0,0.0,0.0,0.0,0.0,0,0,Friday,4,0,0
2021-04-16,1900-01-01 13:02:00,DE KALB AVENUE,TAAFFE PLACE,0,0,0,0,0,0,0,0,Passing Too Closely,Unspecified,4408309,Station Wagon/Sport Utility Vehicle,Box Truck,BROOKLYN,11205.0,40.69045,-73.959435,"{'latitude': '40.69045', 'longitude': '-73.959435', 'human_address': '{""address"": """", ""city"": """", ""state"": """", ""zip"": """"}'}",Unknown,Unknown,Unknown,Unknown,Unknown,Unknown,Unknown,0.0,0.0,0.0,0.0,0.0,0.0,0.0,0.0,0.0,0.0,0.0,0.0,0.0,0.0,0.0,0.0,0.0,0.0,0.0,0.0,0.0,0.0,0.0,0.0,0.0,0.0,0.0,0.0,0.0,0.0,0.0,0.0,0.0,0.0,0.0,0.0,0.0,0.0,0.0,0.0,0.0,0.0,0.0,0.0,0,13,Friday,4,0,0
2021-04-16,1900-01-01 11:38:00,NEW LOTS AVENUE,JUNIUS STREET,1,0,1,0,0,0,0,0,Unspecified,Unknown,4408068,Station Wagon/Sport Utility Vehicle,Unknown,BROOKLYN,11212.0,40.658672,-73.90019,"{'latitude': '40.658672', 'longitude': '-73.90019', 'human_address': '{""address"": """", ""city"": """", ""state"": """", ""zip"": """"}'}",Unknown,Unknown,Unknown,Unknown,Unknown,Unknown,Unknown,0.0,0.0,0.0,0.0,0.0,0.0,0.0,0.0,0.0,0.0,0.0,0.0,0.0,0.0,0.0,0.0,0.0,0.0,0.0,0.0,0.0,0.0,0.0,0.0,0.0,0.0,0.0,0.0,0.0,0.0,0.0,0.0,0.0,0.0,0.0,0.0,0.0,0.0,0.0,0.0,0.0,0.0,0.0,0.0,1,11,Friday,4,0,0