crash_date,crash_time,on_street_name,off_street_name,number_of_persons_injured,number_of_persons_killed,number_of_pedestrians_injured,number_of_pedestrians_killed,number_of_cyclist_injured,number_of_cyclist_killed,number_of_motorist_injured,number_of_motorist_killed,contributing_factor_vehicle_1,contributing_factor_vehicle_2,collision_id,vehicle_type_code1,vehicle_type_code2,borough,zip_code,latitude,longitude,location,contributing_factor_vehicle_3,vehicle_type_code_3,cross_street_name,contributing_factor_vehicle_4,vehicle_type_code_4,contributing_factor_vehicle_5,vehicle_type_code_5,unique_id,crash_date_veh,crash_time_veh,vehicle_id,state_registration,vehicle_type,contributing_factor_1,vehicle_make,vehicle_year,travel_direction,vehicle_occupants,driver_sex,driver_license_status,driver_license_jurisdiction,pre_crash,point_of_impact,vehicle_damage,public_property_damage,contributing_factor_2,vehicle_damage_1,vehicle_damage_2,vehicle_damage_3,vehicle_model,public_property_damage_type,unique_id_pers,crash_date_pers,crash_time_pers,person_id,person_type,person_injury,vehicle_id_pers,ped_role,person_sex,person_age,ejection,emotional_status,bodily_injury,position_in_vehicle,safety_equipment,complaint,ped_location,ped_action,contributing_factor_1_pers,contributing_factor_2_pers,injury_occurred,crash_hour,day_of_week,month,rush_hour,is_weekend
2021-04-15,1900-01-01 22:50:00,CROSS ISLAND PARKWAY,HEMPSTEAD AVENUE,0,0,0,0,0,0,0,0,Unspecified,Unspecified,4407691,Station Wagon/Sport Utility Vehicle,Unknown,Unknown,0.0,40.711227,-73.72826,"{'latitude': '40.711227', 'longitude': '-73.72826', 'human_address': '{""address"": """", ""city"": """", ""state"": """", ""zip"": """"}'}",Unknown,Unknown,Unknown,Unknown,Unknown,Unknown,Unknown,0.0,0.0,0.0,0.0,0.0,0.0,0.0,0.0,0.0,0.0,0.0,0.0,0.0,0.0,0.0,0.0,0.0,0.0,0.0,0.0,0.0,0.0,0.0,0.0,0.0,0.0,0.0,0.0,0.0,0.0,0.0,0.0,0.0,0.0,0.0,0.0,0.0,0.0,0.0,0.0,0.0,0.0,0.0,0.0,0,22,Thursday,4,0,0
2021-04-14,1900-01-01 13:07:00,BUSHWICK AVENUE,GARDEN STREET,1,0,0,0,1,0,0,0,Following Too Closely,Unspecified,4407353,Bike,Station Wagon/Sport Utility Vehicle,BROOKLYN,11206.0,40.700485,-73.93637,"{'latitude': '40.700485', 'longitude': '-73.93637', 'human_address': '{""address"": """", ""city"": """", ""state"": """", ""zip"": """"}'}",Unknown,Unknown,Unknown,Unknown,Unknown,Unknown,Unknown,0.0,0.0,0.0,0.0,0.0,0.0,0.0,0.0,0.0,0.0,0.0,0.0,0.0,0.0,0.0,0.0,0.0,0.0,0.0,0.0,0.0,0.0,0.0,0.0,0.0,0.0,0.0,0.0,0.0,0.0,0.0,0.0,0.0,0.0,0.0,0.0,0.0,0.0,0.0,0.0,0.0,0.0,0.0,0.0,1,13,Wednesday,4,0,0
2021-04-14,1900-01-01 18:49:00,Unknown,Unknown,0,0,0,0,0,0,0,0,Turning Improperly,Unspecified,4407433,Station Wagon/Sport Utility Vehicle,Unknown,BRONX,10455.0,40.816555,-73.91755,"{'latitude': '40.816555', 'longitude': '-73.91755', 'human_address': '{""address"": """", ""city"": """", ""state"": """", ""zip"": """"}'}",Unknown,Unknown,560       MELROSE AVENUE,Unknown,Unknown,Unknown,Unknown,0.0,0.0,0.0,0.0,0.0,0.0,0.0,0.0,0.0,0.0,0.0,0.0,0.0,0.0,0.0,0.0,0.0,0.0,0.0,0.0,0.0,0.0,0.0,0.0,0.0,0.0,0.0,0.0,0.0,0.0,0.0,0.0,0.0,0.0,0.0,0.0,0.0,0.0,0.0,0.0,0.0,0.0,0.0,0.0,0,18,Wednesday,4,1,0
2021-04-15,1900-01-01 22:35:00,WEST FORDHAM ROAD,Unknown,0,0,0,0,0,0,0,0,Traffic Control Disregarded,Traffic Control Disregarded,4407679,Sedan,Sedan,Unknown,0.0,40.861862,-73.91282,"{'latitude': '40.861862', 'longitude': '-73.91282', 'human_address': '{""address"": """", ""city"": """", ""state"": """", ""zip"": """"}'}",Unknown,Unknown,Unknown,Unknown,Unknown,Unknown,Unknown,0.0,0.0,0.0,0.0,0.0,0.0,0.0,0.0,0.0,0.0,0.0,0.0,0.0,0.0,0.0,0.0,0.0,0.0,0.0,0.0,0.0,0.0,0.0,0.0,0.0,0.0,0.0,0.0,0.0,0.0,0.0,0.0,0.0,0.0,0.0,0.0,0.0,0.0,0.0,0.0,0.0,0.0,0.0,0.0,0,22,Thursday,4,0,0
2021-04-14,1900-01-01 22:20:00,Unknown,Unknown,0,0,0,0,0,0,0,0,Other Vehicular,Unknown,4407566,Sedan,Unknown,BRONX,10469.0,40.875793,-73.85465,"{'latitude': '40.875793', 'longitude': '-73.85465', 'human_address': '{""address"": """", ""city"": """", ""state"": """", ""zip"": """"}'}",Unknown,Unknown,3574      LACONIA AVENUE,Unknown,Unknown,Unknown,Unknown,0.0,0.0,0.0,0.0,0.0,0.0,0.0,0.0,0.0,0.0,0.0,0.0,0.0,0.0,0.0,0.0,0.0,0.0,0.0,0.0,0.0,0.0,0.0,0.0,0.0,0.0,0.0,0.0,0.0,0.0,0.0,0.0,0.0,0.0,0.0,0.0,0.0,0.0,0.0,0.0,0.0,0.0,0.0,0.0,0,22,Wednesday,4,0,0
2021-04-16,1900-01-01 06:30:00,171 STREET,FOCH BOULEVARD,0,0,0,0,0,0,0,0,Unspecified,Unspecified,4408026,Sedan,Unknown,QUEENS,11434.0,40.68657,-73.776146,"{'latitude': '40.68657', 'longitude': '-73.776146', 'human_address': '{""address"": """", ""city"": """", ""state"": """", ""zip"": """"}'}",Unknown,Unknown,Unknown,Unknown,Unknown,Unknown,Unknown,0.0,0.0,0.0,0.0,0.0,0.0,0.0,0.0,0.0,0.0,0.0,0.0,0.0,0.0,0.0,0.0,0.0,0.0,0.0,0.0,0.0,0.0,0.0,0.0,0.0,0.0,0.0,0.0,0.0,0.0,0.0,0.0,0.0,0.0,0.0,0.0,0.0,0.0,0.0,0.0,0.0,0.0,0.0,0.0,0,6,Friday,4,0,0
2021-04-14,1900-01-01 17:30:00,Unknown,Unknown,0,0,0,0,0,0,0,0,Unspecified,Unknown,4407651,Sedan,Unknown,BROOKLYN,11232.0,40.654705,-74.00731,"{'latitude': '40.654705', 'longitude': '-74.00731', 'human_address': '{""address"": """", ""city"": """", ""state"": """", ""zip"": """"}'}",Unknown,Unknown,976       3 AVENUE,Unknown,Unknown,Unknown,Unknown,0.0,0.0,0.0,0.0,0.0,0.0,0.0,0.0,0.0,0.0,0.0,0.0,0.0,0.0,0.0,0.0,0.0,0.0,0.0,0.0,0.0,0.0,0.0,0.0,0.0,0.0,0.0,0.0,0.0,0.0,0.0,0.0,0.0,0.0,0.0,0.0,0.0,0.0,0.0,0.0,0.0,0.0,0.0,0.0,0,17,Wednesday,4,1,0
2021-04-14,1900-01-01 09:50:00,43 STREET,14 AVENUE,1,0,1,0,0,0,0,0,Unspecified,Unknown,4407296,Sedan,Unknown,BROOKLYN,11219.0,40.637054,-73.98643,"{'latitude': '40.637054', 'longitude': '-73.98643', 'human_address': '{""address"": """", ""city"": """", ""state"": """", ""zip"": """"}'}",Unknown,Unknown,Unknown,Unknown,Unknown,Unknown,Unknown,0.0,0.0,0.0,0.0,0.0,0.0,0.0,0.0,0.0,0.0,0.0,0.0,0.0,0.0,0.0,0.0,0.0,0.0,0.0,0.0,0.0,0.0,0.0,0.0,0.0,0.0,0.0,0.0,0.0,0.0,0.0,0.0,0.0,0.0,0.0,0.0,0.0,0.0,0.0,0.0,0.0,0.0,0.0,0.0,1,9,Wednesday,4,1,0
2021-04-16,1900-01-01 12:00:00,ARLENE COURT,JULES DRIVE,0,0,0,0,0,0,0,0,Driver Inattention/Distraction,Unspecified,4407826,Sedan,Sedan,Unknown,0.0,40.6191,-74.159615,"{'latitude': '40.6191', 'longitude': '-74.159615', 'human_address': '{""address"": """", ""city"": """", ""state"": """", ""zip"": """"}'}",Unspecified,Unknown,Unknown,Unknown,Unknown,Unknown,Unknown,0.0,0.0,0.0,0.0,0.0,0.0,0.0,0.0,0.0,0.0,0.0,0.0,0.0,0.0,0.0,0.0,0.0,0.0,0.0,0.0,0.0,0.0,0.0,0.0,0.0,0.0,0.0,0.0,0.0,0.0,0.0,0.0,0.0,0.0,0.0,0.0,0.0,0.0,0.0,0.0,0.0,0.0,0.0,0.0,0,12,Friday,4,0,0
2021-04-16,1900-01-01 11:30:00,BROOKLYN BATTERY TUNNEL,Unknown,0,0,0,0,0,0,0,0,Following Too Closely,Unspecified,4408186,Station Wagon/Sport Utility Vehicle,Station Wagon/Sport Utility Vehicle,Unknown,0.0,0.0,0.0,Unknown,Unknown,Unknown,Unknown,Unknown,Unknown,Unknown,Unknown,0.0,0.0,0.0,0.0,0.0,0.0,0.0,0.0,0.0,0.0,0.0,0.0,0.0,0.0,0.0,0.0,0.0,0.0,0.0,0.0,0.0,0.0,0.0,0.0,0.0,0.0,0.0,0.0,0.0,0.0,0.0,0.0,0.0,0.0,0.0,0.0,0.0,0.0,0.0,0.0,0.0,0.0,0.0,0.0,0,11,Friday,4,0,0
2021-04-14,1900-01-01 08:00:00,CROSS ISLAND PARKWAY,Unknown,0,0,0,0,0,0,0,0,Driver Inattention/Distraction,Unspecified,4407368,Bus,Sedan,Unknown,0.0,40.734566,-73.72269,"{'latitude': '40.734566', 'longitude': '-73.72269', 'human_address': '{""address"": """", ""city"": """", ""state"": """", ""zip"": """"}'}",Unspecified,Pick-up Truck,Unknown,Unknown,Unknown,Unknown,Unknown,0.0,0.0,0.0,0.0,0.0,0.0,0.0,0.0,0.0,0.0,0.0,0.0,0.0,0.0,0.0,0.0,0.0,0.0,0.0,0.0,0.0,0.0,0.0,0.0,0.0,0.0,0.0,0.0,0.0,0.0,0.0,0.0,0.0,0.0,0.0,0.0,0.0,0.0,0.0,0.0,0.0,0.0,0.0,0.0,0,8,Wednesday,4,1,0
2021-04-13,1900-01-01 09:35:00,LEONARD STREET,CONSELYEA STREET,1,0,0,0,0,0,1,0,Following Too Closely,Unspecified,4407804,Station Wagon/Sport Utility Vehicle,Station Wagon/Sport Utility Vehicle,BROOKLYN,11211.0,40.714912,-73.94784,"{'latitude': '40.714912', 'longitude': '-73.94784', 'human_address': '{""address"": """", ""city"": """", ""state"": """", ""zip"": """"}'}",Unknown,Unknown,Unknown,Unknown,Unknown,Unknown,Unknown,0.0,0.0,0.0,0.0,0.0,0.0,0.0,0.0,0.0,0.0,0.0,0.0,0.0,0.0,0.0,0.0,0.0,0.0,0.0,0.0,0.0,0.0,0.0,0.0,0.0,0.0,0.0,0.0,0.0,0.0,0.0,0.0,0.0,0.0,0.0,0.0,0.0,0.0,0.0,0.0,0.0,0.0,0.0,0.0,1,9,Tuesday,4,1,0
2021-04-14,1900-01-01 06:10:00,ROOSEVELT AVENUE,79 STREET,0,0,0,0,0,0,0,0,Pedestrian/Bicyclist/Other Pedestrian Error/Confusion,Unspecified,4407242,Station Wagon/Sport Utility Vehicle,Bike,QUEENS,11372.0,40.74734,-73.88673,"{'latitude': '40.74734', 'longitude': '-73.88673', 'human_address': '{""address"": """", ""city"": """", ""state"": """", ""zip"": """"}'}",Unknown,Unknown,Unknown,Unknown,Unknown,Unknown,Unknown,0.0,0.0,0.0,0.0,0.0,0.0,0.0,0.0,0.0,0.0,0.0,0.0,0.0,0.0,0.0,0.0,0.0,0.0,0.0,0.0,0.0,0.0,0.0,0.0,0.0,0.0,0.0,0.0,0.0,0.0,0.0,0.0,0.0,0.0,0.0,0.0,0.0,0.0,0.0,0.0,0.0,0.0,0.0,0.0,0,6,Wednesday,4,0,0
2021-04-16,1900-01-01 18:18:00,PARK AVENUE,NORTH OXFORD STREET,0,0,0,0,0,0,0,0,Driver Inattention/Distraction,Unspecified,4407858,Sedan,Station Wagon/Sport Utility Vehicle,BROOKLYN,11205.0,40.6963,-73.97545,"{'latitude': '40.6963', 'longitude': '-73.97545', 'human_address': '{""address"": """", ""city"": """", ""state"": """", ""zip"": """"}'}",Unknown,Unknown,Unknown,Unknown,Unknown,Unknown,Unknown,0.0,0.0,0.0,0.0,0.0,0.0,0.0,0.0,0.0,0.0,0.0,0.0,0.0,0.0,0.0,0.0,0.0,0.0,0.0,0.0,0.0,0.0,0.0,0.0,0.0,0.0,0.0,0.0,0.0,0.0,0.0,0.0,0.0,0.0,0.0,0.0,0.0,0.0,0.0,0.0,0.0,0.0,0.0,0.0,0,18,Friday,4,1,0
2021-04-16,1900-01-01 09:40:00,Unknown,Unknown,1,0,1,0,0,0,0,0,Unspecified,Unknown,4407795,Sedan,Unknown,BROOKLYN,11236.0,40.63598,-73.915146,"{'latitude': '40.63598', 'longitude': '-73.915146', 'human_address': '{""address"": """", ""city"": """", ""state"": """", ""zip"": """"}'}",Unknown,Unknown,756       EAST 79 STREET,Unknown,Unknown,Unknown,Unknown,0.0,0.0,0.0,0.0,0.0,0.0,0.0,0.0,0.0,0.0,0.0,0.0,0.0,0.0,0.0,0.0,0.0,0.0,0.0,0.0,0.0,0.0,0.0,0.0,0.0,0.0,0.0,0.0,0.0,0.0,0.0,0.0,0.0,0.0,0.0,0.0,0.0,0.0,0.0,0.0,0.0,0.0,0.0,0.0,1,9,Friday,4,1,0
2021-04-14,1900-01-01 12:00:00,91 AVENUE,218 STREET,1,0,0,0,0,0,1,0,Traffic Control Disregarded,Unspecified,4407347,Sedan,Station Wagon/Sport Utility Vehicle,QUEENS,11428.0,40.724358,-73.742516,"{'latitude': '40.724358', 'longitude': '-73.742516', 'human_address': '{""address"": """", ""city"": """", ""state"": """", ""zip"": """"}'}",Unknown,Unknown,Unknown,Unknown,Unknown,Unknown,Unknown,0.0,0.0,0.0,0.0,0.0,0.0,0.0,0.0,0.0,0.0,0.0,0.0,0.0,0.0,0.0,0.0,0.0,0.0,0.0,0.0,0.0,0.0,0.0,0.0,0.0,0.0,0.0,0.0,0.0,0.0,0.0,0.0,0.0,0.0,0.0,0.0,0.0,0.0,0.0,0.0,0.0,0.0,0.0,0.0,1,12,Wednesday,4,0,0
2016-04-16,1900-01-01 14:20:00,WEST 17 STREET,BAY 50 STREET,0,0,0,0,0,0,0,0,Driver Inattention/Distraction,Unspecified,4408059,Sedan,Station Wagon/Sport Utility Vehicle,BROOKLYN,11214.0,40.586277,-73.9862,"{'latitude': '40.586277', 'longitude': '-73.9862', 'human_address': '{""address"": """", ""city"": """", ""state"": """", ""zip"": """"}'}",Unknown,Unknown,Unknown,Unknown,Unknown,Unknown,Unknown,0.0,0.0,0.0,0.0,0.0,0.0,0.0,0.0,0.0,0.0,0.0,0.0,0.0,0.0,0.0,0.0,0.0,0.0,0.0,0.0,0.0,0.0,0.0,0.0,0.0,0.0,0.0,0.0,0.0,0.0,0.0,0.0,0.0,0.0,0.0,0.0,0.0,0.0,0.0,0.0,0.0,0.0,0.0,0.0,0,14,Saturday,4,0,1
2021-04-16,1900-01-01 01:30:00,NORTH CONDUIT AVENUE,Unknown,0,0,0,0,0,0,0,0,Unsafe Lane Changing,Unspecified,4407715,Sedan,Unknown,Unknown,0.0,40.671932,-73.85165,"{'latitude': '40.671932', 'longitude': '-73.85165', 'human_address': '{""address"": """", ""city"": """", ""state"": """", ""zip"": """"}'}",Unknown,Unknown,Unknown,Unknown,Unknown,Unknown,Unknown,0.0,0.0,0.0,0.0,0.0,0.0,0.0,0.0,0.0,0.0,0.0,0.0,0.0,0.0,0.0,0.0,0.0,0.0,0.0,0.0,0.0,0.0,0.0,0.0,0.0,0.0,0.0,0.0,0.0,0.0,0.0,0.0,0.0,0.0,0.0,0.0,0.0,0.0,0.0,0.0,0.0,0.0,0.0,0.0,0,1,Friday,4,0,0
2021-04-10,1900-01-01 23:05:00,RALPH AVENUE,SNYDER AVENUE,0,0,0,0,0,0,0,0,Driver Inattention/Distraction,Unspecified,4408114,Station Wagon/Sport Utility Vehicle,Sedan,BROOKLYN,11236.0,40.650703,-73.920586,"{'latitude': '40.650703', 'longitude': '-73.920586', 'human_address': '{""address"": """", ""city"": """", ""state"": """", ""zip"": """"}'}",Unknown,Unknown,Unknown,Unknown,Unknown,Unknown,Unknown,0.0,0.0,0.0,0.0,0.0,0.0,0.0,0.0,0.0,0.0,0.0,0.0,0.0,0.0,0.0,0.0,0.0,0.0,0.0,0.0,0.0,0.0,0.0,0.0,0.0,0.0,0.0,0.0,0.0,0.0,0.0,0.0,0.0,0.0,0.0,0.0,0.0,0.0,0.0,0.0,0.0,0.0,0.0,0.0,0,23,Saturday,4,0,1
2021-04-14,1900-01-01 05:32:00,BRONX WHITESTONE BRIDGE,Unknown,0,0,0,0,0,0,0,0,Following Too Closely,Unspecified,4407480,Sedan,Sedan,Unknown,0.0,0.0,0.0,Unknown,Unknown,Unknown,Unknown,Unknown,Unknown,Unknown,Unknown,0.0,0.0,0.0,0.0,0.0,0.0,0.0,0.0,0.0,0.0,0.0,0.0,0.0,0.0,0.0,0.0,0.0,0.0,0.0,0.0,0.0,0.0,0.0,0.0,0.0,0.0,0.0,0.0,0.0,0.0,0.0,0.0,0.0,0.0,0.0,0.0,0.0,0.0,0.0,0.0,0.0,0.0,0.0,0.0,0,5,Wednesday,4,0,0
2021-04-16,1900-01-01 06:49:00,Unknown,Unknown,0,0,0,0,0,0,0,0,Passing Too Closely,Passing Too Closely,4408312,Bus,Sedan,STATEN ISLAND,10305.0,40.61378,-74.07225,"{'latitude': '40.61378', 'longitude': '-74.07225', 'human_address': '{""address"": """", ""city"": """", ""state"": """", ""zip"": """"}'}",Unknown,Unknown,490       TOMPKINS AVENUE,Unknown,Unknown,Unknown,Unknown,0.0,0.0,0.0,0.0,0.0,0.0,0.0,0.0,0.0,0.0,0.0,0.0,0.0,0.0,0.0,0.0,0.0,0.0,0.0,0.0,0.0,0.0,0.0,0.0,0.0,0.0,0.0,0.0,0.0,0.0,0.0,0.0,0.0,0.0,0.0,0.0,0.0,0.0,0.0,0.0,0.0,0.0,0.0,0.0,0,6,Friday,4,0,0
2021-04-15,1900-01-01 22:15:00,54 AVENUE,63 STREET,0,0,0,0,0,0,0,0,Unsafe Speed,Unspecified,4407922,Sedan,Sedan,QUEENS,11378.0,40.727375,-73.90313,"{'latitude': '40.727375', 'longitude': '-73.90313', 'human_address': '{""address"": """", ""city"": """", ""state"": """", ""zip"": """"}'}",Unknown,Unknown,Unknown,Unknown,Unknown,Unknown,Unknown,0.0,0.0,0.0,0.0,0.0,0.0,0.0,0.0,0.0,0.0,0.0,0.0,0.0,0.0,0.0,0.0,0.0,0.0,0.0,0.0,0.0,0.0,0.0,0.0,0.0,0.0,0.0,0.0,0.0,0.0,0.0,0.0,0.0,0.0,0.0,0.0,0.0,0.0,0.0,0.0,0.0,0.0,0.0,0.0,0,22,Thursday,4,0,0
2021-04-14,1900-01-01 15:10:00,LINCOLN AVENUE,KISWICK STREET,0,0,0,0,0,0,0,0,Traffic Control Disregarded,Unspecified,4407342,Station Wagon/Sport Utility Vehicle,Station Wagon/Sport Utility Vehicle,STATEN ISLAND,10306.0,40.573204,-74.09711,"{'latitude': '40.573204', 'longitude': '-74.09711', 'human_address': '{""address"": """", ""city"": """", ""state"": """", ""zip"": """"}'}",Unknown,Unknown,Unknown,Unknown,Unknown,Unknown,Unknown,0.0,0.0,0.0,0.0,0.0,0.0,0.0,0.0,0.0,0.0,0.0,0.0,0.0,0.0,0.0,0.0,0.0,0.0,0.0,0.0,0.0,0.0,0.0,0.0,0.0,0.0,0.0,0.0,0.0,0.0,0.0,0.0,0.0,0.0,0.0,0.0,0.0,0.0,0.0,0.0,0.0,0.0,0.0,0.0,0,15,Wednesday,4,0,0
2021-04-16,1900-01-01 17:04:00,VERRAZANO BRIDGE UPPER,Unknown,0,0,0,0,0,0,0,0,Following Too Closely,Unspecified,4407882,Sedan,Sedan,Unknown,0.0,0.0,0.0,Unknown,Unspecified,Unknown,Unknown,Unknown,Unknown,Unknown,Unknown,0.0,0.0,0.0,0.0,0.0,0.0,0.0,0.0,0.0,0.0,0.0,0.0,0.0,0.0,0.0,0.0,0.0,0.0,0.0,0.0,0.0,0.0,0.0,0.0,0.0,0.0,0.0,0.0,0.0,0.0,0.0,0.0,0.0,0.0,0.0,0.0,0.0,0.0,0.0,0.0,0.0,0.0,0.0,0.0,0,17,Friday,4,1,0
2021-04-15,1900-01-01 13:30:00,BLAKE AVENUE,Unknown,0,0,0,0,0,0,0,0,Unspecified,Unspecified,4407748,Sedan,Sedan,Unknown,0.0,40.671604,-73.86907,"{'latitude': '40.671604', 'longitude': '-73.86907', 'human_address': '{""address"": """", ""city"": """", ""state"": """", ""zip"": """"}'}",Unknown,Unknown,Unknown,Unknown,Unknown,Unknown,Unknown,0.0,0.0,0.0,0.0,0.0,0.0,0.0,0.0,0.0,0.0,0.0,0.0,0.0,0.0,0.0,0.0,0.0,0.0,0.0,0.0,0.0,0.0,0.0,0.0,0.0,0.0,0.0,0.0,0.0,0.0,0.0,0.0,0.0,0.0,0.0,0.0,0.0,0.0,0.0,0.0,0.0,0.0,0.0,0.0,0,13,Thursday,4,0,0
2021-04-15,1900-01-01 16:50:00,38 STREET,48 AVENUE,0,0,0,0,0,0,0,0,Driver Inattention/Distraction,Driver Inattention/Distraction,4407619,Pick-up Truck,Station Wagon/Sport Utility Vehicle,QUEENS,11101.0,40.740276,-73.92782,"{'latitude': '40.740276', 'longitude': '-73.92782', 'human_address': '{""address"": """", ""city"": """", ""state"": """", ""zip"": """"}'}",Unknown,Unknown,Unknown,Unknown,Unknown,Unknown,Unknown,0.0,0.0,0.0,0.0,0.0,0.0,0.0,0.0,0.0,0.0,0.0,0.0,0.0,0.0,0.0,0.0,0.0,0.0,0.0,0.0,0.0,0.0,0.0,0.0,0.0,0.0,0.0,0.0,0.0,0.0,0.0,0.0,0.0,0.0,0.0,0.0,0.0,0.0,0.0,0.0,0.0,0.0,0.0,0.0,0,16,Thursday,4,1,0
2021-04-14,1900-01-01 16:02:00,TRIBOROUGH BRIDGE,Unknown,0,0,0,0,0,0,0,0,Following Too Closely,Unspecified,4407534,Sedan,Sedan,Unknown,0.0,0.0,0.0,Unknown,Unspecified,Station Wagon/Sport Utility Vehicle,Unknown,Unspecified,Unknown,Unknown,Unknown,0.0,0.0,0.0,0.0,0.0,0.0,0.0,0.0,0.0,0.0,0.0,0.0,0.0,0.0,0.0,0.0,0.0,0.0,0.0,0.0,0.0,0.0,0.0,0.0,0.0,0.0,0.0,0.0,0.0,0.0,0.0,0.0,0.0,0.0,0.0,0.0,0.0,0.0,0.0,0.0,0.0,0.0,0.0,0.0,0,16,Wednesday,4,1,0
2021-04-06,1900-01-01 15:02:00,PUTNAM AVENUE,NOSTRAND AVENUE,0,0,0,0,0,0,0,0,Passing Too Closely,Unspecified,4408297,Station Wagon/Sport Utility Vehicle,Unknown,BROOKLYN,11216.0,40.684,-73.95031,"{'latitude': '40.684', 'longitude': '-73.95031', 'human_address': '{""address"": """", ""city"": """", ""state"": """", ""zip"": """"}'}",Unknown,Unknown,Unknown,Unknown,Unknown,Unknown,Unknown,0.0,0.0,0.0,0.0,0.0,0.0,0.0,0.0,0.0,0.0,0.0,0.0,0.0,0.0,0.0,0.0,0.0,0.0,0.0,0.0,0.0,0.0,0.0,0.0,0.0,0.0,0.0,0.0,0.0,0.0,0.0,0.0,0.0,0.0,0.0,0.0,0.0,0.0,0.0,0.0,0.0,0.0,0.0,0.0,0,15,Tuesday,4,0,0
2021-04-15,1900-01-01 15:00:00,VAN WYCK EXPWY,Unknown,1,0,0,0,0,0,1,0,Following Too Closely,Unspecified,4407763,Station Wagon/Sport Utility Vehicle,Pick-up Truck,Unknown,0.0,40.704494,-73.81743,"{'latitude': '40.704494', 'longitude': '-73.81743', 'human_address': '{""address"": """", ""city"": """", ""state"": """", ""zip"": """"}'}",Unknown,Unknown,Unknown,Unknown,Unknown,Unknown,Unknown,0.0,0.0,0.0,0.0,0.0,0.0,0.0,0.0,0.0,0.0,0.0,0.0,0.0,0.0,0.0,0.0,0.0,0.0,0.0,0.0,0.0,0.0,0.0,0.0,0.0,0.0,0.0,0.0,0.0,0.0,0.0,0.0,0.0,0.0,0.0,0.0,0.0,0.0,0.0,0.0,0.0,0.0,0.0,0.0,1,15,Thursday,4,0,0
2021-04-16,1900-01-01 06:50:00,WEBSTER AVENUE,Unknown,0,0,0,0,0,0,0,0,Unsafe Lane Changing,Unspecified,4408005,Sedan,Sedan,Unknown,0.0,40.845642,-73.90211,"{'latitude': '40.845642', 'longitude': '-73.90211', 'human_address': '{""address"": """", ""city"": """", ""state"": """", ""zip"": """"}'}",Unknown,Unknown,Unknown,Unknown,Unknown,Unknown,Unknown,0.0,0.0,0.0,0.0,0.0,0.0,0.0,0.0,0.0,0.0,0.0,0.0,0.0,0.0,0.0,0.0,0.0,0.0,0.0,0.0,0.0,0.0,0.0,0.0,0.0,0.0,0.0,0.0,0.0,0.0,0.0,0.0,0.0,0.0,0.0,0.0,0.0,0.0,0.0,0.0,0.0,0.0,0.0,0.0,0,6,Friday,4,0,0
2021-04-14,1900-01-01 10:16:00,Leonard street,Wallabout Street,1,0,0,0,1,0,0,0,Driver Inattention/Distraction,Driver Inattention/Distraction,4407390,Station Wagon/Sport Utility Vehicle,Bike,Unknown,0.0,0.0,0.0,Unknown,Unknown,Unknown,Unknown,Unknown,Unknown,Unknown,Unknown,0.0,0.0,0.0,0.0,0.0,0.0,0.0,0.0,0.0,0.0,0.0,0.0,0.0,0.0,0.0,0.0,0.0,0.0,0.0,0.0,0.0,0.0,0.0,0.0,0.0,0.0,0.0,0.0,0.0,0.0,0.0,0.0,0.0,0.0,0.0,0.0,0.0,0.0,0.0,0.0,0.0,0.0,0.0,0.0,1,10,Wednesday,4,0,0
2021-04-15,1900-01-01 05:36:00,BRUCKNER EXPRESSWAY,Unknown,0,0,0,0,0,0,0,0,Following Too Closely,Unspecified,4407504,Station Wagon/Sport Utility Vehicle,Sedan,Unknown,0.0,40.82681,-73.85361,"{'latitude': '40.82681', 'longitude': '-73.85361', 'human_address': '{""address"": """", ""city"": """", ""state"": """", ""zip"": """"}'}",Unknown,Unknown,Unknown,Unknown,Unknown,Unknown,Unknown,0.0,0.0,0.0,0.0,0.0,0.0,0.0,0.0,0.0,0.0,0.0,0.0,0.0,0.0,0.0,0.0,0.0,0.0,0.0,0.0,0.0,0.0,0.0,0.0,0.0,0.0,0.0,0.0,0.0,0.0,0.0,0.0,0.0,0.0,0.0,0.0,0.0,0.0,0.0,0.0,0.0,0.0,0.0,0.0,0,5,Thursday,4,0,0