crash_date,crash_time,on_street_name,off_street_name,number_of_persons_injured,number_of_persons_killed,number_of_pedestrians_injured,number_of_pedestrians_killed,number_of_cyclist_injured,number_of_cyclist_killed,number_of_motorist_injured,number_of_motorist_killed,contributing_factor_vehicle_1,contributing_factor_vehicle_2,collision_id,vehicle_type_code1,vehicle_type_code2,borough,zip_code,latitude,longitude,location,contributing_factor_vehicle_3,vehicle_type_code_3,cross_street_name,contributing_factor_vehicle_4,vehicle_type_code_4,contributing_factor_vehicle_5,vehicle_type_code_5,unique_id,crash_date_veh,crash_time_veh,vehicle_id,state_registration,vehicle_type,contributing_factor_1,vehicle_make,vehicle_year,travel_direction,vehicle_occupants,driver_sex,driver_license_status,driver_license_jurisdiction,pre_crash,point_of_impact,vehicle_damage,public_property_damage,contributing_factor_2,vehicle_damage_1,vehicle_damage_2,vehicle_damage_3,vehicle_model,public_property_damage_type,unique_id_pers,crash_date_pers,crash_time_pers,person_id,person_type,person_injury,vehicle_id_pers,ped_role,person_sex,person_age,ejection,emotional_status,bodily_injury,position_in_vehicle,safety_equipment,complaint,ped_location,ped_action,contributing_factor_1_pers,contributing_factor_2_pers,injury_occurred,crash_hour,day_of_week,month,rush_hour,is_weekend
2021-04-16,1900-01-01 15:04:00,GOWANUS EXPY (BQE),Unknown,2,0,0,0,0,0,2,0,Following Too Closely,Unspecified,4407965,Sedan,Sedan,Unknown,0.0,40.667683,-73.99608,"{'latitude': '40.667683', 'longitude': '-73.99608', 'human_address': '{""address"": """", ""city"": """", ""state"": """", ""zip"": """"}'}",Unknown,Unknown,Unknown,Unknown,Unknown,Unknown,Unknown,0.0,0.0,0.0,0.0,0.0,0.0,0.0,0.0,0.0,0.0,0.0,0.0,0.0,0.0,0.0,0.0,0.0,0.0,0.0,0.0,0.0,0.0,0.0,0.0,0.0,0.0,0.0,0.0,0.0,0.0,0.0,0.0,0.0,0.0,0.0,0.0,0.0,0.0,0.0,0.0,0.0,0.0,0.0,0.0,1,15,Friday,4,0,0
2021-04-14,1900-01-01 18:10:00,FARRAGUT ROAD,OCEAN AVENUE,0,0,0,0,0,0,0,0,Unspecified,Unknown,4407450,Sedan,Unknown,BROOKLYN,11230.0,40.63529,-73.958206,"{'latitude': '40.63529', 'longitude': '-73.958206', 'human_address': '{""address"": """", ""city"": """", ""state"": """", ""zip"": """"}'}",Unknown,Unknown,Unknown,Unknown,Unknown,Unknown,Unknown,0.0,0.0,0.0,0.0,0.0,0.0,0.0,0.0,0.0,0.0,0.0,0.0,0.0,0.0,0.0,0.0,0.0,0.0,0.0,0.0,0.0,0.0,0.0,0.0,0.0,0.0,0.0,0.0,0.0,0.0,0.0,0.0,0.0,0.0,0.0,0.0,0.0,0.0,0.0,0.0,0.0,0.0,0.0,0.0,0,18,Wednesday,4,1,0
2021-04-13,1900-01-01 13:00:00,Unknown,Unknown,0,0,0,0,0,0,0,0,Unspecified,Unknown,4407812,Sedan,Unknown,BROOKLYN,11249.0,40.71772,-73.96202,"{'latitude': '40.71772', 'longitude': '-73.96202', 'human_address': '{""address"": """", ""city"": """", ""state"": """", ""zip"": """"}'}",Unknown,Unknown,76        NORTH 4 STREET,Unknown,Unknown,Unknown,Unknown,0.0,0.0,0.0,0.0,0.0,0.0,0.0,0.0,0.0,0.0,0.0,0.0,0.0,0.0,0.0,0.0,0.0,0.0,0.0,0.0,0.0,0.0,0.0,0.0,0.0,0.0,0.0,0.0,0.0,0.0,0.0,0.0,0.0,0.0,0.0,0.0,0.0,0.0,0.0,0.0,0.0,0.0,0.0,0.0,0,13,Tuesday,4,0,0
2021-04-16,1900-01-01 15:20:00,HENRY HUDSON PARKWAY,Unknown,4,0,0,0,0,0,4,0,Other Vehicular,Unspecified,4408163,Station Wagon/Sport Utility Vehicle,Station Wagon/Sport Utility Vehicle,Unknown,0.0,40.857605,-73.93778,"{'latitude': '40.857605', 'longitude': '-73.93778', 'human_address': '{""address"": """", ""city"": """", ""state"": """", ""zip"": """"}'}",Unknown,Unknown,Unknown,Unknown,Unknown,Unknown,Unknown,0.0,0.0,0.0,0.0,0.0,0.0,0.0,0.0,0.0,0.0,0.0,0.0,0.0,0.0,0.0,0.0,0.0,0.0,0.0,0.0,0.0,0.0,0.0,0.0,0.0,0.0,0.0,0.0,0.0,0.0,0.0,0.0,0.0,0.0,0.0,0.0,0.0,0.0,0.0,0.0,0.0,0.0,0.0,0.0,1,15,Friday,4,0,0
2021-04-16,1900-01-01 18:25:00,WEST 35 STREET,Unknown,0,0,0,0,0,0,0,0,Traffic Control Disregarded,Unspecified,4408276,Station Wagon/Sport Utility Vehicle,Sedan,Unknown,0.0,40.7491,-73.984085,"{'latitude': '40.7491', 'longitude': '-73.984085', 'human_address': '{""address"": """", ""city"": """", ""state"": """", ""zip"": """"}'}",Unknown,Unknown,Unknown,Unknown,Unknown,Unknown,Unknown,0.0,0.0,0.0,0.0,0.0,0.0,0.0,0.0,0.0,0.0,0.0,0.0,0.0,0.0,0.0,0.0,0.0,0.0,0.0,0.0,0.0,0.0,0.0,0.0,0.0,0.0,0.0,0.0,0.0,0.0,0.0,0.0,0.0,0.0,0.0,0.0,0.0,0.0,0.0,0.0,0.0,0.0,0.0,0.0,0,18,Friday,4,1,0
2021-04-15,1900-01-01 17:03:00,KINGSTON PLACE,HOME LAWN STREET,1,0,0,0,0,0,1,0,Driver Inattention/Distraction,Unknown,4407676,Sedan,Unknown,QUEENS,11432.0,40.71493,-73.79316,"{'latitude': '40.71493', 'longitude': '-73.79316', 'human_address': '{""address"": """", ""city"": """", ""state"": """", ""zip"": """"}'}",Unknown,Unknown,Unknown,Unknown,Unknown,Unknown,Unknown,0.0,0.0,0.0,0.0,0.0,0.0,0.0,0.0,0.0,0.0,0.0,0.0,0.0,0.0,0.0,0.0,0.0,0.0,0.0,0.0,0.0,0.0,0.0,0.0,0.0,0.0,0.0,0.0,0.0,0.0,0.0,0.0,0.0,0.0,0.0,0.0,0.0,0.0,0.0,0.0,0.0,0.0,0.0,0.0,1,17,Thursday,4,1,0
2021-04-16,1900-01-01 08:40:00,NORFOLK STREET,Unknown,0,0,0,0,0,0,0,0,Passing Too Closely,Unspecified,4407868,Box Truck,Sedan,Unknown,0.0,40.721985,-73.98552,"{'latitude': '40.721985', 'longitude': '-73.98552', 'human_address': '{""address"": """", ""city"": """", ""state"": """", ""zip"": """"}'}",Unknown,Unknown,Unknown,Unknown,Unknown,Unknown,Unknown,0.0,0.0,0.0,0.0,0.0,0.0,0.0,0.0,0.0,0.0,0.0,0.0,0.0,0.0,0.0,0.0,0.0,0.0,0.0,0.0,0.0,0.0,0.0,0.0,0.0,0.0,0.0,0.0,0.0,0.0,0.0,0.0,0.0,0.0,0.0,0.0,0.0,0.0,0.0,0.0,0.0,0.0,0.0,0.0,0,8,Friday,4,1,0
2021-09-08,1900-01-01 18:00:00,Unknown,Unknown,0,0,0,0,0,0,0,0,Failure to Yield Right-of-Way,Unspecified,4456784,Sedan,Sedan,Unknown,0.0,40.5843,-74.16492,"{'latitude': '40.5843', 'longitude': '-74.16492', 'human_address': '{""address"": """", ""city"": """", ""state"": """", ""zip"": """"}'}",Unknown,Unknown,112       RICHMOND HILL ROAD,Unknown,Unknown,Unknown,Unknown,0.0,0.0,0.0,0.0,0.0,0.0,0.0,0.0,0.0,0.0,0.0,0.0,0.0,0.0,0.0,0.0,0.0,0.0,0.0,0.0,0.0,0.0,0.0,0.0,0.0,0.0,0.0,0.0,0.0,0.0,0.0,0.0,0.0,0.0,0.0,0.0,0.0,0.0,0.0,0.0,0.0,0.0,0.0,0.0,0,18,Wednesday,9,1,0
2021-04-16,1900-01-01 15:00:00,ATLANTIC AVENUE,Unknown,0,0,0,0,0,0,0,0,Backing Unsafely,Unspecified,4408111,Bus,Sedan,Unknown,0.0,40.67983,-73.9583,"{'latitude': '40.67983', 'longitude': '-73.9583', 'human_address': '{""address"": """", ""city"": """", ""state"": """", ""zip"": """"}'}",Unknown,Unknown,Unknown,Unknown,Unknown,Unknown,Unknown,0.0,0.0,0.0,0.0,0.0,0.0,0.0,0.0,0.0,0.0,0.0,0.0,0.0,0.0,0.0,0.0,0.0,0.0,0.0,0.0,0.0,0.0,0.0,0.0,0.0,0.0,0.0,0.0,0.0,0.0,0.0,0.0,0.0,0.0,0.0,0.0,0.0,0.0,0.0,0.0,0.0,0.0,0.0,0.0,0,15,Friday,4,0,0
2021-04-15,1900-01-01 14:54:00,GREENPOINT AVENUE,MANHATTAN AVENUE,0,0,0,0,0,0,0,0,Driver Inattention/Distraction,Unspecified,4407807,Box Truck,Sedan,BROOKLYN,11222.0,40.730198,-73.954254,"{'latitude': '40.730198', 'longitude': '-73.954254', 'human_address': '{""address"": """", ""city"": """", ""state"": """", ""zip"": """"}'}",Unknown,Unknown,Unknown,Unknown,Unknown,Unknown,Unknown,0.0,0.0,0.0,0.0,0.0,0.0,0.0,0.0,0.0,0.0,0.0,0.0,0.0,0.0,0.0,0.0,0.0,0.0,0.0,0.0,0.0,0.0,0.0,0.0,0.0,0.0,0.0,0.0,0.0,0.0,0.0,0.0,0.0,0.0,0.0,0.0,0.0,0.0,0.0,0.0,0.0,0.0,0.0,0.0,0,14,Thursday,4,0,0
2021-04-15,1900-01-01 09:30:00,WEST 135 STREET,Unknown,0,0,0,0,0,0,0,0,Unspecified,Unknown,4407706,Sedan,Unknown,Unknown,0.0,40.821117,-73.957466,"{'latitude': '40.821117', 'longitude': '-73.957466', 'human_address': '{""address"": """", ""city"": """", ""state"": """", ""zip"": """"}'}",Unknown,Unknown,Unknown,Unknown,Unknown,Unknown,Unknown,0.0,0.0,0.0,0.0,0.0,0.0,0.0,0.0,0.0,0.0,0.0,0.0,0.0,0.0,0.0,0.0,0.0,0.0,0.0,0.0,0.0,0.0,0.0,0.0,0.0,0.0,0.0,0.0,0.0,0.0,0.0,0.0,0.0,0.0,0.0,0.0,0.0,0.0,0.0,0.0,0.0,0.0,0.0,0.0,0,9,Thursday,4,1,0
2021-04-14,1900-01-01 23:26:00,MAJOR DEEGAN EXPRESSWAY,Unknown,0,0,0,0,0,0,0,0,Unsafe Speed,Reaction to Uninvolved Vehicle,4407456,Sedan,Sedan,Unknown,0.0,40.849167,-73.92393,"{'latitude': '40.849167', 'longitude': '-73.92393', 'human_address': '{""address"": """", ""city"": """", ""state"": """", ""zip"": """"}'}",Unknown,Unknown,Unknown,Unknown,Unknown,Unknown,Unknown,0.0,0.0,0.0,0.0,0.0,0.0,0.0,0.0,0.0,0.0,0.0,0.0,0.0,0.0,0.0,0.0,0.0,0.0,0.0,0.0,0.0,0.0,0.0,0.0,0.0,0.0,0.0,0.0,0.0,0.0,0.0,0.0,0.0,0.0,0.0,0.0,0.0,0.0,0.0,0.0,0.0,0.0,0.0,0.0,0,23,Wednesday,4,0,0
2021-04-13,1900-01-01 17:20:00,NEPTUNE AVENUE,Unknown,0,0,0,0,0,0,0,0,Driver Inattention/Distraction,Unspecified,4408050,Station Wagon/Sport Utility Vehicle,Sedan,Unknown,0.0,40.579826,-73.97622,"{'latitude': '40.579826', 'longitude': '-73.97622', 'human_address': '{""address"": """", ""city"": """", ""state"": """", ""zip"": """"}'}",Unknown,Unknown,Unknown,Unknown,Unknown,Unknown,Unknown,0.0,0.0,0.0,0.0,0.0,0.0,0.0,0.0,0.0,0.0,0.0,0.0,0.0,0.0,0.0,0.0,0.0,0.0,0.0,0.0,0.0,0.0,0.0,0.0,0.0,0.0,0.0,0.0,0.0,0.0,0.0,0.0,0.0,0.0,0.0,0.0,0.0,0.0,0.0,0.0,0.0,0.0,0.0,0.0,0,17,Tuesday,4,1,0
2021-04-15,1900-01-01 16:20:00,Unknown,Unknown,1,0,0,0,0,0,1,0,Other Vehicular,Following Too Closely,4407699,Sedan,Sedan,BROOKLYN,11217.0,40.681335,-73.97667,"{'latitude': '40.681335', 'longitude': '-73.97667', 'human_address': '{""address"": """", ""city"": """", ""state"": """", ""zip"": """"}'}",Unknown,Unknown,440       BERGEN STREET,Unknown,Unknown,Unknown,Unknown,0.0,0.0,0.0,0.0,0.0,0.0,0.0,0.0,0.0,0.0,0.0,0.0,0.0,0.0,0.0,0.0,0.0,0.0,0.0,0.0,0.0,0.0,0.0,0.0,0.0,0.0,0.0,0.0,0.0,0.0,0.0,0.0,0.0,0.0,0.0,0.0,0.0,0.0,0.0,0.0,0.0,0.0,0.0,0.0,1,16,Thursday,4,1,0
2021-04-15,1900-01-01 07:34:00,FDR DRIVE,Unknown,0,0,0,0,0,0,0,0,Reaction to Uninvolved Vehicle,Unspecified,4407605,Sedan,Sedan,Unknown,0.0,40.756725,-73.96,"{'latitude': '40.756725', 'longitude': '-73.96', 'human_address': '{""address"": """", ""city"": """", ""state"": """", ""zip"": """"}'}",Unknown,Unknown,Unknown,Unknown,Unknown,Unknown,Unknown,0.0,0.0,0.0,0.0,0.0,0.0,0.0,0.0,0.0,0.0,0.0,0.0,0.0,0.0,0.0,0.0,0.0,0.0,0.0,0.0,0.0,0.0,0.0,0.0,0.0,0.0,0.0,0.0,0.0,0.0,0.0,0.0,0.0,0.0,0.0,0.0,0.0,0.0,0.0,0.0,0.0,0.0,0.0,0.0,0,7,Thursday,4,1,0
2021-04-14,1900-01-01 02:10:00,Unknown,Unknown,0,0,0,0,0,0,0,0,Alcohol Involvement,Unspecified,4407135,Pick-up Truck,Sedan,QUEENS,11372.0,40.756557,-73.87594,"{'latitude': '40.756557', 'longitude': '-73.87594', 'human_address': '{""address"": """", ""city"": """", ""state"": """", ""zip"": """"}'}",Unspecified,Station Wagon/Sport Utility Vehicle,92-15     NORTHERN BOULEVARD,Unspecified,Sedan,Unknown,Unknown,0.0,0.0,0.0,0.0,0.0,0.0,0.0,0.0,0.0,0.0,0.0,0.0,0.0,0.0,0.0,0.0,0.0,0.0,0.0,0.0,0.0,0.0,0.0,0.0,0.0,0.0,0.0,0.0,0.0,0.0,0.0,0.0,0.0,0.0,0.0,0.0,0.0,0.0,0.0,0.0,0.0,0.0,0.0,0.0,0,2,Wednesday,4,0,0
2021-04-15,1900-01-01 15:30:00,DEWEY PLACE,HERKIMER STREET,0,0,0,0,0,0,0,0,Driver Inattention/Distraction,Unspecified,4407661,Sedan,Sedan,BROOKLYN,11233.0,40.67792,-73.9182,"{'latitude': '40.67792', 'longitude': '-73.9182', 'human_address': '{""address"": """", ""city"": """", ""state"": """", ""zip"": """"}'}",Unknown,Unknown,Unknown,Unknown,Unknown,Unknown,Unknown,0.0,0.0,0.0,0.0,0.0,0.0,0.0,0.0,0.0,0.0,0.0,0.0,0.0,0.0,0.0,0.0,0.0,0.0,0.0,0.0,0.0,0.0,0.0,0.0,0.0,0.0,0.0,0.0,0.0,0.0,0.0,0.0,0.0,0.0,0.0,0.0,0.0,0.0,0.0,0.0,0.0,0.0,0.0,0.0,0,15,Thursday,4,0,0
2021-04-14,1900-01-01 07:44:00,AVENUE U,RYDER STREET,0,0,0,0,0,0,0,0,Turning Improperly,Unspecified,4407930,Sedan,FDNY TRUCK,BROOKLYN,11234.0,40.607876,-73.92554,"{'latitude': '40.607876', 'longitude': '-73.92554', 'human_address': '{""address"": """", ""city"": """", ""state"": """", ""zip"": """"}'}",Unknown,Unknown,Unknown,Unknown,Unknown,Unknown,Unknown,0.0,0.0,0.0,0.0,0.0,0.0,0.0,0.0,0.0,0.0,0.0,0.0,0.0,0.0,0.0,0.0,0.0,0.0,0.0,0.0,0.0,0.0,0.0,0.0,0.0,0.0,0.0,0.0,0.0,0.0,0.0,0.0,0.0,0.0,0.0,0.0,0.0,0.0,0.0,0.0,0.0,0.0,0.0,0.0,0,7,Wednesday,4,1,0
2021-04-16,1900-01-01 15:16:00,BELT PARKWAY,Unknown,0,0,0,0,0,0,0,0,Following Too Closely,Unspecified,4407851,Sedan,Sedan,Unknown,0.0,40.607643,-74.03375,"{'latitude': '40.607643', 'longitude': '-74.03375', 'human_address': '{""address"": """", ""city"": """", ""state"": """", ""zip"": """"}'}",Unspecified,Station Wagon/Sport Utility Vehicle,Unknown,Unspecified,Unknown,Unknown,Unknown,0.0,0.0,0.0,0.0,0.0,0.0,0.0,0.0,0.0,0.0,0.0,0.0,0.0,0.0,0.0,0.0,0.0,0.0,0.0,0.0,0.0,0.0,0.0,0.0,0.0,0.0,0.0,0.0,0.0,0.0,0.0,0.0,0.0,0.0,0.0,0.0,0.0,0.0,0.0,0.0,0.0,0.0,0.0,0.0,0,15,Friday,4,0,0
2021-04-15,1900-01-01 13:45:00,OSBORNE AVENUE,RUSSELL STREET,0,0,0,0,0,0,0,0,Passing or Lane Usage Improper,Unspecified,4407844,Sedan,Station Wagon/Sport Utility Vehicle,STATEN ISLAND,10308.0,40.540188,-74.149,"{'latitude': '40.540188', 'longitude': '-74.149', 'human_address': '{""address"": """", ""city"": """", ""state"": """", ""zip"": """"}'}",Unknown,Unknown,Unknown,Unknown,Unknown,Unknown,Unknown,0.0,0.0,0.0,0.0,0.0,0.0,0.0,0.0,0.0,0.0,0.0,0.0,0.0,0.0,0.0,0.0,0.0,0.0,0.0,0.0,0.0,0.0,0.0,0.0,0.0,0.0,0.0,0.0,0.0,0.0,0.0,0.0,0.0,0.0,0.0,0.0,0.0,0.0,0.0,0.0,0.0,0.0,0.0,0.0,0,13,Thursday,4,0,0
2021-04-15,1900-01-01 00:00:00,Unknown,Unknown,0,0,0,0,0,0,0,0,Driver Inattention/Distraction,Unspecified,4407630,Station Wagon/Sport Utility Vehicle,Unknown,BROOKLYN,11209.0,40.616306,-74.03348,"{'latitude': '40.616306', 'longitude': '-74.03348', 'human_address': '{""address"": """", ""city"": """", ""state"": """", ""zip"": """"}'}",Unknown,Unknown,305       96 STREET,Unknown,Unknown,Unknown,Unknown,0.0,0.0,0.0,0.0,0.0,0.0,0.0,0.0,0.0,0.0,0.0,0.0,0.0,0.0,0.0,0.0,0.0,0.0,0.0,0.0,0.0,0.0,0.0,0.0,0.0,0.0,0.0,0.0,0.0,0.0,0.0,0.0,0.0,0.0,0.0,0.0,0.0,0.0,0.0,0.0,0.0,0.0,0.0,0.0,0,0,Thursday,4,0,0
2021-04-14,1900-01-01 19:40:00,FOREST PARK DRIVE,MYRTLE AVENUE,0,0,0,0,0,0,0,0,Other Vehicular,Failure to Yield Right-of-Way,4407383,Carry All,Station Wagon/Sport Utility Vehicle,Unknown,0.0,0.0,0.0,Unknown,Unknown,Unknown,Unknown,Unknown,Unknown,Unknown,Unknown,0.0,0.0,0.0,0.0,0.0,0.0,0.0,0.0,0.0,0.0,0.0,0.0,0.0,0.0,0.0,0.0,0.0,0.0,0.0,0.0,0.0,0.0,0.0,0.0,0.0,0.0,0.0,0.0,0.0,0.0,0.0,0.0,0.0,0.0,0.0,0.0,0.0,0.0,0.0,0.0,0.0,0.0,0.0,0.0,0,19,Wednesday,4,0,0
2021-04-13,1900-01-01 14:44:00,ROCKAWAY BEACH BOULEVARD,BEACH 102 STREET,1,0,0,0,0,0,1,0,Turning Improperly,Unspecified,4408202,Station Wagon/Sport Utility Vehicle,Station Wagon/Sport Utility Vehicle,Unknown,0.0,40.583874,-73.823044,"{'latitude': '40.583874', 'longitude': '-73.823044', 'human_address': '{""address"": """", ""city"": """", ""state"": """", ""zip"": """"}'}",Unspecified,Station Wagon/Sport Utility Vehicle,Unknown,Unspecified,Sedan,Unknown,Unknown,0.0,0.0,0.0,0.0,0.0,0.0,0.0,0.0,0.0,0.0,0.0,0.0,0.0,0.0,0.0,0.0,0.0,0.0,0.0,0.0,0.0,0.0,0.0,0.0,0.0,0.0,0.0,0.0,0.0,0.0,0.0,0.0,0.0,0.0,0.0,0.0,0.0,0.0,0.0,0.0,0.0,0.0,0.0,0.0,1,14,Tuesday,4,0,0
2021-04-14,1900-01-01 09:30:00,BAINBRIDGE AVENUE,EAST 208 STREET,0,0,0,0,0,0,0,0,Unsafe Lane Changing,Unspecified,4407516,FDNY Ambul,Pick-up Truck,BRONX,10467.0,40.877827,-73.879585,"{'latitude': '40.877827', 'longitude': '-73.879585', 'human_address': '{""address"": """", ""city"": """", ""state"": """", ""zip"": """"}'}",Unknown,Unknown,Unknown,Unknown,Unknown,Unknown,Unknown,0.0,0.0,0.0,0.0,0.0,0.0,0.0,0.0,0.0,0.0,0.0,0.0,0.0,0.0,0.0,0.0,0.0,0.0,0.0,0.0,0.0,0.0,0.0,0.0,0.0,0.0,0.0,0.0,0.0,0.0,0.0,0.0,0.0,0.0,0.0,0.0,0.0,0.0,0.0,0.0,0.0,0.0,0.0,0.0,0,9,Wednesday,4,1,0
2021-04-14,1900-01-01 13:20:00,QUEENS BOULEVARD,Unknown,1,0,0,0,0,0,1,0,Following Too Closely,Unspecified,4407317,Sedan,Station Wagon/Sport Utility Vehicle,Unknown,0.0,40.714554,-73.83147,"{'latitude': '40.714554', 'longitude': '-73.83147', 'human_address': '{""address"": """", ""city"": """", ""state"": """", ""zip"": """"}'}",Unknown,Unknown,Unknown,Unknown,Unknown,Unknown,Unknown,0.0,0.0,0.0,0.0,0.0,0.0,0.0,0.0,0.0,0.0,0.0,0.0,0.0,0.0,0.0,0.0,0.0,0.0,0.0,0.0,0.0,0.0,0.0,0.0,0.0,0.0,0.0,0.0,0.0,0.0,0.0,0.0,0.0,0.0,0.0,0.0,0.0,0.0,0.0,0.0,0.0,0.0,0.0,0.0,1,13,Wednesday,4,0,0
2021-04-15,1900-01-01 16:00:00,37 AVENUE,Unknown,0,0,0,0,0,0,0,0,Passing or Lane Usage Improper,Unspecified,4408210,Station Wagon/Sport Utility Vehicle,Garbage or Refuse,Unknown,0.0,40.763668,-73.82303,"{'latitude': '40.763668', 'longitude': '-73.82303', 'human_address': '{""address"": """", ""city"": """", ""state"": """", ""zip"": """"}'}",Unknown,Unknown,Unknown,Unknown,Unknown,Unknown,Unknown,0.0,0.0,0.0,0.0,0.0,0.0,0.0,0.0,0.0,0.0,0.0,0.0,0.0,0.0,0.0,0.0,0.0,0.0,0.0,0.0,0.0,0.0,0.0,0.0,0.0,0.0,0.0,0.0,0.0,0.0,0.0,0.0,0.0,0.0,0.0,0.0,0.0,0.0,0.0,0.0,0.0,0.0,0.0,0.0,0,16,Thursday,4,1,0
2021-04-16,1900-01-01 20:24:00,PELHAM PARKWAY,Unknown,1,0,0,0,0,0,1,0,Unsafe Speed,Unspecified,4407894,Sedan,Sedan,Unknown,0.0,0.0,0.0,Unknown,Unknown,Unknown,Unknown,Unknown,Unknown,Unknown,Unknown,0.0,0.0,0.0,0.0,0.0,0.0,0.0,0.0,0.0,0.0,0.0,0.0,0.0,0.0,0.0,0.0,0.0,0.0,0.0,0.0,0.0,0.0,0.0,0.0,0.0,0.0,0.0,0.0,0.0,0.0,0.0,0.0,0.0,0.0,0.0,0.0,0.0,0.0,0.0,0.0,0.0,0.0,0.0,0.0,1,20,Friday,4,0,0
2021-04-16,1900-01-01 16:25:00,BROOKLYN QUEENS EXPRESSWAY,Unknown,0,0,0,0,0,0,0,0,Driver Inattention/Distraction,Unspecified,4408354,Box Truck,Station Wagon/Sport Utility Vehicle,Unknown,0.0,40.705246,-73.95908,"{'latitude': '40.705246', 'longitude': '-73.95908', 'human_address': '{""address"": """", ""city"": """", ""state"": """", ""zip"": """"}'}",Unknown,Unknown,Unknown,Unknown,Unknown,Unknown,Unknown,0.0,0.0,0.0,0.0,0.0,0.0,0.0,0.0,0.0,0.0,0.0,0.0,0.0,0.0,0.0,0.0,0.0,0.0,0.0,0.0,0.0,0.0,0.0,0.0,0.0,0.0,0.0,0.0,0.0,0.0,0.0,0.0,0.0,0.0,0.0,0.0,0.0,0.0,0.0,0.0,0.0,0.0,0.0,0.0,0,16,Friday,4,1,0
2021-04-15,1900-01-01 15:45:00,ULMER STREET,26 AVENUE,0,0,0,0,0,0,0,0,Following Too Closely,Driver Inexperience,4407911,Sedan,Station Wagon/Sport Utility Vehicle,QUEENS,11354.0,40.77451,-73.838036,"{'latitude': '40.77451', 'longitude': '-73.838036', 'human_address': '{""address"": """", ""city"": """", ""state"": """", ""zip"": """"}'}",Unspecified,Station Wagon/Sport Utility Vehicle,Unknown,Unknown,Unknown,Unknown,Unknown,0.0,0.0,0.0,0.0,0.0,0.0,0.0,0.0,0.0,0.0,0.0,0.0,0.0,0.0,0.0,0.0,0.0,0.0,0.0,0.0,0.0,0.0,0.0,0.0,0.0,0.0,0.0,0.0,0.0,0.0,0.0,0.0,0.0,0.0,0.0,0.0,0.0,0.0,0.0,0.0,0.0,0.0,0.0,0.0,0,15,Thursday,4,0,0
2021-09-09,1900-01-01 16:45:00,Unknown,Unknown,1,0,1,0,0,0,0,0,Driver Inattention/Distraction,Unknown,4456516,Sedan,Unknown,MANHATTAN,10021.0,40.768482,-73.95255,"{'latitude': '40.768482', 'longitude': '-73.95255', 'human_address': '{""address"": """", ""city"": """", ""state"": """", ""zip"": """"}'}",Unknown,Unknown,1400      YORK AVENUE,Unknown,Unknown,Unknown,Unknown,0.0,0.0,0.0,0.0,0.0,0.0,0.0,0.0,0.0,0.0,0.0,0.0,0.0,0.0,0.0,0.0,0.0,0.0,0.0,0.0,0.0,0.0,0.0,0.0,0.0,0.0,0.0,0.0,0.0,0.0,0.0,0.0,0.0,0.0,0.0,0.0,0.0,0.0,0.0,0.0,0.0,0.0,0.0,0.0,1,16,Thursday,9,1,0
2021-04-08,1900-01-01 13:25:00,Unknown,Unknown,0,0,0,0,0,0,0,0,Driver Inattention/Distraction,Unspecified,4407839,Pick-up Truck,Sedan,MANHATTAN,10029.0,40.797405,-73.942535,"{'latitude': '40.797405', 'longitude': '-73.942535', 'human_address': '{""address"": """", ""city"": """", ""state"": """", ""zip"": """"}'}",Unknown,Unknown,1844      LEXINGTON AVENUE,Unknown,Unknown,Unknown,Unknown,0.0,0.0,0.0,0.0,0.0,0.0,0.0,0.0,0.0,0.0,0.0,0.0,0.0,0.0,0.0,0.0,0.0,0.0,0.0,0.0,0.0,0.0,0.0,0.0,0.0,0.0,0.0,0.0,0.0,0.0,0.0,0.0,0.0,0.0,0.0,0.0,0.0,0.0,0.0,0.0,0.0,0.0,0.0,0.0,0,13,Thursday,4,0,0
2021-04-01,1900-01-01 15:10:00,Unknown,Unknown,0,0,0,0,0,0,0,0,Driver Inattention/Distraction,Unspecified,4408084,Sedan,Bike,MANHATTAN,10016.0,40.74058,-73.978935,"{'latitude': '40.74058', 'longitude': '-73.978935', 'human_address': '{""address"": """", ""city"": """", ""state"": """", ""zip"": """"}'}",Unknown,Unknown,484       2 AVENUE,Unknown,Unknown,Unknown,Unknown,0.0,0.0,0.0,0.0,0.0,0.0,0.0,0.0,0.0,0.0,0.0,0.0,0.0,0.0,0.0,0.0,0.0,0.0,0.0,0.0,0.0,0.0,0.0,0.0,0.0,0.0,0.0,0.0,0.0,0.0,0.0,0.0,0.0,0.0,0.0,0.0,0.0,0.0,0.0,0.0,0.0,0.0,0.0,0.0,0,15,Thursday,4,0,0