crash_date,crash_time,on_street_name,off_street_name,number_of_persons_injured,number_of_persons_killed,number_of_pedestrians_injured,number_of_pedestrians_killed,number_of_cyclist_injured,number_of_cyclist_killed,number_of_motorist_injured,number_of_motorist_killed,contributing_factor_vehicle_1,contributing_factor_vehicle_2,collision_id,vehicle_type_code1,vehicle_type_code2,borough,zip_code,latitude,longitude,location,contributing_factor_vehicle_3,vehicle_type_code_3,cross_street_name,contributing_factor_vehicle_4,vehicle_type_code_4,contributing_factor_vehicle_5,vehicle_type_code_5,unique_id,crash_date_veh,crash_time_veh,vehicle_id,state_registration,vehicle_type,contributing_factor_1,vehicle_make,vehicle_year,travel_direction,vehicle_occupants,driver_sex,driver_license_status,driver_license_jurisdiction,pre_crash,point_of_impact,vehicle_damage,public_property_damage,contributing_factor_2,vehicle_damage_1,vehicle_damage_2,vehicle_damage_3,vehicle_model,public_property_damage_type,unique_id_pers,crash_date_pers,crash_time_pers,person_id,person_type,person_injury,vehicle_id_pers,ped_role,person_sex,person_age,ejection,emotional_status,bodily_injury,position_in_vehicle,safety_equipment,complaint,ped_location,ped_action,contributing_factor_1_pers,contributing_factor_2_pers,injury_occurred,crash_hour,day_of_week,month,rush_hour,is_weekend
2021-04-14,1900-01-01 12:12:00,Unknown,Unknown,1,0,0,0,0,0,1,0,Unspecified,Unknown,4407510,Sedan,Sedan,BRONX,10459.0,40.829723,-73.8981,"{'latitude': '40.829723', 'longitude': '-73.8981', 'human_address': '{""address"": """", ""city"": """", ""state"": """", ""zip"": """"}'}",Unknown,Unknown,823       EAST 169 STREET,Unknown,Unknown,Unknown,Unknown,0.0,0.0,0.0,0.0,0.0,0.0,0.0,0.0,0.0,0.0,0.0,0.0,0.0,0.0,0.0,0.0,0.0,0.0,0.0,0.0,0.0,0.0,0.0,0.0,0.0,0.0,0.0,0.0,0.0,0.0,0.0,0.0,0.0,0.0,0.0,0.0,0.0,0.0,0.0,0.0,0.0,0.0,0.0,0.0,1,12,Wednesday,4,0,0
2021-04-05,1900-01-01 09:15:00,PARSONS BOULEVARD,59 AVENUE,1,0,1,0,0,0,0,0,Backing Unsafely,Unknown,4407992,Sedan,Unknown,QUEENS,11365.0,40.7406,-73.81025,"{'latitude': '40.7406', 'longitude': '-73.81025', 'human_address': '{""address"": """", ""city"": """", ""state"": """", ""zip"": """"}'}",Unknown,Unknown,Unknown,Unknown,Unknown,Unknown,Unknown,0.0,0.0,0.0,0.0,0.0,0.0,0.0,0.0,0.0,0.0,0.0,0.0,0.0,0.0,0.0,0.0,0.0,0.0,0.0,0.0,0.0,0.0,0.0,0.0,0.0,0.0,0.0,0.0,0.0,0.0,0.0,0.0,0.0,0.0,0.0,0.0,0.0,0.0,0.0,0.0,0.0,0.0,0.0,0.0,1,9,Monday,4,1,0
2021-04-16,1900-01-01 16:20:00,Unknown,Unknown,0,0,0,0,0,0,0,0,Backing Unsafely,Unspecified,4408252,Sedan,Unknown,QUEENS,11385.0,40.71363,-73.917885,"{'latitude': '40.71363', 'longitude': '-73.917885', 'human_address': '{""address"": """", ""city"": """", ""state"": """", ""zip"": """"}'}",Unknown,Unknown,49-29     METROPOLITAN AVENUE,Unknown,Unknown,Unknown,Unknown,0.0,0.0,0.0,0.0,0.0,0.0,0.0,0.0,0.0,0.0,0.0,0.0,0.0,0.0,0.0,0.0,0.0,0.0,0.0,0.0,0.0,0.0,0.0,0.0,0.0,0.0,0.0,0.0,0.0,0.0,0.0,0.0,0.0,0.0,0.0,0.0,0.0,0.0,0.0,0.0,0.0,0.0,0.0,0.0,0,16,Friday,4,1,0
2021-04-15,1900-01-01 09:00:00,CATON AVENUE,EAST 7 STREET,1,0,0,0,0,0,1,0,Unspecified,Unspecified,4408221,Sedan,Sedan,BROOKLYN,11218.0,40.647594,-73.97351,"{'latitude': '40.647594', 'longitude': '-73.97351', 'human_address': '{""address"": """", ""city"": """", ""state"": """", ""zip"": """"}'}",Unknown,Unknown,Unknown,Unknown,Unknown,Unknown,Unknown,0.0,0.0,0.0,0.0,0.0,0.0,0.0,0.0,0.0,0.0,0.0,0.0,0.0,0.0,0.0,0.0,0.0,0.0,0.0,0.0,0.0,0.0,0.0,0.0,0.0,0.0,0.0,0.0,0.0,0.0,0.0,0.0,0.0,0.0,0.0,0.0,0.0,0.0,0.0,0.0,0.0,0.0,0.0,0.0,1,9,Thursday,4,1,0
2021-08-28,1900-01-01 18:00:00,8 AVENUE,Unknown,0,0,0,0,0,0,0,0,Unspecified,Unknown,4456756,Station Wagon/Sport Utility Vehicle,Unknown,Unknown,0.0,40.760403,-73.98748,"{'latitude': '40.760403', 'longitude': '-73.98748', 'human_address': '{""address"": """", ""city"": """", ""state"": """", ""zip"": """"}'}",Unknown,Unknown,Unknown,Unknown,Unknown,Unknown,Unknown,0.0,0.0,0.0,0.0,0.0,0.0,0.0,0.0,0.0,0.0,0.0,0.0,0.0,0.0,0.0,0.0,0.0,0.0,0.0,0.0,0.0,0.0,0.0,0.0,0.0,0.0,0.0,0.0,0.0,0.0,0.0,0.0,0.0,0.0,0.0,0.0,0.0,0.0,0.0,0.0,0.0,0.0,0.0,0.0,0,18,Saturday,8,1,1
2021-04-10,1900-01-01 11:15:00,FORSYTH STREET,DELANCEY STREET,1,0,1,0,0,0,0,0,Driver Inattention/Distraction,Unknown,4408030,Station Wagon/Sport Utility Vehicle,Unknown,MANHATTAN,10002.0,40.71975,-73.992165,"{'latitude': '40.71975', 'longitude': '-73.992165', 'human_address': '{""address"": """", ""city"": """", ""state"": """", ""zip"": """"}'}",Unknown,Unknown,Unknown,Unknown,Unknown,Unknown,Unknown,0.0,0.0,0.0,0.0,0.0,0.0,0.0,0.0,0.0,0.0,0.0,0.0,0.0,0.0,0.0,0.0,0.0,0.0,0.0,0.0,0.0,0.0,0.0,0.0,0.0,0.0,0.0,0.0,0.0,0.0,0.0,0.0,0.0,0.0,0.0,0.0,0.0,0.0,0.0,0.0,0.0,0.0,0.0,0.0,1,11,Saturday,4,0,1
2021-04-13,1900-01-01 13:40:00,UNIVERSITY AVENUE,Unknown,0,0,0,0,0,0,0,0,Unspecified,Unknown,4407787,Bus,Bus,Unknown,0.0,40.834503,-73.93037,"{'latitude': '40.834503', 'longitude': '-73.93037', 'human_address': '{""address"": """", ""city"": """", ""state"": """", ""zip"": """"}'}",Unknown,Unknown,Unknown,Unknown,Unknown,Unknown,Unknown,0.0,0.0,0.0,0.0,0.0,0.0,0.0,0.0,0.0,0.0,0.0,0.0,0.0,0.0,0.0,0.0,0.0,0.0,0.0,0.0,0.0,0.0,0.0,0.0,0.0,0.0,0.0,0.0,0.0,0.0,0.0,0.0,0.0,0.0,0.0,0.0,0.0,0.0,0.0,0.0,0.0,0.0,0.0,0.0,0,13,Tuesday,4,0,0
2021-04-15,1900-01-01 15:34:00,Unknown,Unknown,1,0,1,0,0,0,0,0,Failure to Yield Right-of-Way,Unknown,4407646,Sedan,Unknown,STATEN ISLAND,10304.0,40.63115,-74.076454,"{'latitude': '40.63115', 'longitude': '-74.076454', 'human_address': '{""address"": """", ""city"": """", ""state"": """", ""zip"": """"}'}",Unknown,Unknown,450       BAY STREET,Unknown,Unknown,Unknown,Unknown,0.0,0.0,0.0,0.0,0.0,0.0,0.0,0.0,0.0,0.0,0.0,0.0,0.0,0.0,0.0,0.0,0.0,0.0,0.0,0.0,0.0,0.0,0.0,0.0,0.0,0.0,0.0,0.0,0.0,0.0,0.0,0.0,0.0,0.0,0.0,0.0,0.0,0.0,0.0,0.0,0.0,0.0,0.0,0.0,1,15,Thursday,4,0,0
2021-04-10,1900-01-01 08:50:00,EAST 167 STREET,Unknown,0,0,0,0,0,0,0,0,Following Too Closely,Unspecified,4408195,Pick-up Truck,Sedan,Unknown,0.0,40.835724,-73.92129,"{'latitude': '40.835724', 'longitude': '-73.92129', 'human_address': '{""address"": """", ""city"": """", ""state"": """", ""zip"": """"}'}",Unknown,Unknown,Unknown,Unknown,Unknown,Unknown,Unknown,0.0,0.0,0.0,0.0,0.0,0.0,0.0,0.0,0.0,0.0,0.0,0.0,0.0,0.0,0.0,0.0,0.0,0.0,0.0,0.0,0.0,0.0,0.0,0.0,0.0,0.0,0.0,0.0,0.0,0.0,0.0,0.0,0.0,0.0,0.0,0.0,0.0,0.0,0.0,0.0,0.0,0.0,0.0,0.0,0,8,Saturday,4,1,1
2021-04-15,1900-01-01 12:15:00,Unknown,Unknown,0,0,0,0,0,0,0,0,Unspecified,Unspecified,4407571,Station Wagon/Sport Utility Vehicle,Sedan,STATEN ISLAND,10310.0,40.6354,-74.106674,"{'latitude': '40.6354', 'longitude': '-74.106674', 'human_address': '{""address"": """", ""city"": """", ""state"": """", ""zip"": """"}'}",Unknown,Unknown,355       BARD AVENUE,Unknown,Unknown,Unknown,Unknown,0.0,0.0,0.0,0.0,0.0,0.0,0.0,0.0,0.0,0.0,0.0,0.0,0.0,0.0,0.0,0.0,0.0,0.0,0.0,0.0,0.0,0.0,0.0,0.0,0.0,0.0,0.0,0.0,0.0,0.0,0.0,0.0,0.0,0.0,0.0,0.0,0.0,0.0,0.0,0.0,0.0,0.0,0.0,0.0,0,12,Thursday,4,0,0
2021-04-07,1900-01-01 14:30:00,Unknown,Unknown,0,0,0,0,0,0,0,0,Driver Inattention/Distraction,Unspecified,4407908,Station Wagon/Sport Utility Vehicle,Sedan,QUEENS,11356.0,40.781647,-73.833664,"{'latitude': '40.781647', 'longitude': '-73.833664', 'human_address': '{""address"": """", ""city"": """", ""state"": """", ""zip"": """"}'}",Unknown,Unknown,135-02    20 AVENUE,Unknown,Unknown,Unknown,Unknown,0.0,0.0,0.0,0.0,0.0,0.0,0.0,0.0,0.0,0.0,0.0,0.0,0.0,0.0,0.0,0.0,0.0,0.0,0.0,0.0,0.0,0.0,0.0,0.0,0.0,0.0,0.0,0.0,0.0,0.0,0.0,0.0,0.0,0.0,0.0,0.0,0.0,0.0,0.0,0.0,0.0,0.0,0.0,0.0,0,14,Wednesday,4,0,0
2021-04-14,1900-01-01 05:39:00,Unknown,Unknown,3,0,0,0,0,0,3,0,Driver Inattention/Distraction,Unspecified,4407427,Sedan,Sedan,BROOKLYN,11217.0,40.68837,-73.98056,"{'latitude': '40.68837', 'longitude': '-73.98056', 'human_address': '{""address"": """", ""city"": """", ""state"": """", ""zip"": """"}'}",Unspecified,Sedan,9         FLATBUSH AVENUE,Unknown,Unknown,Unknown,Unknown,0.0,0.0,0.0,0.0,0.0,0.0,0.0,0.0,0.0,0.0,0.0,0.0,0.0,0.0,0.0,0.0,0.0,0.0,0.0,0.0,0.0,0.0,0.0,0.0,0.0,0.0,0.0,0.0,0.0,0.0,0.0,0.0,0.0,0.0,0.0,0.0,0.0,0.0,0.0,0.0,0.0,0.0,0.0,0.0,1,5,Wednesday,4,0,0
2021-04-16,1900-01-01 22:00:00,MADISON AVENUE,EAST 101 STREET,0,0,0,0,0,0,0,0,Other Vehicular,Turning Improperly,4408409,Station Wagon/Sport Utility Vehicle,Van,MANHATTAN,10029.0,40.790417,-73.95184,"{'latitude': '40.790417', 'longitude': '-73.95184', 'human_address': '{""address"": """", ""city"": """", ""state"": """", ""zip"": """"}'}",Unknown,Unknown,Unknown,Unknown,Unknown,Unknown,Unknown,0.0,0.0,0.0,0.0,0.0,0.0,0.0,0.0,0.0,0.0,0.0,0.0,0.0,0.0,0.0,0.0,0.0,0.0,0.0,0.0,0.0,0.0,0.0,0.0,0.0,0.0,0.0,0.0,0.0,0.0,0.0,0.0,0.0,0.0,0.0,0.0,0.0,0.0,0.0,0.0,0.0,0.0,0.0,0.0,0,22,Friday,4,0,0
2021-04-15,1900-01-01 20:00:00,REMSEN AVENUE,DITMAS AVENUE,0,0,0,0,0,0,0,0,Driver Inattention/Distraction,Unspecified,4408121,Sedan,Sedan,BROOKLYN,11236.0,40.6481,-73.91474,"{'latitude': '40.6481', 'longitude': '-73.91474', 'human_address': '{""address"": """", ""city"": """", ""state"": """", ""zip"": """"}'}",Unknown,Unknown,Unknown,Unknown,Unknown,Unknown,Unknown,0.0,0.0,0.0,0.0,0.0,0.0,0.0,0.0,0.0,0.0,0.0,0.0,0.0,0.0,0.0,0.0,0.0,0.0,0.0,0.0,0.0,0.0,0.0,0.0,0.0,0.0,0.0,0.0,0.0,0.0,0.0,0.0,0.0,0.0,0.0,0.0,0.0,0.0,0.0,0.0,0.0,0.0,0.0,0.0,0,20,Thursday,4,0,0
2021-04-16,1900-01-01 14:00:00,Unknown,Unknown,0,0,0,0,0,0,0,0,Driver Inattention/Distraction,Unspecified,4407954,Sedan,Sedan,QUEENS,11423.0,40.71275,-73.7673,"{'latitude': '40.71275', 'longitude': '-73.7673', 'human_address': '{""address"": """", ""city"": """", ""state"": """", ""zip"": """"}'}",Unknown,Unknown,91-48     193 STREET,Unknown,Unknown,Unknown,Unknown,0.0,0.0,0.0,0.0,0.0,0.0,0.0,0.0,0.0,0.0,0.0,0.0,0.0,0.0,0.0,0.0,0.0,0.0,0.0,0.0,0.0,0.0,0.0,0.0,0.0,0.0,0.0,0.0,0.0,0.0,0.0,0.0,0.0,0.0,0.0,0.0,0.0,0.0,0.0,0.0,0.0,0.0,0.0,0.0,0,14,Friday,4,0,0
2021-04-14,1900-01-01 08:45:00,BELT PARKWAY,Unknown,0,0,0,0,0,0,0,0,Traffic Control Disregarded,Unknown,4407755,Box Truck,Unknown,Unknown,0.0,40.60069,-74.010056,"{'latitude': '40.60069', 'longitude': '-74.010056', 'human_address': '{""address"": """", ""city"": """", ""state"": """", ""zip"": """"}'}",Unknown,Unknown,Unknown,Unknown,Unknown,Unknown,Unknown,0.0,0.0,0.0,0.0,0.0,0.0,0.0,0.0,0.0,0.0,0.0,0.0,0.0,0.0,0.0,0.0,0.0,0.0,0.0,0.0,0.0,0.0,0.0,0.0,0.0,0.0,0.0,0.0,0.0,0.0,0.0,0.0,0.0,0.0,0.0,0.0,0.0,0.0,0.0,0.0,0.0,0.0,0.0,0.0,0,8,Wednesday,4,1,0
2021-04-14,1900-01-01 17:00:00,Unknown,Unknown,0,0,0,0,0,0,0,0,Driver Inattention/Distraction,Unspecified,4407438,Sedan,Unknown,QUEENS,11368.0,40.738068,-73.861046,"{'latitude': '40.738068', 'longitude': '-73.861046', 'human_address': '{""address"": """", ""city"": """", ""state"": """", ""zip"": """"}'}",Unknown,Unknown,98-32     57 AVENUE,Unknown,Unknown,Unknown,Unknown,0.0,0.0,0.0,0.0,0.0,0.0,0.0,0.0,0.0,0.0,0.0,0.0,0.0,0.0,0.0,0.0,0.0,0.0,0.0,0.0,0.0,0.0,0.0,0.0,0.0,0.0,0.0,0.0,0.0,0.0,0.0,0.0,0.0,0.0,0.0,0.0,0.0,0.0,0.0,0.0,0.0,0.0,0.0,0.0,0,17,Wednesday,4,1,0
2021-04-15,1900-01-01 23:09:00,LEFFERTS BOULEVARD,111 AVENUE,0,0,0,0,0,0,0,0,Passing Too Closely,Unspecified,4408419,Sedan,Sedan,QUEENS,11420.0,40.680496,-73.821365,"{'latitude': '40.680496', 'longitude': '-73.821365', 'human_address': '{""address"": """", ""city"": """", ""state"": """", ""zip"": """"}'}",Unknown,Unknown,Unknown,Unknown,Unknown,Unknown,Unknown,0.0,0.0,0.0,0.0,0.0,0.0,0.0,0.0,0.0,0.0,0.0,0.0,0.0,0.0,0.0,0.0,0.0,0.0,0.0,0.0,0.0,0.0,0.0,0.0,0.0,0.0,0.0,0.0,0.0,0.0,0.0,0.0,0.0,0.0,0.0,0.0,0.0,0.0,0.0,0.0,0.0,0.0,0.0,0.0,0,23,Thursday,4,0,0
2021-04-16,1900-01-01 15:32:00,Unknown,Unknown,0,0,0,0,0,0,0,0,Failure to Yield Right-of-Way,Unspecified,4408036,Station Wagon/Sport Utility Vehicle,Unknown,BROOKLYN,11210.0,40.61924,-73.954124,"{'latitude': '40.61924', 'longitude': '-73.954124', 'human_address': '{""address"": """", ""city"": """", ""state"": """", ""zip"": """"}'}",Unknown,Unknown,1406      EAST 21 STREET,Unknown,Unknown,Unknown,Unknown,0.0,0.0,0.0,0.0,0.0,0.0,0.0,0.0,0.0,0.0,0.0,0.0,0.0,0.0,0.0,0.0,0.0,0.0,0.0,0.0,0.0,0.0,0.0,0.0,0.0,0.0,0.0,0.0,0.0,0.0,0.0,0.0,0.0,0.0,0.0,0.0,0.0,0.0,0.0,0.0,0.0,0.0,0.0,0.0,0,15,Friday,4,0,0
2021-04-16,1900-01-01 22:45:00,80 STREET,COLONIAL ROAD,0,0,0,0,0,0,0,0,Unspecified,Unknown,4407871,Sedan,Unknown,BROOKLYN,11209.0,40.629105,-74.034645,"{'latitude': '40.629105', 'longitude': '-74.034645', 'human_address': '{""address"": """", ""city"": """", ""state"": """", ""zip"": """"}'}",Unknown,Unknown,Unknown,Unknown,Unknown,Unknown,Unknown,0.0,0.0,0.0,0.0,0.0,0.0,0.0,0.0,0.0,0.0,0.0,0.0,0.0,0.0,0.0,0.0,0.0,0.0,0.0,0.0,0.0,0.0,0.0,0.0,0.0,0.0,0.0,0.0,0.0,0.0,0.0,0.0,0.0,0.0,0.0,0.0,0.0,0.0,0.0,0.0,0.0,0.0,0.0,0.0,0,22,Friday,4,0,0
2021-04-14,1900-01-01 11:40:00,KNICKERBOCKER AVENUE,HIMROD STREET,0,0,0,0,0,0,0,0,Passing Too Closely,Unspecified,4407551,Sedan,Unknown,BROOKLYN,11237.0,40.699818,-73.920135,"{'latitude': '40.699818', 'longitude': '-73.920135', 'human_address': '{""address"": """", ""city"": """", ""state"": """", ""zip"": """"}'}",Unknown,Unknown,Unknown,Unknown,Unknown,Unknown,Unknown,0.0,0.0,0.0,0.0,0.0,0.0,0.0,0.0,0.0,0.0,0.0,0.0,0.0,0.0,0.0,0.0,0.0,0.0,0.0,0.0,0.0,0.0,0.0,0.0,0.0,0.0,0.0,0.0,0.0,0.0,0.0,0.0,0.0,0.0,0.0,0.0,0.0,0.0,0.0,0.0,0.0,0.0,0.0,0.0,0,11,Wednesday,4,0,0
2021-04-14,1900-01-01 14:15:00,CLEARVIEW EXPRESSWAY,26 AVENUE,1,0,0,0,0,0,1,0,Driver Inattention/Distraction,Unspecified,4407481,Sedan,Sedan,Unknown,0.0,0.0,0.0,Unknown,Unknown,Unknown,Unknown,Unknown,Unknown,Unknown,Unknown,0.0,0.0,0.0,0.0,0.0,0.0,0.0,0.0,0.0,0.0,0.0,0.0,0.0,0.0,0.0,0.0,0.0,0.0,0.0,0.0,0.0,0.0,0.0,0.0,0.0,0.0,0.0,0.0,0.0,0.0,0.0,0.0,0.0,0.0,0.0,0.0,0.0,0.0,0.0,0.0,0.0,0.0,0.0,0.0,1,14,Wednesday,4,0,0
2021-04-14,1900-01-01 10:10:00,MURDOCK AVENUE,FARMERS BOULEVARD,1,0,0,0,0,0,1,0,Driver Inattention/Distraction,Unspecified,4407341,Sedan,Sedan,QUEENS,11412.0,40.69802,-73.7623,"{'latitude': '40.69802', 'longitude': '-73.7623', 'human_address': '{""address"": """", ""city"": """", ""state"": """", ""zip"": """"}'}",Unknown,Unknown,Unknown,Unknown,Unknown,Unknown,Unknown,0.0,0.0,0.0,0.0,0.0,0.0,0.0,0.0,0.0,0.0,0.0,0.0,0.0,0.0,0.0,0.0,0.0,0.0,0.0,0.0,0.0,0.0,0.0,0.0,0.0,0.0,0.0,0.0,0.0,0.0,0.0,0.0,0.0,0.0,0.0,0.0,0.0,0.0,0.0,0.0,0.0,0.0,0.0,0.0,1,10,Wednesday,4,0,0
2021-04-10,1900-01-01 00:00:00,WEST 64 STREET,Unknown,0,0,0,0,0,0,0,0,Passing or Lane Usage Improper,Unspecified,4407974,Sedan,Unknown,Unknown,0.0,0.0,0.0,Unknown,Unknown,Unknown,Unknown,Unknown,Unknown,Unknown,Unknown,0.0,0.0,0.0,0.0,0.0,0.0,0.0,0.0,0.0,0.0,0.0,0.0,0.0,0.0,0.0,0.0,0.0,0.0,0.0,0.0,0.0,0.0,0.0,0.0,0.0,0.0,0.0,0.0,0.0,0.0,0.0,0.0,0.0,0.0,0.0,0.0,0.0,0.0,0.0,0.0,0.0,0.0,0.0,0.0,0,0,Saturday,4,0,1
2021-04-15,1900-01-01 20:00:00,GREENFIELD AVENUE,OSGOOD AVENUE,0,0,0,0,0,0,0,0,Unspecified,Unknown,4408310,Sedan,Unknown,STATEN ISLAND,10304.0,0.0,0.0,Unknown,Unknown,Unknown,Unknown,Unknown,Unknown,Unknown,Unknown,0.0,0.0,0.0,0.0,0.0,0.0,0.0,0.0,0.0,0.0,0.0,0.0,0.0,0.0,0.0,0.0,0.0,0.0,0.0,0.0,0.0,0.0,0.0,0.0,0.0,0.0,0.0,0.0,0.0,0.0,0.0,0.0,0.0,0.0,0.0,0.0,0.0,0.0,0.0,0.0,0.0,0.0,0.0,0.0,0,20,Thursday,4,0,0
2021-04-16,1900-01-01 12:30:00,OCEAN PARKWAY,AVENUE H,0,0,0,0,0,0,0,0,Unspecified,Unspecified,4408040,Station Wagon/Sport Utility Vehicle,Unknown,BROOKLYN,11230.0,40.62893,-73.971375,"{'latitude': '40.62893', 'longitude': '-73.971375', 'human_address': '{""address"": """", ""city"": """", ""state"": """", ""zip"": """"}'}",Unknown,Unknown,Unknown,Unknown,Unknown,Unknown,Unknown,0.0,0.0,0.0,0.0,0.0,0.0,0.0,0.0,0.0,0.0,0.0,0.0,0.0,0.0,0.0,0.0,0.0,0.0,0.0,0.0,0.0,0.0,0.0,0.0,0.0,0.0,0.0,0.0,0.0,0.0,0.0,0.0,0.0,0.0,0.0,0.0,0.0,0.0,0.0,0.0,0.0,0.0,0.0,0.0,0,12,Friday,4,0,0
2021-04-16,1900-01-01 16:15:00,Unknown,Unknown,0,0,0,0,0,0,0,0,Driver Inattention/Distraction,Unspecified,4408069,Taxi,Bus,MANHATTAN,10032.0,40.831177,-73.942085,"{'latitude': '40.831177', 'longitude': '-73.942085', 'human_address': '{""address"": """", ""city"": """", ""state"": """", ""zip"": """"}'}",Unknown,Unknown,460       WEST 155 STREET,Unknown,Unknown,Unknown,Unknown,0.0,0.0,0.0,0.0,0.0,0.0,0.0,0.0,0.0,0.0,0.0,0.0,0.0,0.0,0.0,0.0,0.0,0.0,0.0,0.0,0.0,0.0,0.0,0.0,0.0,0.0,0.0,0.0,0.0,0.0,0.0,0.0,0.0,0.0,0.0,0.0,0.0,0.0,0.0,0.0,0.0,0.0,0.0,0.0,0,16,Friday,4,1,0
2021-04-02,1900-01-01 18:00:00,BERGEN STREET,UTICA AVENUE,0,0,0,0,0,0,0,0,Passing or Lane Usage Improper,Unspecified,4408267,Pick-up Truck,Unknown,BROOKLYN,11213.0,40.675037,-73.930534,"{'latitude': '40.675037', 'longitude': '-73.930534', 'human_address': '{""address"": """", ""city"": """", ""state"": """", ""zip"": """"}'}",Unknown,Unknown,Unknown,Unknown,Unknown,Unknown,Unknown,0.0,0.0,0.0,0.0,0.0,0.0,0.0,0.0,0.0,0.0,0.0,0.0,0.0,0.0,0.0,0.0,0.0,0.0,0.0,0.0,0.0,0.0,0.0,0.0,0.0,0.0,0.0,0.0,0.0,0.0,0.0,0.0,0.0,0.0,0.0,0.0,0.0,0.0,0.0,0.0,0.0,0.0,0.0,0.0,0,18,Friday,4,1,0
2021-04-14,1900-01-01 19:01:00,Unknown,Unknown,0,0,0,0,0,0,0,0,Driver Inattention/Distraction,Unspecified,4407358,Station Wagon/Sport Utility Vehicle,Station Wagon/Sport Utility Vehicle,BROOKLYN,11226.0,40.64884,-73.95102,"{'latitude': '40.64884', 'longitude': '-73.95102', 'human_address': '{""address"": """", ""city"": """", ""state"": """", ""zip"": """"}'}",Unknown,Unknown,2820      SNYDER AVENUE,Unknown,Unknown,Unknown,Unknown,0.0,0.0,0.0,0.0,0.0,0.0,0.0,0.0,0.0,0.0,0.0,0.0,0.0,0.0,0.0,0.0,0.0,0.0,0.0,0.0,0.0,0.0,0.0,0.0,0.0,0.0,0.0,0.0,0.0,0.0,0.0,0.0,0.0,0.0,0.0,0.0,0.0,0.0,0.0,0.0,0.0,0.0,0.0,0.0,0,19,Wednesday,4,0,0
2021-09-11,1900-01-01 13:30:00,NORTHERN BOULEVARD,204 STREET,0,0,0,0,0,0,0,0,Driver Inattention/Distraction,Unspecified,4455876,Sedan,Sedan,QUEENS,11361.0,40.757725,-73.779274,"{'latitude': '40.757725', 'longitude': '-73.779274', 'human_address': '{""address"": """", ""city"": """", ""state"": """", ""zip"": """"}'}",Unknown,Unknown,Unknown,Unknown,Unknown,Unknown,Unknown,0.0,0.0,0.0,0.0,0.0,0.0,0.0,0.0,0.0,0.0,0.0,0.0,0.0,0.0,0.0,0.0,0.0,0.0,0.0,0.0,0.0,0.0,0.0,0.0,0.0,0.0,0.0,0.0,0.0,0.0,0.0,0.0,0.0,0.0,0.0,0.0,0.0,0.0,0.0,0.0,0.0,0.0,0.0,0.0,0,13,Saturday,9,0,1
2021-04-15,1900-01-01 10:13:00,Unknown,Unknown,0,0,0,0,0,0,0,0,Passing Too Closely,Unspecified,4407695,3-Door,Station Wagon/Sport Utility Vehicle,MANHATTAN,10021.0,40.766586,-73.9531,"{'latitude': '40.766586', 'longitude': '-73.9531', 'human_address': '{""address"": """", ""city"": """", ""state"": """", ""zip"": """"}'}",Unknown,Unknown,525       EAST 72 STREET,Unknown,Unknown,Unknown,Unknown,0.0,0.0,0.0,0.0,0.0,0.0,0.0,0.0,0.0,0.0,0.0,0.0,0.0,0.0,0.0,0.0,0.0,0.0,0.0,0.0,0.0,0.0,0.0,0.0,0.0,0.0,0.0,0.0,0.0,0.0,0.0,0.0,0.0,0.0,0.0,0.0,0.0,0.0,0.0,0.0,0.0,0.0,0.0,0.0,0,10,Thursday,4,0,0
2021-04-14,1900-01-01 09:40:00,BRUCKNER EXPRESSWAY,EAST TREMONT AVENUE,0,0,0,0,0,0,0,0,Unspecified,Unknown,4407265,Station Wagon/Sport Utility Vehicle,Unknown,BRONX,10465.0,40.833126,-73.828285,"{'latitude': '40.833126', 'longitude': '-73.828285', 'human_address': '{""address"": """", ""city"": """", ""state"": """", ""zip"": """"}'}",Unknown,Unknown,Unknown,Unknown,Unknown,Unknown,Unknown,0.0,0.0,0.0,0.0,0.0,0.0,0.0,0.0,0.0,0.0,0.0,0.0,0.0,0.0,0.0,0.0,0.0,0.0,0.0,0.0,0.0,0.0,0.0,0.0,0.0,0.0,0.0,0.0,0.0,0.0,0.0,0.0,0.0,0.0,0.0,0.0,0.0,0.0,0.0,0.0,0.0,0.0,0.0,0.0,0,9,Wednesday,4,1,0
2021-04-10,1900-01-01 22:06:00,Unknown,Unknown,4,0,0,0,0,0,4,0,Following Too Closely,Unspecified,4408300,Taxi,Station Wagon/Sport Utility Vehicle,BRONX,10452.0,40.834675,-73.930275,"{'latitude': '40.834675', 'longitude': '-73.930275', 'human_address': '{""address"": """", ""city"": """", ""state"": """", ""zip"": """"}'}",Unknown,Unknown,1055      UNIVERSITY AVENUE,Unknown,Unknown,Unknown,Unknown,0.0,0.0,0.0,0.0,0.0,0.0,0.0,0.0,0.0,0.0,0.0,0.0,0.0,0.0,0.0,0.0,0.0,0.0,0.0,0.0,0.0,0.0,0.0,0.0,0.0,0.0,0.0,0.0,0.0,0.0,0.0,0.0,0.0,0.0,0.0,0.0,0.0,0.0,0.0,0.0,0.0,0.0,0.0,0.0,1,22,Saturday,4,0,1